VBCSCompilerPreWarmer: watching VBCSCompiler (PID 4280)
VBCSCompilerPreWarmer: pre-warm launched (dotnet PID 46856)
VBCSCompiler prewarm took 33.54 ms
[Licensing::Module] Trying to connect to existing licensing client channel...
Built from '6000.6/staging' branch; Version is '6000.6.4f1 (12bfff696524) revision 1228799'; Using compiler version '194234433'; Build Type 'Release'
[Licensing::IpcConnector] Successfully connected to: "LicenseClient-rotte" at "2026-10-09T04:24:41.7586644Z"
OS: 'Windows 11  (10.0.26200) Professional' Language: 'ja' Physical Memory: 32692 MB
BatchMode: 0, IsHumanControllingUs: 1, StartBugReporterOnCrash: 1, Is64bit: 1
System  architecture: x64
Process architecture: x64
Date: 2026-10-09T04:24:41Z
[Licensing::Client] Code 10 while verifying Licensing Client signature (process Id: 20336, path: "C:/Program Files/Unity Hub/UnityLicensingClient_V1/Unity.Licensing.Client.exe")
[Licensing::Module] LicensingClient has failed validation; ignoring
[Licensing::Client] Handshaking with LicensingClient:
  Version:                 1.18.3+d7ffd15
  Session Id:              abf0ee4ac664486da57bae17b328a238
  Correlation Id:          6aa2fbb8486f85e040963a17f7e1c153
  External correlation Id: 7455578243005095879
  Machine Id:              eGCdOJ4iG0XjTeDXIkGXPvuYzgs=
[Licensing::Module] Successfully connected to LicensingClient on channel: "LicenseClient-rotte" (connect: 0.00s, validation: 0.00s, handshake: 0.05s)
[Licensing::IpcConnector] Successfully connected to: "LicenseClient-rotte-notifications" at "2026-10-09T04:24:41.8114656Z"
[Licensing::Client] Successfully updated the access token
[Licensing::Module] Successfully updated the access token ZF_yWHHTzW...
[Licensing::Client] Successfully resolved entitlement details
[Licensing::Module] License group:
  Id: 15669386463951-UnityPersXXXX
  Product: Unity Personal
  Type: Assigned
  Expiration: Unlimited
[Licensing::Client] Successfully updated license, isAsync: True, time: 0.00
[Licensing::Client] Successfully resolved entitlement details
[Licensing::Module] Licensing Background thread has ended after 0.06s

COMMAND LINE ARGUMENTS:
C:\Program Files\Unity\Hub\Editor\6000.6.4f1\Editor\Unity.exe
-projectpath
C:\Users\rotte\OneDrive\MS_After100Years\akira_un
-acceptSoftwareTermsForThisRunOnly
-useHub
-hubIPC
-cloudEnvironment
production
-licensingIpc
LicenseClient-rotte
-hubSessionId
7c028c2f-535e-436d-927e-b0d6063331e9
-accessToken
ZF_yWHHTzWd5BiRMfmz3xpko-YBZvkruzz9ISWlIvWs00ef
Successfully changed project path to: C:\Users\rotte\OneDrive\MS_After100Years\akira_un
C:/Users/rotte/OneDrive/MS_After100Years/akira_un
[UnityMemory] Configuration Parameters - Can be set up in boot.config
    "memorysetup-temp-allocator-size-gi-baking-worker=262144"
    "memorysetup-temp-allocator-size-gi-baking-worker=262144"
    "memorysetup-temp-allocator-size-gi-baking-worker=262144"
    "memorysetup-temp-allocator-size-gi-baking-worker=262144"
    "memorysetup-temp-allocator-size-gi-baking-worker=262144"
    "memorysetup-temp-allocator-size-nav-mesh-worker=65536"
    "memorysetup-temp-allocator-size-audio-worker=65536"
    "memorysetup-temp-allocator-size-cloud-worker=32768"
    "memorysetup-temp-allocator-size-gfx=262144"
    "memorysetup-remapper-allocator-initial-capacity=32768"
    "memorysetup-temp-allocator-size-preload-manager=33554432"
    "memorysetup-allocator-temp-initial-block-size-main=262144"
    "memorysetup-allocator-temp-initial-block-size-worker=262144"
    "memorysetup-temp-allocator-size-job-worker=262144"
    "memorysetup-temp-allocator-size-background-worker=32768"
    "memorysetup-bucket-allocator-granularity=16"
    "memorysetup-bucket-allocator-bucket-count=8"
    "memorysetup-bucket-allocator-block-size=33554432"
    "memorysetup-bucket-allocator-block-count=8"
    "memorysetup-main-allocator-block-size=16777216"
    "memorysetup-thread-allocator-block-size=16777216"
    "memorysetup-main-allocator-mimalloc-enabled=1"
    "memorysetup-gfx-main-allocator-block-size=16777216"
    "memorysetup-gfx-thread-allocator-block-size=16777216"
    "memorysetup-cache-allocator-block-size=4194304"
    "memorysetup-typetree-allocator-block-size=2097152"
    "memorysetup-profiler-bucket-allocator-granularity=16"
    "memorysetup-profiler-bucket-allocator-bucket-count=8"
    "memorysetup-profiler-bucket-allocator-block-size=33554432"
    "memorysetup-profiler-bucket-allocator-block-count=8"
    "memorysetup-profiler-allocator-block-size=16777216"
    "memorysetup-profiler-editor-allocator-block-size=1048576"
    "memorysetup-temp-allocator-size-main=16777216"
    "memorysetup-job-temp-allocator-block-size=2097152"
    "memorysetup-job-temp-allocator-block-size-background=1048576"
    "memorysetup-job-temp-allocator-reduction-small-platforms=262144"
Player connection [45544]  Target information:

Player connection [45544]  * "[IP] 192.168.1.11 [Port] 55504 [Flags] 2 [Guid] 3713145140 [EditorId] 3713145140 [Version] 1048832 [Id] WindowsEditor(7,kawakamitakumi) [Debug] 1 [PackageName] WindowsEditor [ProjectName] Editor" 

Player connection [45544] Host joined multi-casting on [225.0.0.222:54997]...
Player connection [45544] Host joined alternative multi-casting on [225.0.0.222:34997]...
Input System module state changed to: Initialized.
[Physics::Module] Initialized fallback backend.
[Physics::Module] Id: 0xdecafbad
[Package Manager] Connected to IPC stream "Upm-28456" after 0.4 seconds.
[Licensing::Client] Successfully resolved entitlement details
Library Redirect Path: Library/
Initialising UDS system complete:
  - System type: Client
  - Resource namespace: 65358f50154017fbe9349e3d78f5f218
  - Shared memory size: 1073741824
  - Command buffer id: 1052576
  - Command buffer size: 8192
  - Hashmap size: 4194304
  - Service connected: false
Launching Unity Data Store - C:/Program Files/Unity/Hub/Editor/6000.6.4f1/Editor/Data/Tools/Unity.DataStore.exe 
Unity Data Store artifact dir = Library/DataStore, working dir = C:/Users/rotte/OneDrive/MS_After100Years/akira_unUnity Data Store running and initialised
[Physics::Module] Selected backend (deferred post-plugins).
[Physics::Module] Name: PhysX
[Physics::Module] Id: 0xf2b8ea05
[Physics::Module] SDK Version: 4.1.2
[Physics::Module] Integration Version: 1.0.0
[Physics::Module] Threading Mode: Multi-Threaded
Initialize engine version: 6000.6.4f1 (12bfff696524)
[EntityIdStore] init: VM path (explicit commit), pageSize=4096, blockCount=1048576, entitiesPerBlock=256, slots reserved=4294967296 bytes
[Subsystems] Discovering subsystems at path C:/Program Files/Unity/Hub/Editor/6000.6.4f1/Editor/Data/Resources/UnitySubsystems
[Subsystems] Discovering subsystems at path C:/Users/rotte/OneDrive/MS_After100Years/akira_un/Assets
GfxDevice: creating device client; kGfxThreadingModeThreaded
Direct3D:
    Version:  Direct3D 11.0 [level 11.1]
    Renderer: NVIDIA GeForce RTX 3060 Ti (ID=0x24c9)
    Vendor:   NVIDIA
    VRAM:     8024 MB
    Driver:   32.0.15.9186
Shader 'Hidden/Universal/HDRDebugView': fallback shader 'Hidden/Core/FallbackError' not found
Shader 'Hidden/Universal Render Pipeline/FallbackError': fallback shader 'Hidden/Core/FallbackError' not found
Initialize mono
Mono path[0] = 'C:/Program Files/Unity/Hub/Editor/6000.6.4f1/Editor/Data/Managed'
Mono path[1] = 'C:/Program Files/Unity/Hub/Editor/6000.6.4f1/Editor/Data/BCLExtensions/runtime/netstandard2.1'
Mono path[2] = 'C:/Program Files/Unity/Hub/Editor/6000.6.4f1/Editor/Data/MonoBleedingEdge/lib/mono/unityjit-win32'
Mono config path = 'C:/Program Files/Unity/Hub/Editor/6000.6.4f1/Editor/Data/MonoBleedingEdge/etc'
Using monoOptions --debugger-agent=transport=dt_socket,embedding=1,server=y,suspend=n,address=127.0.0.1:56456
CodeReloadManager initialized
ImportWorker Server TCP listen port: 0
AcceleratorClientConnectionCallback - disconnected - :0
Begin MonoManager ReloadAssembly
Registering precompiled unity dll's ...
Register platform support module: C:/Program Files/Unity/Hub/Editor/6000.6.4f1/Editor/Data/PlaybackEngines/WindowsStandaloneSupport/UnityEditor.WindowsStandalone.Extensions.dll
Registered in 0.004640 seconds.
Native extension for WindowsStandalone target not found
Package Manager log level set to [2]
ScheduleIndexationOnStartup MainProcess:False IndexOnStartup:True
Scripting: successfully reloaded assembly
- Finished resetting the current domain, in  0.859 seconds
Domain Reload Profiling: 1610ms
	BeginReloadAssembly (202ms)
		CreateAndSetChildDomain (8ms)
	RebuildCommonClasses (7ms)
	RebuildNativeTypeToScriptingClass (21ms)
	initialDomainReloadingComplete (122ms)
	LoadAllAssembliesAndSetupDomain (398ms)
		LoadAssemblies (186ms)
		TypeCache.Refresh (273ms)
			TypeCache.ScanAssembly (253ms)
		AnalyzeDomain (1ms)
	FinalizeReload (860ms)
		SetupLoadedEditorAssemblies (0ms)
			BeforeProcessingInitializeOnLoad (124ms)
			ProcessInitializeOnLoadAttributes (121ms)
			ProcessInitializeOnLoadMethodAttributes (341ms)
[Licensing::Client] Successfully resolved entitlement details
Application.AssetDatabase Initial Refresh Start
[Package Manager] Restoring resolved packages state from cache
[Licensing::Client] Successfully resolved entitlement details
[Package Manager] Registered 59 packages:
  Packages from [https://packages.unity.com]:
    com.unity.ai.navigation@2.0.14 (location: C:\Users\rotte\OneDrive\MS_After100Years\akira_un\Library\PackageCache\com.unity.ai.navigation@134dd6a3b97b)
    com.unity.collab-proxy@2.13.6 (location: C:\Users\rotte\OneDrive\MS_After100Years\akira_un\Library\PackageCache\com.unity.collab-proxy@4628d2ba6ea4)
    com.unity.ide.rider@3.0.38 (location: C:\Users\rotte\OneDrive\MS_After100Years\akira_un\Library\PackageCache\com.unity.ide.rider@1f60b3138684)
    com.unity.ide.visualstudio@2.0.26 (location: C:\Users\rotte\OneDrive\MS_After100Years\akira_un\Library\PackageCache\com.unity.ide.visualstudio@a99d56dec63f)
    com.unity.inputsystem@1.20.0 (location: C:\Users\rotte\OneDrive\MS_After100Years\akira_un\Library\PackageCache\com.unity.inputsystem@7a4e1a2a8194)
    com.unity.visualscripting@1.9.12 (location: C:\Users\rotte\OneDrive\MS_After100Years\akira_un\Library\PackageCache\com.unity.visualscripting@4edfcc09512f)
    com.unity.searcher@4.9.5 (location: C:\Users\rotte\OneDrive\MS_After100Years\akira_un\Library\PackageCache\com.unity.searcher@a463122f2c00)
    com.unity.profiling.core@1.0.3 (location: C:\Users\rotte\OneDrive\MS_After100Years\akira_un\Library\PackageCache\com.unity.profiling.core@8a49f7027d06)
    com.unity.nuget.mono-cecil@1.11.6 (location: C:\Users\rotte\OneDrive\MS_After100Years\akira_un\Library\PackageCache\com.unity.nuget.mono-cecil@ecb9724e46ff)
  Built-in packages:
    com.unity.render-pipelines.universal@17.6.0 (location: C:\Users\rotte\OneDrive\MS_After100Years\akira_un\Library\PackageCache\com.unity.render-pipelines.universal@b0678dfc9e21)
    com.unity.test-framework@1.8.0 (location: C:\Users\rotte\OneDrive\MS_After100Years\akira_un\Library\PackageCache\com.unity.test-framework@80f691d4262b)
    com.unity.timeline@6.6.0 (location: C:\Users\rotte\OneDrive\MS_After100Years\akira_un\Library\PackageCache\com.unity.timeline@c56d56b0070b)
    com.unity.ugui@2.6.0 (location: C:\Users\rotte\OneDrive\MS_After100Years\akira_un\Library\PackageCache\com.unity.ugui@0727b404f3a0)
    com.unity.modules.accessibility@1.0.0 (location: C:\Users\rotte\OneDrive\MS_After100Years\akira_un\Library\PackageCache\com.unity.modules.accessibility)
    com.unity.modules.adaptiveperformance@1.0.0 (location: C:\Users\rotte\OneDrive\MS_After100Years\akira_un\Library\PackageCache\com.unity.modules.adaptiveperformance)
    com.unity.modules.ai@1.0.0 (location: C:\Users\rotte\OneDrive\MS_After100Years\akira_un\Library\PackageCache\com.unity.modules.ai)
    com.unity.modules.androidjni@1.0.0 (location: C:\Users\rotte\OneDrive\MS_After100Years\akira_un\Library\PackageCache\com.unity.modules.androidjni)
    com.unity.modules.animation@1.0.0 (location: C:\Users\rotte\OneDrive\MS_After100Years\akira_un\Library\PackageCache\com.unity.modules.animation)
    com.unity.modules.assetbundle@1.0.0 (location: C:\Users\rotte\OneDrive\MS_After100Years\akira_un\Library\PackageCache\com.unity.modules.assetbundle)
    com.unity.modules.audio@1.0.0 (location: C:\Users\rotte\OneDrive\MS_After100Years\akira_un\Library\PackageCache\com.unity.modules.audio)
    com.unity.modules.cloth@1.0.0 (location: C:\Users\rotte\OneDrive\MS_After100Years\akira_un\Library\PackageCache\com.unity.modules.cloth)
    com.unity.modules.director@1.0.0 (location: C:\Users\rotte\OneDrive\MS_After100Years\akira_un\Library\PackageCache\com.unity.modules.director)
    com.unity.modules.imageconversion@1.0.0 (location: C:\Users\rotte\OneDrive\MS_After100Years\akira_un\Library\PackageCache\com.unity.modules.imageconversion)
    com.unity.modules.imgui@1.0.0 (location: C:\Users\rotte\OneDrive\MS_After100Years\akira_un\Library\PackageCache\com.unity.modules.imgui)
    com.unity.modules.jsonserialize@1.0.0 (location: C:\Users\rotte\OneDrive\MS_After100Years\akira_un\Library\PackageCache\com.unity.modules.jsonserialize)
    com.unity.modules.particlesystem@1.0.0 (location: C:\Users\rotte\OneDrive\MS_After100Years\akira_un\Library\PackageCache\com.unity.modules.particlesystem)
    com.unity.modules.physics@1.0.0 (location: C:\Users\rotte\OneDrive\MS_After100Years\akira_un\Library\PackageCache\com.unity.modules.physics)
    com.unity.modules.physics2d@1.0.0 (location: C:\Users\rotte\OneDrive\MS_After100Years\akira_un\Library\PackageCache\com.unity.modules.physics2d)
    com.unity.modules.physicscore2d@1.0.0 (location: C:\Users\rotte\OneDrive\MS_After100Years\akira_un\Library\PackageCache\com.unity.modules.physicscore2d)
    com.unity.modules.screencapture@1.0.0 (location: C:\Users\rotte\OneDrive\MS_After100Years\akira_un\Library\PackageCache\com.unity.modules.screencapture)
    com.unity.modules.terrain@1.0.0 (location: C:\Users\rotte\OneDrive\MS_After100Years\akira_un\Library\PackageCache\com.unity.modules.terrain)
    com.unity.modules.terrainphysics@1.0.0 (location: C:\Users\rotte\OneDrive\MS_After100Years\akira_un\Library\PackageCache\com.unity.modules.terrainphysics)
    com.unity.modules.tetgen@1.0.0 (location: C:\Users\rotte\OneDrive\MS_After100Years\akira_un\Library\PackageCache\com.unity.modules.tetgen)
    com.unity.modules.tilemap@1.0.0 (location: C:\Users\rotte\OneDrive\MS_After100Years\akira_un\Library\PackageCache\com.unity.modules.tilemap)
    com.unity.modules.timelinefoundation@1.0.0 (location: C:\Users\rotte\OneDrive\MS_After100Years\akira_un\Library\PackageCache\com.unity.modules.timelinefoundation)
    com.unity.modules.ui@1.0.0 (location: C:\Users\rotte\OneDrive\MS_After100Years\akira_un\Library\PackageCache\com.unity.modules.ui)
    com.unity.modules.uielements@1.0.0 (location: C:\Users\rotte\OneDrive\MS_After100Years\akira_un\Library\PackageCache\com.unity.modules.uielements)
    com.unity.modules.umbra@1.0.0 (location: C:\Users\rotte\OneDrive\MS_After100Years\akira_un\Library\PackageCache\com.unity.modules.umbra)
    com.unity.modules.unityanalytics@1.0.0 (location: C:\Users\rotte\OneDrive\MS_After100Years\akira_un\Library\PackageCache\com.unity.modules.unityanalytics)
    com.unity.modules.unitywebrequest@1.0.0 (location: C:\Users\rotte\OneDrive\MS_After100Years\akira_un\Library\PackageCache\com.unity.modules.unitywebrequest)
    com.unity.modules.unitywebrequestassetbundle@1.0.0 (location: C:\Users\rotte\OneDrive\MS_After100Years\akira_un\Library\PackageCache\com.unity.modules.unitywebrequestassetbundle)
    com.unity.modules.unitywebrequestaudio@1.0.0 (location: C:\Users\rotte\OneDrive\MS_After100Years\akira_un\Library\PackageCache\com.unity.modules.unitywebrequestaudio)
    com.unity.modules.unitywebrequesttexture@1.0.0 (location: C:\Users\rotte\OneDrive\MS_After100Years\akira_un\Library\PackageCache\com.unity.modules.unitywebrequesttexture)
    com.unity.modules.unitywebrequestwww@1.0.0 (location: C:\Users\rotte\OneDrive\MS_After100Years\akira_un\Library\PackageCache\com.unity.modules.unitywebrequestwww)
    com.unity.modules.vectorgraphics@1.0.0 (location: C:\Users\rotte\OneDrive\MS_After100Years\akira_un\Library\PackageCache\com.unity.modules.vectorgraphics)
    com.unity.modules.vehicles@1.0.0 (location: C:\Users\rotte\OneDrive\MS_After100Years\akira_un\Library\PackageCache\com.unity.modules.vehicles)
    com.unity.modules.video@1.0.0 (location: C:\Users\rotte\OneDrive\MS_After100Years\akira_un\Library\PackageCache\com.unity.modules.video)
    com.unity.modules.wind@1.0.0 (location: C:\Users\rotte\OneDrive\MS_After100Years\akira_un\Library\PackageCache\com.unity.modules.wind)
    com.unity.modules.xr@1.0.0 (location: C:\Users\rotte\OneDrive\MS_After100Years\akira_un\Library\PackageCache\com.unity.modules.xr)
    com.unity.modules.subsystems@1.0.0 (location: C:\Users\rotte\OneDrive\MS_After100Years\akira_un\Library\PackageCache\com.unity.modules.subsystems)
    com.unity.modules.hierarchycore@1.0.0 (location: C:\Users\rotte\OneDrive\MS_After100Years\akira_un\Library\PackageCache\com.unity.modules.hierarchycore)
    com.unity.ext.nunit@2.1.0 (location: C:\Users\rotte\OneDrive\MS_After100Years\akira_un\Library\PackageCache\com.unity.ext.nunit@0198eae3b53e)
    com.unity.render-pipelines.core@17.6.0 (location: C:\Users\rotte\OneDrive\MS_After100Years\akira_un\Library\PackageCache\com.unity.render-pipelines.core@285af6b8c83f)
    com.unity.shadergraph@17.6.0 (location: C:\Users\rotte\OneDrive\MS_After100Years\akira_un\Library\PackageCache\com.unity.shadergraph@58bcb150677d)
    com.unity.render-pipelines.universal-config@17.6.0 (location: C:\Users\rotte\OneDrive\MS_After100Years\akira_un\Library\PackageCache\com.unity.render-pipelines.universal-config@561422b74439)
    com.unity.graph-authoring@1.0.0 (location: C:\Users\rotte\OneDrive\MS_After100Years\akira_un\Library\PackageCache\com.unity.graph-authoring@cfd2588851ee)
    com.unity.burst@2.0.0 (location: C:\Users\rotte\OneDrive\MS_After100Years\akira_un\Library\PackageCache\com.unity.burst@626e66ab421b)
    com.unity.collections@6.6.0 (location: C:\Users\rotte\OneDrive\MS_After100Years\akira_un\Library\PackageCache\com.unity.collections@10fff0607388)
    com.unity.test-framework.performance@6.6.0 (location: C:\Users\rotte\OneDrive\MS_After100Years\akira_un\Library\PackageCache\com.unity.test-framework.performance@b6023decb532)
[Subsystems] No new subsystems found in resolved package list.
[Package Manager] Done registering packages in 0.03 seconds
Asset Packages/com.unity.collab-proxy/Editor/_Deprecated/CollabMigration has no meta file, but it's in an immutable folder. The asset will be ignored.
Asset Packages/com.unity.collab-proxy/Editor/_Deprecated/Settings has no meta file, but it's in an immutable folder. The asset will be ignored.
Asset Packages/com.unity.collab-proxy/Editor/_Deprecated/UI has no meta file, but it's in an immutable folder. The asset will be ignored.
Asset Packages/com.unity.collab-proxy/Editor/_Deprecated/WebApi has no meta file, but it's in an immutable folder. The asset will be ignored.
Asset Packages/com.unity.collab-proxy/Editor/Gluon/UpdateReport has no meta file, but it's in an immutable folder. The asset will be ignored.
Asset Packages/com.unity.collab-proxy/Editor/Hub/Operations has no meta file, but it's in an immutable folder. The asset will be ignored.
Asset Packages/com.unity.collab-proxy/Editor/Inspector/Properties has no meta file, but it's in an immutable folder. The asset will be ignored.
Asset Packages/com.unity.collab-proxy/Editor/UI/Avatar has no meta file, but it's in an immutable folder. The asset will be ignored.
Asset Packages/com.unity.collab-proxy/Editor/UI/Errors has no meta file, but it's in an immutable folder. The asset will be ignored.
Asset Packages/com.unity.collab-proxy/Editor/UI/Progress has no meta file, but it's in an immutable folder. The asset will be ignored.
Asset Packages/com.unity.collab-proxy/Editor/UI/Tree has no meta file, but it's in an immutable folder. The asset will be ignored.
Asset Packages/com.unity.collab-proxy/Editor/UI/UIElements has no meta file, but it's in an immutable folder. The asset will be ignored.
Asset Packages/com.unity.collab-proxy/Editor/UI/UndoRedo has no meta file, but it's in an immutable folder. The asset will be ignored.
Asset Packages/com.unity.collab-proxy/Editor/UI/UnityInternals has no meta file, but it's in an immutable folder. The asset will be ignored.
Asset Packages/com.unity.collab-proxy/Editor/UVCSToolbar/PopupWindow has no meta file, but it's in an immutable folder. The asset will be ignored.
Asset Packages/com.unity.collab-proxy/Editor/Views/Attributes has no meta file, but it's in an immutable folder. The asset will be ignored.
Asset Packages/com.unity.collab-proxy/Editor/Views/Branch has no meta file, but it's in an immutable folder. The asset will be ignored.
Asset Packages/com.unity.collab-proxy/Editor/Views/BranchExplorer has no meta file, but it's in an immutable folder. The asset will be ignored.
Asset Packages/com.unity.collab-proxy/Editor/Views/BrowseRepository has no meta file, but it's in an immutable folder. The asset will be ignored.
Asset Packages/com.unity.collab-proxy/Editor/Views/Changesets has no meta file, but it's in an immutable folder. The asset will be ignored.
Asset Packages/com.unity.collab-proxy/Editor/Views/CreateWorkspace has no meta file, but it's in an immutable folder. The asset will be ignored.
Asset Packages/com.unity.collab-proxy/Editor/Views/Diff has no meta file, but it's in an immutable folder. The asset will be ignored.
Asset Packages/com.unity.collab-proxy/Editor/Views/Filters has no meta file, but it's in an immutable folder. The asset will be ignored.
Asset Packages/com.unity.collab-proxy/Editor/Views/History has no meta file, but it's in an immutable folder. The asset will be ignored.
Asset Packages/com.unity.collab-proxy/Editor/Views/Labels has no meta file, but it's in an immutable folder. The asset will be ignored.
Asset Packages/com.unity.collab-proxy/Editor/Views/Locks has no meta file, but it's in an immutable folder. The asset will be ignored.
Asset Packages/com.unity.collab-proxy/Editor/Views/Merge has no meta file, but it's in an immutable folder. The asset will be ignored.
Asset Packages/com.unity.collab-proxy/Editor/Views/PendingChanges has no meta file, but it's in an immutable folder. The asset will be ignored.
Asset Packages/com.unity.collab-proxy/Editor/Views/Properties has no meta file, but it's in an immutable folder. The asset will be ignored.
Asset Packages/com.unity.collab-proxy/Editor/Views/Shelves has no meta file, but it's in an immutable folder. The asset will be ignored.
Asset Packages/com.unity.collab-proxy/Editor/Views/Welcome has no meta file, but it's in an immutable folder. The asset will be ignored.
Asset Packages/com.unity.collab-proxy/Lib/Editor/Localization has no meta file, but it's in an immutable folder. The asset will be ignored.
Asset Packages/com.unity.collab-proxy/Lib/Editor/TextMateSharp has no meta file, but it's in an immutable folder. The asset will be ignored.
Asset Packages/com.unity.collections/Unity.Collections.Tests/Jobs/CoreCLRTestAssemblies has no meta file, but it's in an immutable folder. The asset will be ignored.
Asset Packages/com.unity.graph-authoring/Editor/ShaderImplementation/Provider has no meta file, but it's in an immutable folder. The asset will be ignored.
Asset Packages/com.unity.graph-authoring/Editor/ShaderImplementation/Reflection has no meta file, but it's in an immutable folder. The asset will be ignored.
Asset Packages/com.unity.graph-authoring/Editor/ShaderImplementation/ShaderObjects has no meta file, but it's in an immutable folder. The asset will be ignored.
Asset Packages/com.unity.ide.rider/Rider/Editor/PostProcessors has no meta file, but it's in an immutable folder. The asset will be ignored.
Asset Packages/com.unity.ide.rider/Rider/Editor/ProjectGeneration has no meta file, but it's in an immutable folder. The asset will be ignored.
Asset Packages/com.unity.ide.rider/Rider/Editor/Properties has no meta file, but it's in an immutable folder. The asset will be ignored.
Asset Packages/com.unity.ide.rider/Rider/Editor/UnitTesting has no meta file, but it's in an immutable folder. The asset will be ignored.
Asset Packages/com.unity.ide.rider/Rider/Editor/Util has no meta file, but it's in an immutable folder. The asset will be ignored.
Asset Packages/com.unity.ide.visualstudio/Editor/COMIntegration/Release has no meta file, but it's in an immutable folder. The asset will be ignored.
Asset Packages/com.unity.inputsystem/InputSystem/Editor/Actions has no meta file, but it's in an immutable folder. The asset will be ignored.
Asset Packages/com.unity.inputsystem/InputSystem/Editor/Analytics has no meta file, but it's in an immutable folder. The asset will be ignored.
Asset Packages/com.unity.inputsystem/InputSystem/Editor/AssetEditor has no meta file, but it's in an immutable folder. The asset will be ignored.
Asset Packages/com.unity.inputsystem/InputSystem/Editor/AssetImporter has no meta file, but it's in an immutable folder. The asset will be ignored.
Asset Packages/com.unity.inputsystem/InputSystem/Editor/BuildPipeline has no meta file, but it's in an immutable folder. The asset will be ignored.
Asset Packages/com.unity.inputsystem/InputSystem/Editor/ControlPicker has no meta file, but it's in an immutable folder. The asset will be ignored.
Asset Packages/com.unity.inputsystem/InputSystem/Editor/Controls has no meta file, but it's in an immutable folder. The asset will be ignored.
Asset Packages/com.unity.inputsystem/InputSystem/Editor/Debugger has no meta file, but it's in an immutable folder. The asset will be ignored.
Asset Packages/com.unity.inputsystem/InputSystem/Editor/Devices has no meta file, but it's in an immutable folder. The asset will be ignored.
Asset Packages/com.unity.inputsystem/InputSystem/Editor/DeviceSimulator has no meta file, but it's in an immutable folder. The asset will be ignored.
Asset Packages/com.unity.inputsystem/InputSystem/Editor/Icons has no meta file, but it's in an immutable folder. The asset will be ignored.
Asset Packages/com.unity.inputsystem/InputSystem/Editor/Internal has no meta file, but it's in an immutable folder. The asset will be ignored.
Asset Packages/com.unity.inputsystem/InputSystem/Editor/Plugins has no meta file, but it's in an immutable folder. The asset will be ignored.
Asset Packages/com.unity.inputsystem/InputSystem/Editor/ProjectWideActions has no meta file, but it's in an immutable folder. The asset will be ignored.
Asset Packages/com.unity.inputsystem/InputSystem/Editor/PropertyDrawers has no meta file, but it's in an immutable folder. The asset will be ignored.
Asset Packages/com.unity.inputsystem/InputSystem/Editor/Settings has no meta file, but it's in an immutable folder. The asset will be ignored.
Asset Packages/com.unity.inputsystem/InputSystem/Editor/UITKAssetEditor has no meta file, but it's in an immutable folder. The asset will be ignored.
Asset Packages/com.unity.inputsystem/InputSystem/Editor/Utilities has no meta file, but it's in an immutable folder. The asset will be ignored.
Asset Packages/com.unity.inputsystem/InputSystem/Runtime/Actions has no meta file, but it's in an immutable folder. The asset will be ignored.
Asset Packages/com.unity.inputsystem/InputSystem/Runtime/Controls has no meta file, but it's in an immutable folder. The asset will be ignored.
Asset Packages/com.unity.inputsystem/InputSystem/Runtime/Devices has no meta file, but it's in an immutable folder. The asset will be ignored.
Asset Packages/com.unity.inputsystem/InputSystem/Runtime/Events has no meta file, but it's in an immutable folder. The asset will be ignored.
Asset Packages/com.unity.inputsystem/InputSystem/Runtime/Plugins has no meta file, but it's in an immutable folder. The asset will be ignored.
Asset Packages/com.unity.inputsystem/InputSystem/Runtime/State has no meta file, but it's in an immutable folder. The asset will be ignored.
Asset Packages/com.unity.inputsystem/InputSystem/Runtime/Utilities has no meta file, but it's in an immutable folder. The asset will be ignored.
Asset Packages/com.unity.render-pipelines.core/Editor-PrivateShared/Tools/Converter has no meta file, but it's in an immutable folder. The asset will be ignored.
Asset Packages/com.unity.render-pipelines.core/Editor/BuildProcessors/SettingsStrippers has no meta file, but it's in an immutable folder. The asset will be ignored.
Asset Packages/com.unity.render-pipelines.core/Editor/BuildProcessors/ShaderStrippers has no meta file, but it's in an immutable folder. The asset will be ignored.
Asset Packages/com.unity.render-pipelines.core/Editor/CommandBuffers/CommandBufferGenerator has no meta file, but it's in an immutable folder. The asset will be ignored.
Asset Packages/com.unity.render-pipelines.core/Editor/Icons/MipLevels has no meta file, but it's in an immutable folder. The asset will be ignored.
Asset Packages/com.unity.render-pipelines.core/Editor/Icons/Processed has no meta file, but it's in an immutable folder. The asset will be ignored.
Asset Packages/com.unity.render-pipelines.core/Editor/Icons/RenderGraphViewer has no meta file, but it's in an immutable folder. The asset will be ignored.
Asset Packages/com.unity.render-pipelines.core/Editor/Lighting/Icons has no meta file, but it's in an immutable folder. The asset will be ignored.
Asset Packages/com.unity.render-pipelines.core/Editor/Lighting/LightUnit has no meta file, but it's in an immutable folder. The asset will be ignored.
Asset Packages/com.unity.render-pipelines.core/Editor/Lighting/ProbeVolume has no meta file, but it's in an immutable folder. The asset will be ignored.
Asset Packages/com.unity.render-pipelines.core/Editor/Lighting/Shadow has no meta file, but it's in an immutable folder. The asset will be ignored.
Asset Packages/com.unity.render-pipelines.core/Editor/PathTracing/Debugging has no meta file, but it's in an immutable folder. The asset will be ignored.
Asset Packages/com.unity.render-pipelines.core/Editor/PostProcessing/LensFlareResource has no meta file, but it's in an immutable folder. The asset will be ignored.
Asset Packages/com.unity.render-pipelines.core/Editor/Resources/Gizmos has no meta file, but it's in an immutable folder. The asset will be ignored.
Asset Packages/com.unity.render-pipelines.core/Editor/Settings/PropertyDrawers has no meta file, but it's in an immutable folder. The asset will be ignored.
Asset Packages/com.unity.render-pipelines.core/Editor/Tools/MaterialUpgrader has no meta file, but it's in an immutable folder. The asset will be ignored.
Asset Packages/com.unity.render-pipelines.core/Editor/Volume/Drawers has no meta file, but it's in an immutable folder. The asset will be ignored.
Asset Packages/com.unity.render-pipelines.core/Runtime/Debugging/FrameTiming has no meta file, but it's in an immutable folder. The asset will be ignored.
Asset Packages/com.unity.render-pipelines.core/Runtime/Debugging/Runtime UI Resources has no meta file, but it's in an immutable folder. The asset will be ignored.
Asset Packages/com.unity.render-pipelines.core/Runtime/GPUDriven/Batching has no meta file, but it's in an immutable folder. The asset will be ignored.
Asset Packages/com.unity.render-pipelines.core/Runtime/GPUDriven/Components has no meta file, but it's in an immutable folder. The asset will be ignored.
Asset Packages/com.unity.render-pipelines.core/Runtime/GPUDriven/CoreDataSystems has no meta file, but it's in an immutable folder. The asset will be ignored.
Asset Packages/com.unity.render-pipelines.core/Runtime/GPUDriven/Culling has no meta file, but it's in an immutable folder. The asset will be ignored.
Asset Packages/com.unity.render-pipelines.core/Runtime/GPUDriven/Debug has no meta file, but it's in an immutable folder. The asset will be ignored.
Asset Packages/com.unity.render-pipelines.core/Runtime/GPUDriven/SceneProcessors has no meta file, but it's in an immutable folder. The asset will be ignored.
Asset Packages/com.unity.render-pipelines.core/Runtime/GPUDriven/Utilities has no meta file, but it's in an immutable folder. The asset will be ignored.
Asset Packages/com.unity.render-pipelines.core/Runtime/Lighting/ProbeVolume has no meta file, but it's in an immutable folder. The asset will be ignored.
Asset Packages/com.unity.render-pipelines.core/Runtime/Lighting/SurfaceCache has no meta file, but it's in an immutable folder. The asset will be ignored.
Asset Packages/com.unity.render-pipelines.core/Runtime/PathTracing/Core has no meta file, but it's in an immutable folder. The asset will be ignored.
Asset Packages/com.unity.render-pipelines.core/Runtime/PathTracing/Environment has no meta file, but it's in an immutable folder. The asset will be ignored.
Asset Packages/com.unity.render-pipelines.core/Runtime/PathTracing/Lightmapping has no meta file, but it's in an immutable folder. The asset will be ignored.
Asset Packages/com.unity.render-pipelines.core/Runtime/PathTracing/MaterialPool has no meta file, but it's in an immutable folder. The asset will be ignored.
Asset Packages/com.unity.render-pipelines.core/Runtime/PathTracing/Meshes has no meta file, but it's in an immutable folder. The asset will be ignored.
Asset Packages/com.unity.render-pipelines.core/Runtime/PathTracing/Shaders has no meta file, but it's in an immutable folder. The asset will be ignored.
Asset Packages/com.unity.render-pipelines.core/Runtime/PostProcessing/Shaders has no meta file, but it's in an immutable folder. The asset will be ignored.
Asset Packages/com.unity.render-pipelines.core/Runtime/RenderGraph/Compiler has no meta file, but it's in an immutable folder. The asset will be ignored.
Asset Packages/com.unity.render-pipelines.core/Runtime/RenderGraph/Debug has no meta file, but it's in an immutable folder. The asset will be ignored.
Asset Packages/com.unity.render-pipelines.core/Runtime/RenderPipelineResources/GPUDriven has no meta file, but it's in an immutable folder. The asset will be ignored.
Asset Packages/com.unity.render-pipelines.core/Runtime/RenderPipelineResources/Mesh has no meta file, but it's in an immutable folder. The asset will be ignored.
Asset Packages/com.unity.render-pipelines.core/Runtime/Sampling/Textures has no meta file, but it's in an immutable folder. The asset will be ignored.
Asset Packages/com.unity.render-pipelines.core/Runtime/ShaderLibrary/Sampling has no meta file, but it's in an immutable folder. The asset will be ignored.
Asset Packages/com.unity.render-pipelines.core/Runtime/UnifiedRayTracing/Common has no meta file, but it's in an immutable folder. The asset will be ignored.
Asset Packages/com.unity.render-pipelines.core/Runtime/UnifiedRayTracing/Compute has no meta file, but it's in an immutable folder. The asset will be ignored.
Asset Packages/com.unity.render-pipelines.core/Runtime/UnifiedRayTracing/Hardware has no meta file, but it's in an immutable folder. The asset will be ignored.
Asset Packages/com.unity.render-pipelines.core/Runtime/Utilities/GPUPrefixSum has no meta file, but it's in an immutable folder. The asset will be ignored.
Asset Packages/com.unity.render-pipelines.core/Runtime/Utilities/GPUSort has no meta file, but it's in an immutable folder. The asset will be ignored.
Asset Packages/com.unity.render-pipelines.core/Runtime/Vrs/Shaders has no meta file, but it's in an immutable folder. The asset will be ignored.
Asset Packages/com.unity.render-pipelines.core/Tests/Editor/RenderGraphViewerTests.cs has no meta file, but it's in an immutable folder. The asset will be ignored.
Asset Packages/com.unity.render-pipelines.core/Tests/Editor/ShaderStripping has no meta file, but it's in an immutable folder. The asset will be ignored.
Asset Packages/com.unity.render-pipelines.core/Tests/Editor/Tools has no meta file, but it's in an immutable folder. The asset will be ignored.
Asset Packages/com.unity.render-pipelines.core/Tests/Editor/UnifiedRayTracing has no meta file, but it's in an immutable folder. The asset will be ignored.
Asset Packages/com.unity.render-pipelines.core/Tests/Editor/Utilities has no meta file, but it's in an immutable folder. The asset will be ignored.
Asset Packages/com.unity.render-pipelines.core/Tests/Editor/Volumes has no meta file, but it's in an immutable folder. The asset will be ignored.
Asset Packages/com.unity.render-pipelines.core/Tests/Editor/XR has no meta file, but it's in an immutable folder. The asset will be ignored.
Starting: C:\Program Files\Unity\Hub\Editor\6000.6.4f1\Editor\Data\Tools\BuildPipeline\bee_backend.exe --ipc --defer-dag-verification --dagfile="Library/Bee/1900b0aE.dag" --continue-on-failure --profile="Library/Bee/backend1.traceevents" ScriptAssemblies
WorkingDir: C:/Users/rotte/OneDrive/MS_After100Years/akira_un
ExitCode: 3 Duration: 0s794ms
[           0s] Csc Library/Bee/artifacts/1900b0aE.dag/UnityEngine.TestRunner.dll (+2 others) [CacheMiss 9bbdbdd64f51061585eaac3f61838f9500000000000000000000000000000006]
[479/840    0s] Csc Library/Bee/artifacts/1900b0aE.dag/UnityEngine.TestRunner.dll (+2 others)
##### CommandLine
"C:\Program Files\Unity\Hub\Editor\6000.6.4f1\Editor\Data\DotNetSdk\dotnet.exe" exec "C:/Program Files/Unity/Hub/Editor/6000.6.4f1/Editor/Data/DotNetSdk/sdk/8.0.318/Roslyn/bincore/csc.dll" /nostdlib /noconfig /shared "@Library/Bee/artifacts/1900b0aE.dag/UnityEngine.TestRunner.rsp" "@Library/Bee/artifacts/1900b0aE.dag/UnityEngine.TestRunner.rsp2"
##### Contents of Library\Bee\artifacts\1900b0aE.dag\UnityEngine.TestRunner.rsp
-target:library
-out:"Library/Bee/artifacts/1900b0aE.dag/UnityEngine.TestRunner.dll"
-refout:"Library/Bee/artifacts/1900b0aE.dag/UnityEngine.TestRunner.ref.dll"
-define:UNITY_6000_6_4
-define:UNITY_6000_6
-define:UNITY_6000
-define:UNITY_5_3_OR_NEWER
-define:UNITY_5_4_OR_NEWER
-define:UNITY_5_5_OR_NEWER
-define:UNITY_5_6_OR_NEWER
-define:UNITY_2017_1_OR_NEWER
-define:UNITY_2017_2_OR_NEWER
-define:UNITY_2017_3_OR_NEWER
-define:UNITY_2017_4_OR_NEWER
-define:UNITY_2018_1_OR_NEWER
-define:UNITY_2018_2_OR_NEWER
-define:UNITY_2018_3_OR_NEWER
-define:UNITY_2018_4_OR_NEWER
-define:UNITY_2019_1_OR_NEWER
-define:UNITY_2019_2_OR_NEWER
-define:UNITY_2019_3_OR_NEWER
-define:UNITY_2019_4_OR_NEWER
-define:UNITY_2020_1_OR_NEWER
-define:UNITY_2020_2_OR_NEWER
-define:UNITY_2020_3_OR_NEWER
-define:UNITY_2021_1_OR_NEWER
-define:UNITY_2021_2_OR_NEWER
-define:UNITY_2021_3_OR_NEWER
-define:UNITY_2022_1_OR_NEWER
-define:UNITY_2022_2_OR_NEWER
-define:UNITY_2022_3_OR_NEWER
-define:UNITY_2023_1_OR_NEWER
-define:UNITY_2023_2_OR_NEWER
-define:UNITY_2023_3_OR_NEWER
-define:UNITY_6000_0_OR_NEWER
-define:UNITY_6000_1_OR_NEWER
-define:UNITY_6000_2_OR_NEWER
-define:UNITY_6000_3_OR_NEWER
-define:UNITY_6000_4_OR_NEWER
-define:UNITY_6000_5_OR_NEWER
-define:UNITY_6000_6_OR_NEWER
-define:PLATFORM_ARCH_64
-define:UNITY_64
-define:UNITY_INCLUDE_TESTS
-define:UNITY_ENABLE_CLOUD_SERVICES_ENGINE_DIAGNOSTICS_MANAGED
-define:ENABLE_AR
-define:ENABLE_AUDIO
-define:ENABLE_AUDIO_SCRIPTABLE_PIPELINE
-define:ENABLE_BURST
-define:ENABLE_CACHING
-define:ENABLE_CLOTH
-define:ENABLE_EVENT_QUEUE
-define:ENABLE_MICROPHONE
-define:ENABLE_MULTIPLE_DISPLAYS
-define:ENABLE_PHYSICS
-define:ENABLE_TEXTURE_STREAMING
-define:ENABLE_VIRTUALTEXTURING
-define:ENABLE_LZMA
-define:ENABLE_UNITYEVENTS
-define:ENABLE_VR
-define:ENABLE_WEBCAM
-define:ENABLE_UNITYWEBREQUEST
-define:ENABLE_WWW
-define:ENABLE_CLOUD_SERVICES
-define:ENABLE_CLOUD_SERVICES_ADS
-define:ENABLE_CLOUD_SERVICES_USE_WEBREQUEST
-define:ENABLE_UNITY_CONSENT
-define:ENABLE_UNITY_CLOUD_IDENTIFIERS
-define:ENABLE_CLOUD_SERVICES_CRASH_REPORTING
-define:ENABLE_CLOUD_SERVICES_NATIVE_CRASH_REPORTING
-define:ENABLE_CLOUD_SERVICES_PURCHASING
-define:ENABLE_CLOUD_SERVICES_ANALYTICS
-define:ENABLE_CLOUD_SERVICES_BUILD
-define:ENABLE_EDITOR_GAME_SERVICES
-define:ENABLE_UNITY_GAME_SERVICES_ANALYTICS_SUPPORT
-define:ENABLE_CLOUD_LICENSE
-define:ENABLE_EDITOR_HUB_LICENSE
-define:ENABLE_WEBSOCKET_CLIENT
-define:ENABLE_GENERATE_NATIVE_PLUGINS_FOR_ASSEMBLIES_API
-define:ENABLE_DIRECTOR_AUDIO
-define:ENABLE_DIRECTOR_TEXTURE
-define:ENABLE_MANAGED_JOBS
-define:ENABLE_MANAGED_TRANSFORM_JOBS
-define:ENABLE_MANAGED_ANIMATION_JOBS
-define:ENABLE_MANAGED_AUDIO_JOBS
-define:ENABLE_MANAGED_UNITYTLS
-define:INCLUDE_DYNAMIC_GI
-define:ENABLE_SCRIPTING_GC_WBARRIERS
-define:PLATFORM_SUPPORTS_MONO
-define:RENDER_SOFTWARE_CURSOR
-define:ENABLE_MARSHALLING_TESTS
-define:ENABLE_VIDEO
-define:ENABLE_NAVIGATION_OFFMESHLINK_TO_NAVMESHLINK
-define:ENABLE_ACCELERATOR_CLIENT_DEBUGGING
-define:ENABLE_ACCESSIBILITY_SCREEN_READER
-define:TEXTCORE_1_0_OR_NEWER
-define:EDITOR_ONLY_NAVMESH_BUILDER_DEPRECATED
-define:INCLUDE_UNIFIED_RAYTRACING_COMPUTE_BACKEND
-define:INCLUDE_UNIFIED_RAYTRACING_HARDWARE_BACKEND
-define:PLATFORM_STANDALONE_WIN
-define:PLATFORM_STANDALONE
-define:UNITY_STANDALONE_WIN
-define:UNITY_STANDALONE
-define:ENABLE_RUNTIME_GI
-define:ENABLE_MOVIES
-define:ENABLE_NETWORK
-define:ENABLE_NVIDIA
-define:ENABLE_AMD
-define:ENABLE_CRUNCH_TEXTURE_COMPRESSION
-define:ENABLE_CLOUD_SERVICES_ENGINE_DIAGNOSTICS
-define:ENABLE_OUT_OF_PROCESS_CRASH_HANDLER
-define:ENABLE_CLUSTER_SYNC
-define:ENABLE_CLUSTERINPUT
-define:PLATFORM_UPDATES_TIME_OUTSIDE_OF_PLAYER_LOOP
-define:GFXDEVICE_WAITFOREVENT_MESSAGEPUMP
-define:PLATFORM_USES_EXPLICIT_MEMORY_MANAGER_INITIALIZER
-define:PLATFORM_SUPPORTS_WAIT_FOR_PRESENTATION
-define:PLATFORM_SUPPORTS_SPLIT_GRAPHICS_JOBS
-define:UNITY_SUPPORTS_GRAPHICS_API_VALIDATION
-define:PLATFORM_USES_VULKAN_OLD_SWAPCHAIN
-define:USE_READ_ASYNC_MANAGED_API
-define:ENABLE_MONO
-define:NET_STANDARD_2_0
-define:NET_STANDARD
-define:NET_STANDARD_2_1
-define:NETSTANDARD
-define:NETSTANDARD2_1
-define:ENABLE_PROFILER
-define:UNITY_INCLUDE_INSTRUMENTATION
-define:DEBUG
-define:TRACE
-define:UNITY_ASSERTIONS
-define:UNITY_ENABLE_CHECKS
-define:UNITY_EDITOR
-define:UNITY_EDITOR_64
-define:UNITY_EDITOR_WIN
-define:ENABLE_UNITY_COLLECTIONS_CHECKS
-define:ENABLE_BURST_AOT
-define:UNITY_TEAM_LICENSE
-define:ENABLE_CUSTOM_RENDER_TEXTURE
-define:ENABLE_DIRECTOR
-define:ENABLE_LOCALIZATION
-define:ENABLE_SPRITES
-define:ENABLE_TERRAIN
-define:ENABLE_TILEMAP
-define:ENABLE_TIMELINE
-define:ENABLE_INPUT_SYSTEM
-define:TEXTCORE_FONT_ENGINE_1_5_OR_NEWER
-define:TEXTCORE_TEXT_ENGINE_1_5_OR_NEWER
-define:TEXTCORE_FONT_ENGINE_1_6_OR_NEWER
-define:UNITY_TESTS_FRAMEWORK
-define:CSHARP_7_OR_LATER
-define:CSHARP_7_3_OR_NEWER
-r:"C:/Program Files/Unity/Hub/Editor/6000.6.4f1/Editor/Data/BCLExtensions/TargetingPacks/netstandard2.1/ref/Microsoft.Bcl.AsyncInterfaces.dll"
-r:"C:/Program Files/Unity/Hub/Editor/6000.6.4f1/Editor/Data/BCLExtensions/TargetingPacks/netstandard2.1/ref/Microsoft.Extensions.DependencyInjection.Abstractions.dll"
-r:"C:/Program Files/Unity/Hub/Editor/6000.6.4f1/Editor/Data/BCLExtensions/TargetingPacks/netstandard2.1/ref/Microsoft.Extensions.Logging.Abstractions.dll"
-r:"C:/Program Files/Unity/Hub/Editor/6000.6.4f1/Editor/Data/BCLExtensions/TargetingPacks/netstandard2.1/ref/System.Collections.Immutable.dll"
-r:"C:/Program Files/Unity/Hub/Editor/6000.6.4f1/Editor/Data/BCLExtensions/TargetingPacks/netstandard2.1/ref/System.Diagnostics.DiagnosticSource.dll"
-r:"C:/Program Files/Unity/Hub/Editor/6000.6.4f1/Editor/Data/BCLExtensions/TargetingPacks/netstandard2.1/ref/System.IO.Hashing.dll"
-r:"C:/Program Files/Unity/Hub/Editor/6000.6.4f1/Editor/Data/BCLExtensions/TargetingPacks/netstandard2.1/ref/System.Reflection.Metadata.dll"
-r:"C:/Program Files/Unity/Hub/Editor/6000.6.4f1/Editor/Data/BCLExtensions/TargetingPacks/netstandard2.1/ref/System.Runtime.CompilerServices.Unsafe.dll"
-r:"C:/Program Files/Unity/Hub/Editor/6000.6.4f1/Editor/Data/BCLExtensions/TargetingPacks/netstandard2.1/ref/System.Text.Encodings.Web.dll"
-r:"C:/Program Files/Unity/Hub/Editor/6000.6.4f1/Editor/Data/BCLExtensions/TargetingPacks/netstandard2.1/ref/System.Text.Json.dll"
-r:"C:/Program Files/Unity/Hub/Editor/6000.6.4f1/Editor/Data/Managed/Bootstrap/Unity.Scripting.dll"
-r:"C:/Program Files/Unity/Hub/Editor/6000.6.4f1/Editor/Data/Managed/UnityEngine/UnityEditor.AIModule.dll"
-r:"C:/Program Files/Unity/Hub/Editor/6000.6.4f1/Editor/Data/Managed/UnityEngine/UnityEditor.AccessibilityModule.dll"
-r:"C:/Program Files/Unity/Hub/Editor/6000.6.4f1/Editor/Data/Managed/UnityEngine/UnityEditor.AdaptivePerformanceModule.dll"
-r:"C:/Program Files/Unity/Hub/Editor/6000.6.4f1/Editor/Data/Managed/UnityEngine/UnityEditor.AnimationWindowModule.dll"
-r:"C:/Program Files/Unity/Hub/Editor/6000.6.4f1/Editor/Data/Managed/UnityEngine/UnityEditor.AssetComplianceModule.dll"
-r:"C:/Program Files/Unity/Hub/Editor/6000.6.4f1/Editor/Data/Managed/UnityEngine/UnityEditor.BuildAnalysisModule.dll"
-r:"C:/Program Files/Unity/Hub/Editor/6000.6.4f1/Editor/Data/Managed/UnityEngine/UnityEditor.BuildProfileModule.dll"
-r:"C:/Program Files/Unity/Hub/Editor/6000.6.4f1/Editor/Data/Managed/UnityEngine/UnityEditor.BurstModule.dll"
-r:"C:/Program Files/Unity/Hub/Editor/6000.6.4f1/Editor/Data/Managed/UnityEngine/UnityEditor.ClothModule.dll"
-r:"C:/Program Files/Unity/Hub/Editor/6000.6.4f1/Editor/Data/Managed/UnityEngine/UnityEditor.ContentLoadModule.dll"
-r:"C:/Program Files/Unity/Hub/Editor/6000.6.4f1/Editor/Data/Managed/UnityEngine/UnityEditor.CoreBusinessMetricsModule.dll"
-r:"C:/Program Files/Unity/Hub/Editor/6000.6.4f1/Editor/Data/Managed/UnityEngine/UnityEditor.CoreModule.dll"
-r:"C:/Program Files/Unity/Hub/Editor/6000.6.4f1/Editor/Data/Managed/UnityEngine/UnityEditor.DeviceSimulatorModule.dll"
-r:"C:/Program Files/Unity/Hub/Editor/6000.6.4f1/Editor/Data/Managed/UnityEngine/UnityEditor.DiagnosticsModule.dll"
-r:"C:/Program Files/Unity/Hub/Editor/6000.6.4f1/Editor/Data/Managed/UnityEngine/UnityEditor.EditorToolbarModule.dll"
-r:"C:/Program Files/Unity/Hub/Editor/6000.6.4f1/Editor/Data/Managed/UnityEngine/UnityEditor.EmbreeModule.dll"
-r:"C:/Program Files/Unity/Hub/Editor/6000.6.4f1/Editor/Data/Managed/UnityEngine/UnityEditor.GIModule.dll"
-r:"C:/Program Files/Unity/Hub/Editor/6000.6.4f1/Editor/Data/Managed/UnityEngine/UnityEditor.GenericRemoteModule.dll"
-r:"C:/Program Files/Unity/Hub/Editor/6000.6.4f1/Editor/Data/Managed/UnityEngine/UnityEditor.GraphToolkitModule.dll"
-r:"C:/Program Files/Unity/Hub/Editor/6000.6.4f1/Editor/Data/Managed/UnityEngine/UnityEditor.GraphViewModule.dll"
-r:"C:/Program Files/Unity/Hub/Editor/6000.6.4f1/Editor/Data/Managed/UnityEngine/UnityEditor.GraphicsStateCollectionSerializerModule.dll"
-r:"C:/Program Files/Unity/Hub/Editor/6000.6.4f1/Editor/Data/Managed/UnityEngine/UnityEditor.GridAndSnapModule.dll"
-r:"C:/Program Files/Unity/Hub/Editor/6000.6.4f1/Editor/Data/Managed/UnityEngine/UnityEditor.GridModule.dll"
-r:"C:/Program Files/Unity/Hub/Editor/6000.6.4f1/Editor/Data/Managed/UnityEngine/UnityEditor.HierarchyModule.dll"
-r:"C:/Program Files/Unity/Hub/Editor/6000.6.4f1/Editor/Data/Managed/UnityEngine/UnityEditor.LightingModule.dll"
-r:"C:/Program Files/Unity/Hub/Editor/6000.6.4f1/Editor/Data/Managed/UnityEngine/UnityEditor.MathematicsModule.dll"
-r:"C:/Program Files/Unity/Hub/Editor/6000.6.4f1/Editor/Data/Managed/UnityEngine/UnityEditor.MediaModule.dll"
-r:"C:/Program Files/Unity/Hub/Editor/6000.6.4f1/Editor/Data/Managed/UnityEngine/UnityEditor.MultiplayerModule.dll"
-r:"C:/Program Files/Unity/Hub/Editor/6000.6.4f1/Editor/Data/Managed/UnityEngine/UnityEditor.Physics2DModule.dll"
-r:"C:/Program Files/Unity/Hub/Editor/6000.6.4f1/Editor/Data/Managed/UnityEngine/UnityEditor.PhysicsCore2DModule.dll"
-r:"C:/Program Files/Unity/Hub/Editor/6000.6.4f1/Editor/Data/Managed/UnityEngine/UnityEditor.PhysicsModule.dll"
-r:"C:/Program Files/Unity/Hub/Editor/6000.6.4f1/Editor/Data/Managed/UnityEngine/UnityEditor.PlayModeModule.dll"
-r:"C:/Program Files/Unity/Hub/Editor/6000.6.4f1/Editor/Data/Managed/UnityEngine/UnityEditor.PresetsUIModule.dll"
-r:"C:/Program Files/Unity/Hub/Editor/6000.6.4f1/Editor/Data/Managed/UnityEngine/UnityEditor.ProjectAuditorModule.dll"
-r:"C:/Program Files/Unity/Hub/Editor/6000.6.4f1/Editor/Data/Managed/UnityEngine/UnityEditor.PropertiesModule.dll"
-r:"C:/Program Files/Unity/Hub/Editor/6000.6.4f1/Editor/Data/Managed/UnityEngine/UnityEditor.QuickInstallModule.dll"
-r:"C:/Program Files/Unity/Hub/Editor/6000.6.4f1/Editor/Data/Managed/UnityEngine/UnityEditor.QuickSearchModule.dll"
-r:"C:/Program Files/Unity/Hub/Editor/6000.6.4f1/Editor/Data/Managed/UnityEngine/UnityEditor.SafeModeModule.dll"
-r:"C:/Program Files/Unity/Hub/Editor/6000.6.4f1/Editor/Data/Managed/UnityEngine/UnityEditor.SceneTemplateModule.dll"
-r:"C:/Program Files/Unity/Hub/Editor/6000.6.4f1/Editor/Data/Managed/UnityEngine/UnityEditor.SceneViewModule.dll"
-r:"C:/Program Files/Unity/Hub/Editor/6000.6.4f1/Editor/Data/Managed/UnityEngine/UnityEditor.ShaderBuildSettingsModule.dll"
-r:"C:/Program Files/Unity/Hub/Editor/6000.6.4f1/Editor/Data/Managed/UnityEngine/UnityEditor.ShaderCompilationModule.dll"
-r:"C:/Program Files/Unity/Hub/Editor/6000.6.4f1/Editor/Data/Managed/UnityEngine/UnityEditor.ShaderFoundryModule.dll"
-r:"C:/Program Files/Unity/Hub/Editor/6000.6.4f1/Editor/Data/Managed/UnityEngine/UnityEditor.ShaderPreprocessorModule.dll"
-r:"C:/Program Files/Unity/Hub/Editor/6000.6.4f1/Editor/Data/Managed/UnityEngine/UnityEditor.SketchUpModule.dll"
-r:"C:/Program Files/Unity/Hub/Editor/6000.6.4f1/Editor/Data/Managed/UnityEngine/UnityEditor.SpriteMaskModule.dll"
-r:"C:/Program Files/Unity/Hub/Editor/6000.6.4f1/Editor/Data/Managed/UnityEngine/UnityEditor.SpriteShapeModule.dll"
-r:"C:/Program Files/Unity/Hub/Editor/6000.6.4f1/Editor/Data/Managed/UnityEngine/UnityEditor.SubstanceModule.dll"
-r:"C:/Program Files/Unity/Hub/Editor/6000.6.4f1/Editor/Data/Managed/UnityEngine/UnityEditor.SyntaxTreeModule.dll"
-r:"C:/Program Files/Unity/Hub/Editor/6000.6.4f1/Editor/Data/Managed/UnityEngine/UnityEditor.TerrainModule.dll"
-r:"C:/Program Files/Unity/Hub/Editor/6000.6.4f1/Editor/Data/Managed/UnityEngine/UnityEditor.TextCoreFontEngineModule.dll"
-r:"C:/Program Files/Unity/Hub/Editor/6000.6.4f1/Editor/Data/Managed/UnityEngine/UnityEditor.TextCoreTextEngineModule.dll"
-r:"C:/Program Files/Unity/Hub/Editor/6000.6.4f1/Editor/Data/Managed/UnityEngine/UnityEditor.TextRenderingModule.dll"
-r:"C:/Program Files/Unity/Hub/Editor/6000.6.4f1/Editor/Data/Managed/UnityEngine/UnityEditor.TilemapModule.dll"
-r:"C:/Program Files/Unity/Hub/Editor/6000.6.4f1/Editor/Data/Managed/UnityEngine/UnityEditor.TimelineFoundationModule.dll"
-r:"C:/Program Files/Unity/Hub/Editor/6000.6.4f1/Editor/Data/Managed/UnityEngine/UnityEditor.TreeModule.dll"
-r:"C:/Program Files/Unity/Hub/Editor/6000.6.4f1/Editor/Data/Managed/UnityEngine/UnityEditor.U2DModule.dll"
-r:"C:/Program Files/Unity/Hub/Editor/6000.6.4f1/Editor/Data/Managed/UnityEngine/UnityEditor.UIAutomationModule.dll"
-r:"C:/Program Files/Unity/Hub/Editor/6000.6.4f1/Editor/Data/Managed/UnityEngine/UnityEditor.UIBuilderModule.dll"
-r:"C:/Program Files/Unity/Hub/Editor/6000.6.4f1/Editor/Data/Managed/UnityEngine/UnityEditor.UIElementsModule.dll"
-r:"C:/Program Files/Unity/Hub/Editor/6000.6.4f1/Editor/Data/Managed/UnityEngine/UnityEditor.UIElementsSamplesModule.dll"
-r:"C:/Program Files/Unity/Hub/Editor/6000.6.4f1/Editor/Data/Managed/UnityEngine/UnityEditor.UIToolkitAuthoringModule.dll"
-r:"C:/Program Files/Unity/Hub/Editor/6000.6.4f1/Editor/Data/Managed/UnityEngine/UnityEditor.UmbraModule.dll"
-r:"C:/Program Files/Unity/Hub/Editor/6000.6.4f1/Editor/Data/Managed/UnityEngine/UnityEditor.UnityConnectModule.dll"
-r:"C:/Program Files/Unity/Hub/Editor/6000.6.4f1/Editor/Data/Managed/UnityEngine/UnityEditor.VFXModule.dll"
-r:"C:/Program Files/Unity/Hub/Editor/6000.6.4f1/Editor/Data/Managed/UnityEngine/UnityEditor.VectorGraphicsModule.dll"
-r:"C:/Program Files/Unity/Hub/Editor/6000.6.4f1/Editor/Data/Managed/UnityEngine/UnityEditor.VideoModule.dll"
-r:"C:/Program Files/Unity/Hub/Editor/6000.6.4f1/Editor/Data/Managed/UnityEngine/UnityEditor.XRModule.dll"
-r:"C:/Program Files/Unity/Hub/Editor/6000.6.4f1/Editor/Data/Managed/UnityEngine/UnityEditor.dll"
-r:"C:/Program Files/Unity/Hub/Editor/6000.6.4f1/Editor/Data/Managed/UnityEngine/UnityEngine.AIModule.dll"
-r:"C:/Program Files/Unity/Hub/Editor/6000.6.4f1/Editor/Data/Managed/UnityEngine/UnityEngine.ARModule.dll"
-r:"C:/Program Files/Unity/Hub/Editor/6000.6.4f1/Editor/Data/Managed/UnityEngine/UnityEngine.AccessibilityModule.dll"
-r:"C:/Program Files/Unity/Hub/Editor/6000.6.4f1/Editor/Data/Managed/UnityEngine/UnityEngine.AdaptivePerformanceModule.dll"
-r:"C:/Program Files/Unity/Hub/Editor/6000.6.4f1/Editor/Data/Managed/UnityEngine/UnityEngine.AndroidJNIModule.dll"
-r:"C:/Program Files/Unity/Hub/Editor/6000.6.4f1/Editor/Data/Managed/UnityEngine/UnityEngine.AnimationModule.dll"
-r:"C:/Program Files/Unity/Hub/Editor/6000.6.4f1/Editor/Data/Managed/UnityEngine/UnityEngine.AssetBundleModule.dll"
-r:"C:/Program Files/Unity/Hub/Editor/6000.6.4f1/Editor/Data/Managed/UnityEngine/UnityEngine.AudioModule.dll"
-r:"C:/Program Files/Unity/Hub/Editor/6000.6.4f1/Editor/Data/Managed/UnityEngine/UnityEngine.BurstModule.dll"
-r:"C:/Program Files/Unity/Hub/Editor/6000.6.4f1/Editor/Data/Managed/UnityEngine/UnityEngine.ClothModule.dll"
-r:"C:/Program Files/Unity/Hub/Editor/6000.6.4f1/Editor/Data/Managed/UnityEngine/UnityEngine.ClusterInputModule.dll"
-r:"C:/Program Files/Unity/Hub/Editor/6000.6.4f1/Editor/Data/Managed/UnityEngine/UnityEngine.ClusterRendererModule.dll"
-r:"C:/Program Files/Unity/Hub/Editor/6000.6.4f1/Editor/Data/Managed/UnityEngine/UnityEngine.ContentLoadModule.dll"
-r:"C:/Program Files/Unity/Hub/Editor/6000.6.4f1/Editor/Data/Managed/UnityEngine/UnityEngine.CoreModule.dll"
-r:"C:/Program Files/Unity/Hub/Editor/6000.6.4f1/Editor/Data/Managed/UnityEngine/UnityEngine.CrashReportingModule.dll"
-r:"C:/Program Files/Unity/Hub/Editor/6000.6.4f1/Editor/Data/Managed/UnityEngine/UnityEngine.DSPGraphModule.dll"
-r:"C:/Program Files/Unity/Hub/Editor/6000.6.4f1/Editor/Data/Managed/UnityEngine/UnityEngine.DirectorModule.dll"
-r:"C:/Program Files/Unity/Hub/Editor/6000.6.4f1/Editor/Data/Managed/UnityEngine/UnityEngine.GIModule.dll"
-r:"C:/Program Files/Unity/Hub/Editor/6000.6.4f1/Editor/Data/Managed/UnityEngine/UnityEngine.GameCenterModule.dll"
-r:"C:/Program Files/Unity/Hub/Editor/6000.6.4f1/Editor/Data/Managed/UnityEngine/UnityEngine.GraphicsStateCollectionSerializerModule.dll"
-r:"C:/Program Files/Unity/Hub/Editor/6000.6.4f1/Editor/Data/Managed/UnityEngine/UnityEngine.GridModule.dll"
-r:"C:/Program Files/Unity/Hub/Editor/6000.6.4f1/Editor/Data/Managed/UnityEngine/UnityEngine.HierarchyCoreModule.dll"
-r:"C:/Program Files/Unity/Hub/Editor/6000.6.4f1/Editor/Data/Managed/UnityEngine/UnityEngine.HotReloadModule.dll"
-r:"C:/Program Files/Unity/Hub/Editor/6000.6.4f1/Editor/Data/Managed/UnityEngine/UnityEngine.IMGUIModule.dll"
-r:"C:/Program Files/Unity/Hub/Editor/6000.6.4f1/Editor/Data/Managed/UnityEngine/UnityEngine.IdentifiersModule.dll"
-r:"C:/Program Files/Unity/Hub/Editor/6000.6.4f1/Editor/Data/Managed/UnityEngine/UnityEngine.ImageConversionModule.dll"
-r:"C:/Program Files/Unity/Hub/Editor/6000.6.4f1/Editor/Data/Managed/UnityEngine/UnityEngine.InputForUIModule.dll"
-r:"C:/Program Files/Unity/Hub/Editor/6000.6.4f1/Editor/Data/Managed/UnityEngine/UnityEngine.InputLegacyModule.dll"
-r:"C:/Program Files/Unity/Hub/Editor/6000.6.4f1/Editor/Data/Managed/UnityEngine/UnityEngine.InputModule.dll"
-r:"C:/Program Files/Unity/Hub/Editor/6000.6.4f1/Editor/Data/Managed/UnityEngine/UnityEngine.InsightsModule.dll"
-r:"C:/Program Files/Unity/Hub/Editor/6000.6.4f1/Editor/Data/Managed/UnityEngine/UnityEngine.JSONSerializeModule.dll"
-r:"C:/Program Files/Unity/Hub/Editor/6000.6.4f1/Editor/Data/Managed/UnityEngine/UnityEngine.LocalizationModule.dll"
-r:"C:/Program Files/Unity/Hub/Editor/6000.6.4f1/Editor/Data/Managed/UnityEngine/UnityEngine.ManagedKernelModule.dll"
-r:"C:/Program Files/Unity/Hub/Editor/6000.6.4f1/Editor/Data/Managed/UnityEngine/UnityEngine.MarshallingModule.dll"
-r:"C:/Program Files/Unity/Hub/Editor/6000.6.4f1/Editor/Data/Managed/UnityEngine/UnityEngine.MathematicsModule.dll"
-r:"C:/Program Files/Unity/Hub/Editor/6000.6.4f1/Editor/Data/Managed/UnityEngine/UnityEngine.MultiplayerModule.dll"
-r:"C:/Program Files/Unity/Hub/Editor/6000.6.4f1/Editor/Data/Managed/UnityEngine/UnityEngine.ParticleSystemModule.dll"
-r:"C:/Program Files/Unity/Hub/Editor/6000.6.4f1/Editor/Data/Managed/UnityEngine/UnityEngine.PerformanceReportingModule.dll"
-r:"C:/Program Files/Unity/Hub/Editor/6000.6.4f1/Editor/Data/Managed/UnityEngine/UnityEngine.Physics2DModule.dll"
-r:"C:/Program Files/Unity/Hub/Editor/6000.6.4f1/Editor/Data/Managed/UnityEngine/UnityEngine.PhysicsBackendPhysXModule.dll"
-r:"C:/Program Files/Unity/Hub/Editor/6000.6.4f1/Editor/Data/Managed/UnityEngine/UnityEngine.PhysicsCore2DModule.dll"
-r:"C:/Program Files/Unity/Hub/Editor/6000.6.4f1/Editor/Data/Managed/UnityEngine/UnityEngine.PhysicsModule.dll"
-r:"C:/Program Files/Unity/Hub/Editor/6000.6.4f1/Editor/Data/Managed/UnityEngine/UnityEngine.PropertiesModule.dll"
-r:"C:/Program Files/Unity/Hub/Editor/6000.6.4f1/Editor/Data/Managed/UnityEngine/UnityEngine.RenderAs2DModule.dll"
-r:"C:/Program Files/Unity/Hub/Editor/6000.6.4f1/Editor/Data/Managed/UnityEngine/UnityEngine.RuntimeInitializeOnLoadManagerInitializerModule.dll"
-r:"C:/Program Files/Unity/Hub/Editor/6000.6.4f1/Editor/Data/Managed/UnityEngine/UnityEngine.ScreenCaptureModule.dll"
-r:"C:/Program Files/Unity/Hub/Editor/6000.6.4f1/Editor/Data/Managed/UnityEngine/UnityEngine.ScriptingModule.dll"
-r:"C:/Program Files/Unity/Hub/Editor/6000.6.4f1/Editor/Data/Managed/UnityEngine/UnityEngine.ShaderVariantAnalyticsModule.dll"
-r:"C:/Program Files/Unity/Hub/Editor/6000.6.4f1/Editor/Data/Managed/UnityEngine/UnityEngine.SpriteMaskModule.dll"
-r:"C:/Program Files/Unity/Hub/Editor/6000.6.4f1/Editor/Data/Managed/UnityEngine/UnityEngine.SpriteShapeModule.dll"
-r:"C:/Program Files/Unity/Hub/Editor/6000.6.4f1/Editor/Data/Managed/UnityEngine/UnityEngine.StreamingModule.dll"
-r:"C:/Program Files/Unity/Hub/Editor/6000.6.4f1/Editor/Data/Managed/UnityEngine/UnityEngine.SubstanceModule.dll"
-r:"C:/Program Files/Unity/Hub/Editor/6000.6.4f1/Editor/Data/Managed/UnityEngine/UnityEngine.SubsystemsModule.dll"
-r:"C:/Program Files/Unity/Hub/Editor/6000.6.4f1/Editor/Data/Managed/UnityEngine/UnityEngine.TLSModule.dll"
-r:"C:/Program Files/Unity/Hub/Editor/6000.6.4f1/Editor/Data/Managed/UnityEngine/UnityEngine.TerrainModule.dll"
-r:"C:/Program Files/Unity/Hub/Editor/6000.6.4f1/Editor/Data/Managed/UnityEngine/UnityEngine.TerrainPhysicsModule.dll"
-r:"C:/Program Files/Unity/Hub/Editor/6000.6.4f1/Editor/Data/Managed/UnityEngine/UnityEngine.TetgenModule.dll"
-r:"C:/Program Files/Unity/Hub/Editor/6000.6.4f1/Editor/Data/Managed/UnityEngine/UnityEngine.TextCoreFontEngineModule.dll"
-r:"C:/Program Files/Unity/Hub/Editor/6000.6.4f1/Editor/Data/Managed/UnityEngine/UnityEngine.TextCoreTextEngineModule.dll"
-r:"C:/Program Files/Unity/Hub/Editor/6000.6.4f1/Editor/Data/Managed/UnityEngine/UnityEngine.TextRenderingModule.dll"
-r:"C:/Program Files/Unity/Hub/Editor/6000.6.4f1/Editor/Data/Managed/UnityEngine/UnityEngine.TilemapModule.dll"
-r:"C:/Program Files/Unity/Hub/Editor/6000.6.4f1/Editor/Data/Managed/UnityEngine/UnityEngine.TimelineFoundationModule.dll"
-r:"C:/Program Files/Unity/Hub/Editor/6000.6.4f1/Editor/Data/Managed/UnityEngine/UnityEngine.U2DRuntimeModule.dll"
-r:"C:/Program Files/Unity/Hub/Editor/6000.6.4f1/Editor/Data/Managed/UnityEngine/UnityEngine.UIElementsModule.dll"
-r:"C:/Program Files/Unity/Hub/Editor/6000.6.4f1/Editor/Data/Managed/UnityEngine/UnityEngine.UIModule.dll"
-r:"C:/Program Files/Unity/Hub/Editor/6000.6.4f1/Editor/Data/Managed/UnityEngine/UnityEngine.UmbraModule.dll"
-r:"C:/Program Files/Unity/Hub/Editor/6000.6.4f1/Editor/Data/Managed/UnityEngine/UnityEngine.UnityAnalyticsCommonModule.dll"
-r:"C:/Program Files/Unity/Hub/Editor/6000.6.4f1/Editor/Data/Managed/UnityEngine/UnityEngine.UnityAnalyticsModule.dll"
-r:"C:/Program Files/Unity/Hub/Editor/6000.6.4f1/Editor/Data/Managed/UnityEngine/UnityEngine.UnityConnectModule.dll"
-r:"C:/Program Files/Unity/Hub/Editor/6000.6.4f1/Editor/Data/Managed/UnityEngine/UnityEngine.UnityConsentModule.dll"
-r:"C:/Program Files/Unity/Hub/Editor/6000.6.4f1/Editor/Data/Managed/UnityEngine/UnityEngine.UnityCurlModule.dll"
-r:"C:/Program Files/Unity/Hub/Editor/6000.6.4f1/Editor/Data/Managed/UnityEngine/UnityEngine.UnityWebRequestAssetBundleModule.dll"
-r:"C:/Program Files/Unity/Hub/Editor/6000.6.4f1/Editor/Data/Managed/UnityEngine/UnityEngine.UnityWebRequestAudioModule.dll"
-r:"C:/Program Files/Unity/Hub/Editor/6000.6.4f1/Editor/Data/Managed/UnityEngine/UnityEngine.UnityWebRequestModule.dll"
-r:"C:/Program Files/Unity/Hub/Editor/6000.6.4f1/Editor/Data/Managed/UnityEngine/UnityEngine.UnityWebRequestTextureModule.dll"
-r:"C:/Program Files/Unity/Hub/Editor/6000.6.4f1/Editor/Data/Managed/UnityEngine/UnityEngine.UnityWebRequestWWWModule.dll"
-r:"C:/Program Files/Unity/Hub/Editor/6000.6.4f1/Editor/Data/Managed/UnityEngine/UnityEngine.VFXModule.dll"
-r:"C:/Program Files/Unity/Hub/Editor/6000.6.4f1/Editor/Data/Managed/UnityEngine/UnityEngine.VectorGraphicsModule.dll"
-r:"C:/Program Files/Unity/Hub/Editor/6000.6.4f1/Editor/Data/Managed/UnityEngine/UnityEngine.VehiclesModule.dll"
-r:"C:/Program Files/Unity/Hub/Editor/6000.6.4f1/Editor/Data/Managed/UnityEngine/UnityEngine.VideoModule.dll"
-r:"C:/Program Files/Unity/Hub/Editor/6000.6.4f1/Editor/Data/Managed/UnityEngine/UnityEngine.VirtualTexturingModule.dll"
-r:"C:/Program Files/Unity/Hub/Editor/6000.6.4f1/Editor/Data/Managed/UnityEngine/UnityEngine.WindModule.dll"
-r:"C:/Program Files/Unity/Hub/Editor/6000.6.4f1/Editor/Data/Managed/UnityEngine/UnityEngine.XRModule.dll"
-r:"C:/Program Files/Unity/Hub/Editor/6000.6.4f1/Editor/Data/Managed/UnityEngine/UnityEngine.dll"
-r:"C:/Program Files/Unity/Hub/Editor/6000.6.4f1/Editor/Data/NetStandard/Extensions/2.0.0/System.Runtime.InteropServices.WindowsRuntime.dll"
-r:"C:/Program Files/Unity/Hub/Editor/6000.6.4f1/Editor/Data/NetStandard/compat/2.1.0/shims/netfx/System.ComponentModel.Composition.dll"
-r:"C:/Program Files/Unity/Hub/Editor/6000.6.4f1/Editor/Data/NetStandard/compat/2.1.0/shims/netfx/System.Core.dll"
-r:"C:/Program Files/Unity/Hub/Editor/6000.6.4f1/Editor/Data/NetStandard/compat/2.1.0/shims/netfx/System.Data.dll"
-r:"C:/Program Files/Unity/Hub/Editor/6000.6.4f1/Editor/Data/NetStandard/compat/2.1.0/shims/netfx/System.Drawing.dll"
-r:"C:/Program Files/Unity/Hub/Editor/6000.6.4f1/Editor/Data/NetStandard/compat/2.1.0/shims/netfx/System.IO.Compression.FileSystem.dll"
-r:"C:/Program Files/Unity/Hub/Editor/6000.6.4f1/Editor/Data/NetStandard/compat/2.1.0/shims/netfx/System.Net.dll"
-r:"C:/Program Files/Unity/Hub/Editor/6000.6.4f1/Editor/Data/NetStandard/compat/2.1.0/shims/netfx/System.Numerics.dll"
-r:"C:/Program Files/Unity/Hub/Editor/6000.6.4f1/Editor/Data/NetStandard/compat/2.1.0/shims/netfx/System.Runtime.Serialization.dll"
-r:"C:/Program Files/Unity/Hub/Editor/6000.6.4f1/Editor/Data/NetStandard/compat/2.1.0/shims/netfx/System.ServiceModel.Web.dll"
-r:"C:/Program Files/Unity/Hub/Editor/6000.6.4f1/Editor/Data/NetStandard/compat/2.1.0/shims/netfx/System.Transactions.dll"
-r:"C:/Program Files/Unity/Hub/Editor/6000.6.4f1/Editor/Data/NetStandard/compat/2.1.0/shims/netfx/System.Web.dll"
-r:"C:/Program Files/Unity/Hub/Editor/6000.6.4f1/Editor/Data/NetStandard/compat/2.1.0/shims/netfx/System.Windows.dll"
-r:"C:/Program Files/Unity/Hub/Editor/6000.6.4f1/Editor/Data/NetStandard/compat/2.1.0/shims/netfx/System.Xml.Linq.dll"
-r:"C:/Program Files/Unity/Hub/Editor/6000.6.4f1/Editor/Data/NetStandard/compat/2.1.0/shims/netfx/System.Xml.Serialization.dll"
-r:"C:/Program Files/Unity/Hub/Editor/6000.6.4f1/Editor/Data/NetStandard/compat/2.1.0/shims/netfx/System.Xml.dll"
-r:"C:/Program Files/Unity/Hub/Editor/6000.6.4f1/Editor/Data/NetStandard/compat/2.1.0/shims/netfx/System.dll"
-r:"C:/Program Files/Unity/Hub/Editor/6000.6.4f1/Editor/Data/NetStandard/compat/2.1.0/shims/netfx/mscorlib.dll"
-r:"C:/Program Files/Unity/Hub/Editor/6000.6.4f1/Editor/Data/NetStandard/compat/2.1.0/shims/netstandard/Microsoft.Win32.Primitives.dll"
-r:"C:/Program Files/Unity/Hub/Editor/6000.6.4f1/Editor/Data/NetStandard/compat/2.1.0/shims/netstandard/System.AppContext.dll"
-r:"C:/Program Files/Unity/Hub/Editor/6000.6.4f1/Editor/Data/NetStandard/compat/2.1.0/shims/netstandard/System.Buffers.dll"
-r:"C:/Program Files/Unity/Hub/Editor/6000.6.4f1/Editor/Data/NetStandard/compat/2.1.0/shims/netstandard/System.Collections.Concurrent.dll"
-r:"C:/Program Files/Unity/Hub/Editor/6000.6.4f1/Editor/Data/NetStandard/compat/2.1.0/shims/netstandard/System.Collections.NonGeneric.dll"
-r:"C:/Program Files/Unity/Hub/Editor/6000.6.4f1/Editor/Data/NetStandard/compat/2.1.0/shims/netstandard/System.Collections.Specialized.dll"
-r:"C:/Program Files/Unity/Hub/Editor/6000.6.4f1/Editor/Data/NetStandard/compat/2.1.0/shims/netstandard/System.Collections.dll"
-r:"C:/Program Files/Unity/Hub/Editor/6000.6.4f1/Editor/Data/NetStandard/compat/2.1.0/shims/netstandard/System.ComponentModel.EventBasedAsync.dll"
-r:"C:/Program Files/Unity/Hub/Editor/6000.6.4f1/Editor/Data/NetStandard/compat/2.1.0/shims/netstandard/System.ComponentModel.Primitives.dll"
-r:"C:/Program Files/Unity/Hub/Editor/6000.6.4f1/Editor/Data/NetStandard/compat/2.1.0/shims/netstandard/System.ComponentModel.TypeConverter.dll"
-r:"C:/Program Files/Unity/Hub/Editor/6000.6.4f1/Editor/Data/NetStandard/compat/2.1.0/shims/netstandard/System.ComponentModel.dll"
-r:"C:/Program Files/Unity/Hub/Editor/6000.6.4f1/Editor/Data/NetStandard/compat/2.1.0/shims/netstandard/System.Console.dll"
-r:"C:/Program Files/Unity/Hub/Editor/6000.6.4f1/Editor/Data/NetStandard/compat/2.1.0/shims/netstandard/System.Data.Common.dll"
-r:"C:/Program Files/Unity/Hub/Editor/6000.6.4f1/Editor/Data/NetStandard/compat/2.1.0/shims/netstandard/System.Diagnostics.Contracts.dll"
-r:"C:/Program Files/Unity/Hub/Editor/6000.6.4f1/Editor/Data/NetStandard/compat/2.1.0/shims/netstandard/System.Diagnostics.Debug.dll"
-r:"C:/Program Files/Unity/Hub/Editor/6000.6.4f1/Editor/Data/NetStandard/compat/2.1.0/shims/netstandard/System.Diagnostics.FileVersionInfo.dll"
-r:"C:/Program Files/Unity/Hub/Editor/6000.6.4f1/Editor/Data/NetStandard/compat/2.1.0/shims/netstandard/System.Diagnostics.Process.dll"
-r:"C:/Program Files/Unity/Hub/Editor/6000.6.4f1/Editor/Data/NetStandard/compat/2.1.0/shims/netstandard/System.Diagnostics.StackTrace.dll"
-r:"C:/Program Files/Unity/Hub/Editor/6000.6.4f1/Editor/Data/NetStandard/compat/2.1.0/shims/netstandard/System.Diagnostics.TextWriterTraceListener.dll"
-r:"C:/Program Files/Unity/Hub/Editor/6000.6.4f1/Editor/Data/NetStandard/compat/2.1.0/shims/netstandard/System.Diagnostics.Tools.dll"
-r:"C:/Program Files/Unity/Hub/Editor/6000.6.4f1/Editor/Data/NetStandard/compat/2.1.0/shims/netstandard/System.Diagnostics.TraceSource.dll"
-r:"C:/Program Files/Unity/Hub/Editor/6000.6.4f1/Editor/Data/NetStandard/compat/2.1.0/shims/netstandard/System.Diagnostics.Tracing.dll"
-r:"C:/Program Files/Unity/Hub/Editor/6000.6.4f1/Editor/Data/NetStandard/compat/2.1.0/shims/netstandard/System.Drawing.Primitives.dll"
-r:"C:/Program Files/Unity/Hub/Editor/6000.6.4f1/Editor/Data/NetStandard/compat/2.1.0/shims/netstandard/System.Dynamic.Runtime.dll"
-r:"C:/Program Files/Unity/Hub/Editor/6000.6.4f1/Editor/Data/NetStandard/compat/2.1.0/shims/netstandard/System.Globalization.Calendars.dll"
-r:"C:/Program Files/Unity/Hub/Editor/6000.6.4f1/Editor/Data/NetStandard/compat/2.1.0/shims/netstandard/System.Globalization.Extensions.dll"
-r:"C:/Program Files/Unity/Hub/Editor/6000.6.4f1/Editor/Data/NetStandard/compat/2.1.0/shims/netstandard/System.Globalization.dll"
-r:"C:/Program Files/Unity/Hub/Editor/6000.6.4f1/Editor/Data/NetStandard/compat/2.1.0/shims/netstandard/System.IO.Compression.ZipFile.dll"
-r:"C:/Program Files/Unity/Hub/Editor/6000.6.4f1/Editor/Data/NetStandard/compat/2.1.0/shims/netstandard/System.IO.Compression.dll"
-r:"C:/Program Files/Unity/Hub/Editor/6000.6.4f1/Editor/Data/NetStandard/compat/2.1.0/shims/netstandard/System.IO.FileSystem.DriveInfo.dll"
-r:"C:/Program Files/Unity/Hub/Editor/6000.6.4f1/Editor/Data/NetStandard/compat/2.1.0/shims/netstandard/System.IO.FileSystem.Primitives.dll"
-r:"C:/Program Files/Unity/Hub/Editor/6000.6.4f1/Editor/Data/NetStandard/compat/2.1.0/shims/netstandard/System.IO.FileSystem.Watcher.dll"
-r:"C:/Program Files/Unity/Hub/Editor/6000.6.4f1/Editor/Data/NetStandard/compat/2.1.0/shims/netstandard/System.IO.FileSystem.dll"
-r:"C:/Program Files/Unity/Hub/Editor/6000.6.4f1/Editor/Data/NetStandard/compat/2.1.0/shims/netstandard/System.IO.IsolatedStorage.dll"
-r:"C:/Program Files/Unity/Hub/Editor/6000.6.4f1/Editor/Data/NetStandard/compat/2.1.0/shims/netstandard/System.IO.MemoryMappedFiles.dll"
-r:"C:/Program Files/Unity/Hub/Editor/6000.6.4f1/Editor/Data/NetStandard/compat/2.1.0/shims/netstandard/System.IO.Pipes.dll"
-r:"C:/Program Files/Unity/Hub/Editor/6000.6.4f1/Editor/Data/NetStandard/compat/2.1.0/shims/netstandard/System.IO.UnmanagedMemoryStream.dll"
-r:"C:/Program Files/Unity/Hub/Editor/6000.6.4f1/Editor/Data/NetStandard/compat/2.1.0/shims/netstandard/System.IO.dll"
-r:"C:/Program Files/Unity/Hub/Editor/6000.6.4f1/Editor/Data/NetStandard/compat/2.1.0/shims/netstandard/System.Linq.Expressions.dll"
-r:"C:/Program Files/Unity/Hub/Editor/6000.6.4f1/Editor/Data/NetStandard/compat/2.1.0/shims/netstandard/System.Linq.Parallel.dll"
-r:"C:/Program Files/Unity/Hub/Editor/6000.6.4f1/Editor/Data/NetStandard/compat/2.1.0/shims/netstandard/System.Linq.Queryable.dll"
-r:"C:/Program Files/Unity/Hub/Editor/6000.6.4f1/Editor/Data/NetStandard/compat/2.1.0/shims/netstandard/System.Linq.dll"
-r:"C:/Program Files/Unity/Hub/Editor/6000.6.4f1/Editor/Data/NetStandard/compat/2.1.0/shims/netstandard/System.Memory.dll"
-r:"C:/Program Files/Unity/Hub/Editor/6000.6.4f1/Editor/Data/NetStandard/compat/2.1.0/shims/netstandard/System.Net.Http.dll"
-r:"C:/Program Files/Unity/Hub/Editor/6000.6.4f1/Editor/Data/NetStandard/compat/2.1.0/shims/netstandard/System.Net.NameResolution.dll"
-r:"C:/Program Files/Unity/Hub/Editor/6000.6.4f1/Editor/Data/NetStandard/compat/2.1.0/shims/netstandard/System.Net.NetworkInformation.dll"
-r:"C:/Program Files/Unity/Hub/Editor/6000.6.4f1/Editor/Data/NetStandard/compat/2.1.0/shims/netstandard/System.Net.Ping.dll"
-r:"C:/Program Files/Unity/Hub/Editor/6000.6.4f1/Editor/Data/NetStandard/compat/2.1.0/shims/netstandard/System.Net.Primitives.dll"
-r:"C:/Program Files/Unity/Hub/Editor/6000.6.4f1/Editor/Data/NetStandard/compat/2.1.0/shims/netstandard/System.Net.Requests.dll"
-r:"C:/Program Files/Unity/Hub/Editor/6000.6.4f1/Editor/Data/NetStandard/compat/2.1.0/shims/netstandard/System.Net.Security.dll"
-r:"C:/Program Files/Unity/Hub/Editor/6000.6.4f1/Editor/Data/NetStandard/compat/2.1.0/shims/netstandard/System.Net.Sockets.dll"
-r:"C:/Program Files/Unity/Hub/Editor/6000.6.4f1/Editor/Data/NetStandard/compat/2.1.0/shims/netstandard/System.Net.WebHeaderCollection.dll"
-r:"C:/Program Files/Unity/Hub/Editor/6000.6.4f1/Editor/Data/NetStandard/compat/2.1.0/shims/netstandard/System.Net.WebSockets.Client.dll"
-r:"C:/Program Files/Unity/Hub/Editor/6000.6.4f1/Editor/Data/NetStandard/compat/2.1.0/shims/netstandard/System.Net.WebSockets.dll"
-r:"C:/Program Files/Unity/Hub/Editor/6000.6.4f1/Editor/Data/NetStandard/compat/2.1.0/shims/netstandard/System.Numerics.Vectors.dll"
-r:"C:/Program Files/Unity/Hub/Editor/6000.6.4f1/Editor/Data/NetStandard/compat/2.1.0/shims/netstandard/System.ObjectModel.dll"
-r:"C:/Program Files/Unity/Hub/Editor/6000.6.4f1/Editor/Data/NetStandard/compat/2.1.0/shims/netstandard/System.Reflection.DispatchProxy.dll"
-r:"C:/Program Files/Unity/Hub/Editor/6000.6.4f1/Editor/Data/NetStandard/compat/2.1.0/shims/netstandard/System.Reflection.Emit.ILGeneration.dll"
-r:"C:/Program Files/Unity/Hub/Editor/6000.6.4f1/Editor/Data/NetStandard/compat/2.1.0/shims/netstandard/System.Reflection.Emit.Lightweight.dll"
-r:"C:/Program Files/Unity/Hub/Editor/6000.6.4f1/Editor/Data/NetStandard/compat/2.1.0/shims/netstandard/System.Reflection.Emit.dll"
-r:"C:/Program Files/Unity/Hub/Editor/6000.6.4f1/Editor/Data/NetStandard/compat/2.1.0/shims/netstandard/System.Reflection.Extensions.dll"
-r:"C:/Program Files/Unity/Hub/Editor/6000.6.4f1/Editor/Data/NetStandard/compat/2.1.0/shims/netstandard/System.Reflection.Primitives.dll"
-r:"C:/Program Files/Unity/Hub/Editor/6000.6.4f1/Editor/Data/NetStandard/compat/2.1.0/shims/netstandard/System.Reflection.dll"
-r:"C:/Program Files/Unity/Hub/Editor/6000.6.4f1/Editor/Data/NetStandard/compat/2.1.0/shims/netstandard/System.Resources.Reader.dll"
-r:"C:/Program Files/Unity/Hub/Editor/6000.6.4f1/Editor/Data/NetStandard/compat/2.1.0/shims/netstandard/System.Resources.ResourceManager.dll"
-r:"C:/Program Files/Unity/Hub/Editor/6000.6.4f1/Editor/Data/NetStandard/compat/2.1.0/shims/netstandard/System.Resources.Writer.dll"
-r:"C:/Program Files/Unity/Hub/Editor/6000.6.4f1/Editor/Data/NetStandard/compat/2.1.0/shims/netstandard/System.Runtime.CompilerServices.VisualC.dll"
-r:"C:/Program Files/Unity/Hub/Editor/6000.6.4f1/Editor/Data/NetStandard/compat/2.1.0/shims/netstandard/System.Runtime.Extensions.dll"
-r:"C:/Program Files/Unity/Hub/Editor/6000.6.4f1/Editor/Data/NetStandard/compat/2.1.0/shims/netstandard/System.Runtime.Handles.dll"
-r:"C:/Program Files/Unity/Hub/Editor/6000.6.4f1/Editor/Data/NetStandard/compat/2.1.0/shims/netstandard/System.Runtime.InteropServices.RuntimeInformation.dll"
-r:"C:/Program Files/Unity/Hub/Editor/6000.6.4f1/Editor/Data/NetStandard/compat/2.1.0/shims/netstandard/System.Runtime.InteropServices.dll"
-r:"C:/Program Files/Unity/Hub/Editor/6000.6.4f1/Editor/Data/NetStandard/compat/2.1.0/shims/netstandard/System.Runtime.Numerics.dll"
-r:"C:/Program Files/Unity/Hub/Editor/6000.6.4f1/Editor/Data/NetStandard/compat/2.1.0/shims/netstandard/System.Runtime.Serialization.Formatters.dll"
-r:"C:/Program Files/Unity/Hub/Editor/6000.6.4f1/Editor/Data/NetStandard/compat/2.1.0/shims/netstandard/System.Runtime.Serialization.Json.dll"
-r:"C:/Program Files/Unity/Hub/Editor/6000.6.4f1/Editor/Data/NetStandard/compat/2.1.0/shims/netstandard/System.Runtime.Serialization.Primitives.dll"
-r:"C:/Program Files/Unity/Hub/Editor/6000.6.4f1/Editor/Data/NetStandard/compat/2.1.0/shims/netstandard/System.Runtime.Serialization.Xml.dll"
-r:"C:/Program Files/Unity/Hub/Editor/6000.6.4f1/Editor/Data/NetStandard/compat/2.1.0/shims/netstandard/System.Runtime.dll"
-r:"C:/Program Files/Unity/Hub/Editor/6000.6.4f1/Editor/Data/NetStandard/compat/2.1.0/shims/netstandard/System.Security.Claims.dll"
-r:"C:/Program Files/Unity/Hub/Editor/6000.6.4f1/Editor/Data/NetStandard/compat/2.1.0/shims/netstandard/System.Security.Cryptography.Algorithms.dll"
-r:"C:/Program Files/Unity/Hub/Editor/6000.6.4f1/Editor/Data/NetStandard/compat/2.1.0/shims/netstandard/System.Security.Cryptography.Csp.dll"
-r:"C:/Program Files/Unity/Hub/Editor/6000.6.4f1/Editor/Data/NetStandard/compat/2.1.0/shims/netstandard/System.Security.Cryptography.Encoding.dll"
-r:"C:/Program Files/Unity/Hub/Editor/6000.6.4f1/Editor/Data/NetStandard/compat/2.1.0/shims/netstandard/System.Security.Cryptography.Primitives.dll"
-r:"C:/Program Files/Unity/Hub/Editor/6000.6.4f1/Editor/Data/NetStandard/compat/2.1.0/shims/netstandard/System.Security.Cryptography.X509Certificates.dll"
-r:"C:/Program Files/Unity/Hub/Editor/6000.6.4f1/Editor/Data/NetStandard/compat/2.1.0/shims/netstandard/System.Security.Principal.dll"
-r:"C:/Program Files/Unity/Hub/Editor/6000.6.4f1/Editor/Data/NetStandard/compat/2.1.0/shims/netstandard/System.Security.SecureString.dll"
-r:"C:/Program Files/Unity/Hub/Editor/6000.6.4f1/Editor/Data/NetStandard/compat/2.1.0/shims/netstandard/System.Text.Encoding.Extensions.dll"
-r:"C:/Program Files/Unity/Hub/Editor/6000.6.4f1/Editor/Data/NetStandard/compat/2.1.0/shims/netstandard/System.Text.Encoding.dll"
-r:"C:/Program Files/Unity/Hub/Editor/6000.6.4f1/Editor/Data/NetStandard/compat/2.1.0/shims/netstandard/System.Text.RegularExpressions.dll"
-r:"C:/Program Files/Unity/Hub/Editor/6000.6.4f1/Editor/Data/NetStandard/compat/2.1.0/shims/netstandard/System.Threading.Overlapped.dll"
-r:"C:/Program Files/Unity/Hub/Editor/6000.6.4f1/Editor/Data/NetStandard/compat/2.1.0/shims/netstandard/System.Threading.Tasks.Extensions.dll"
-r:"C:/Program Files/Unity/Hub/Editor/6000.6.4f1/Editor/Data/NetStandard/compat/2.1.0/shims/netstandard/System.Threading.Tasks.Parallel.dll"
-r:"C:/Program Files/Unity/Hub/Editor/6000.6.4f1/Editor/Data/NetStandard/compat/2.1.0/shims/netstandard/System.Threading.Tasks.dll"
-r:"C:/Program Files/Unity/Hub/Editor/6000.6.4f1/Editor/Data/NetStandard/compat/2.1.0/shims/netstandard/System.Threading.Thread.dll"
-r:"C:/Program Files/Unity/Hub/Editor/6000.6.4f1/Editor/Data/NetStandard/compat/2.1.0/shims/netstandard/System.Threading.ThreadPool.dll"
-r:"C:/Program Files/Unity/Hub/Editor/6000.6.4f1/Editor/Data/NetStandard/compat/2.1.0/shims/netstandard/System.Threading.Timer.dll"
-r:"C:/Program Files/Unity/Hub/Editor/6000.6.4f1/Editor/Data/NetStandard/compat/2.1.0/shims/netstandard/System.Threading.dll"
-r:"C:/Program Files/Unity/Hub/Editor/6000.6.4f1/Editor/Data/NetStandard/compat/2.1.0/shims/netstandard/System.ValueTuple.dll"
-r:"C:/Program Files/Unity/Hub/Editor/6000.6.4f1/Editor/Data/NetStandard/compat/2.1.0/shims/netstandard/System.Xml.ReaderWriter.dll"
-r:"C:/Program Files/Unity/Hub/Editor/6000.6.4f1/Editor/Data/NetStandard/compat/2.1.0/shims/netstandard/System.Xml.XDocument.dll"
-r:"C:/Program Files/Unity/Hub/Editor/6000.6.4f1/Editor/Data/NetStandard/compat/2.1.0/shims/netstandard/System.Xml.XPath.XDocument.dll"
-r:"C:/Program Files/Unity/Hub/Editor/6000.6.4f1/Editor/Data/NetStandard/compat/2.1.0/shims/netstandard/System.Xml.XPath.dll"
-r:"C:/Program Files/Unity/Hub/Editor/6000.6.4f1/Editor/Data/NetStandard/compat/2.1.0/shims/netstandard/System.Xml.XmlDocument.dll"
-r:"C:/Program Files/Unity/Hub/Editor/6000.6.4f1/Editor/Data/NetStandard/compat/2.1.0/shims/netstandard/System.Xml.XmlSerializer.dll"
-r:"C:/Program Files/Unity/Hub/Editor/6000.6.4f1/Editor/Data/NetStandard/ref/2.1.0/netstandard.dll"
-analyzer:"C:/Program Files/Unity/Hub/Editor/6000.6.4f1/Editor/Data/BCLExtensions/TargetingPacks/netstandard2.1/analyzers/dotnet/roslyn4.0/cs/Microsoft.Extensions.Logging.Generators.dll"
-analyzer:"C:/Program Files/Unity/Hub/Editor/6000.6.4f1/Editor/Data/BCLExtensions/TargetingPacks/netstandard2.1/analyzers/dotnet/roslyn4.0/cs/System.Text.Json.SourceGeneration.dll"
-analyzer:"C:/Program Files/Unity/Hub/Editor/6000.6.4f1/Editor/Data/Tools/BuildPipeline/Unity.Analyzers.Common/Unity.Analyzers.Common.dll"
-analyzer:"C:/Program Files/Unity/Hub/Editor/6000.6.4f1/Editor/Data/Tools/BuildPipeline/Unity.Analyzers.LongLiving/Unity.Analyzers.LongLiving.dll"
-analyzer:"C:/Program Files/Unity/Hub/Editor/6000.6.4f1/Editor/Data/Tools/BuildPipeline/Unity.SourceGenerators/Unity.Properties.SourceGenerator.dll"
-analyzer:"C:/Program Files/Unity/Hub/Editor/6000.6.4f1/Editor/Data/Tools/BuildPipeline/Unity.SourceGenerators/Unity.SourceGenerators.dll"
-analyzer:"C:/Program Files/Unity/Hub/Editor/6000.6.4f1/Editor/Data/Tools/BuildPipeline/Unity.SourceGenerators/Unity.UIToolkit.SourceGenerator.dll"
"Library/PackageCache/com.unity.test-framework@80f691d4262b/UnityEngine.TestRunner/AssemblyInfo.cs"
"Library/PackageCache/com.unity.test-framework@80f691d4262b/UnityEngine.TestRunner/Assertions/AllocatingGCMemoryConstraint.cs"
"Library/PackageCache/com.unity.test-framework@80f691d4262b/UnityEngine.TestRunner/Assertions/ConstraintsExtensions.cs"
"Library/PackageCache/com.unity.test-framework@80f691d4262b/UnityEngine.TestRunner/Assertions/InvalidSignatureException.cs"
"Library/PackageCache/com.unity.test-framework@80f691d4262b/UnityEngine.TestRunner/Assertions/Is.cs"
"Library/PackageCache/com.unity.test-framework@80f691d4262b/UnityEngine.TestRunner/Assertions/LogAssert.cs"
"Library/PackageCache/com.unity.test-framework@80f691d4262b/UnityEngine.TestRunner/Assertions/LogScope/ILogScope.cs"
"Library/PackageCache/com.unity.test-framework@80f691d4262b/UnityEngine.TestRunner/Assertions/LogScope/LogEvent.cs"
"Library/PackageCache/com.unity.test-framework@80f691d4262b/UnityEngine.TestRunner/Assertions/LogScope/LogMatch.cs"
"Library/PackageCache/com.unity.test-framework@80f691d4262b/UnityEngine.TestRunner/Assertions/LogScope/LogScope.cs"
"Library/PackageCache/com.unity.test-framework@80f691d4262b/UnityEngine.TestRunner/Assertions/OutOfOrderExpectedLogMessageException.cs"
"Library/PackageCache/com.unity.test-framework@80f691d4262b/UnityEngine.TestRunner/Assertions/UnexpectedLogMessageException.cs"
"Library/PackageCache/com.unity.test-framework@80f691d4262b/UnityEngine.TestRunner/Assertions/UnhandledLogMessageException.cs"
"Library/PackageCache/com.unity.test-framework@80f691d4262b/UnityEngine.TestRunner/Assertions/UnityTestTimeoutException.cs"
"Library/PackageCache/com.unity.test-framework@80f691d4262b/UnityEngine.TestRunner/NUnitExtensions/ActionDelegator.cs"
"Library/PackageCache/com.unity.test-framework@80f691d4262b/UnityEngine.TestRunner/NUnitExtensions/Attributes/ConditionalIgnoreAttribute.cs"
"Library/PackageCache/com.unity.test-framework@80f691d4262b/UnityEngine.TestRunner/NUnitExtensions/Attributes/EnumeratorHelper.cs"
"Library/PackageCache/com.unity.test-framework@80f691d4262b/UnityEngine.TestRunner/NUnitExtensions/Attributes/ParametrizedIgnoreAttribute.cs"
"Library/PackageCache/com.unity.test-framework@80f691d4262b/UnityEngine.TestRunner/NUnitExtensions/Attributes/PlayModeTestsAttribute.cs"
"Library/PackageCache/com.unity.test-framework@80f691d4262b/UnityEngine.TestRunner/NUnitExtensions/Attributes/PreservedValuesAttribute.cs"
"Library/PackageCache/com.unity.test-framework@80f691d4262b/UnityEngine.TestRunner/NUnitExtensions/Attributes/TestEnumerator.cs"
"Library/PackageCache/com.unity.test-framework@80f691d4262b/UnityEngine.TestRunner/NUnitExtensions/Attributes/TestMustExpectAllLogsAttribute.cs"
"Library/PackageCache/com.unity.test-framework@80f691d4262b/UnityEngine.TestRunner/NUnitExtensions/Attributes/UnityCombinatorialStrategy.cs"
"Library/PackageCache/com.unity.test-framework@80f691d4262b/UnityEngine.TestRunner/NUnitExtensions/Attributes/UnityCoreClrExplicitDisabledAttribute.cs"
"Library/PackageCache/com.unity.test-framework@80f691d4262b/UnityEngine.TestRunner/NUnitExtensions/Attributes/UnityOneTimeSetUpAttribute.cs"
"Library/PackageCache/com.unity.test-framework@80f691d4262b/UnityEngine.TestRunner/NUnitExtensions/Attributes/UnityOneTimeTearDownAttribute.cs"
"Library/PackageCache/com.unity.test-framework@80f691d4262b/UnityEngine.TestRunner/NUnitExtensions/Attributes/UnityPlatformAttribute.cs"
"Library/PackageCache/com.unity.test-framework@80f691d4262b/UnityEngine.TestRunner/NUnitExtensions/Attributes/UnitySetUpAttribute.cs"
"Library/PackageCache/com.unity.test-framework@80f691d4262b/UnityEngine.TestRunner/NUnitExtensions/Attributes/UnityTearDownAttribute.cs"
"Library/PackageCache/com.unity.test-framework@80f691d4262b/UnityEngine.TestRunner/NUnitExtensions/Attributes/UnityTestAttribute.cs"
"Library/PackageCache/com.unity.test-framework@80f691d4262b/UnityEngine.TestRunner/NUnitExtensions/BaseDelegator.cs"
"Library/PackageCache/com.unity.test-framework@80f691d4262b/UnityEngine.TestRunner/NUnitExtensions/Commands/BeforeAfterTestCommandBase.cs"
"Library/PackageCache/com.unity.test-framework@80f691d4262b/UnityEngine.TestRunner/NUnitExtensions/Commands/BeforeAfterTestCommandState.cs"
"Library/PackageCache/com.unity.test-framework@80f691d4262b/UnityEngine.TestRunner/NUnitExtensions/Commands/EnumerableApplyChangesToContextCommand.cs"
"Library/PackageCache/com.unity.test-framework@80f691d4262b/UnityEngine.TestRunner/NUnitExtensions/Commands/EnumerableMaxTimeCommand.cs"
"Library/PackageCache/com.unity.test-framework@80f691d4262b/UnityEngine.TestRunner/NUnitExtensions/Commands/EnumerableOneTimeSetUpTearDownCommand.cs"
"Library/PackageCache/com.unity.test-framework@80f691d4262b/UnityEngine.TestRunner/NUnitExtensions/Commands/EnumerableRepeatedTestCommand.cs"
"Library/PackageCache/com.unity.test-framework@80f691d4262b/UnityEngine.TestRunner/NUnitExtensions/Commands/EnumerableRetryTestCommand.cs"
"Library/PackageCache/com.unity.test-framework@80f691d4262b/UnityEngine.TestRunner/NUnitExtensions/Commands/EnumerableSetUpTearDownCommand.cs"
"Library/PackageCache/com.unity.test-framework@80f691d4262b/UnityEngine.TestRunner/NUnitExtensions/Commands/EnumerableTestMethodCommand.cs"
"Library/PackageCache/com.unity.test-framework@80f691d4262b/UnityEngine.TestRunner/NUnitExtensions/Commands/EnumerableTestState.cs"
"Library/PackageCache/com.unity.test-framework@80f691d4262b/UnityEngine.TestRunner/NUnitExtensions/Commands/IgnoreTest.cs"
"Library/PackageCache/com.unity.test-framework@80f691d4262b/UnityEngine.TestRunner/NUnitExtensions/Commands/IgnoreTestCommand.cs"
"Library/PackageCache/com.unity.test-framework@80f691d4262b/UnityEngine.TestRunner/NUnitExtensions/Commands/ImmediateEnumerableCommand.cs"
"Library/PackageCache/com.unity.test-framework@80f691d4262b/UnityEngine.TestRunner/NUnitExtensions/Commands/OuterUnityTestActionCommand.cs"
"Library/PackageCache/com.unity.test-framework@80f691d4262b/UnityEngine.TestRunner/NUnitExtensions/Commands/ParametrizedIgnoreCommand.cs"
"Library/PackageCache/com.unity.test-framework@80f691d4262b/UnityEngine.TestRunner/NUnitExtensions/Commands/RepeatCommand.cs"
"Library/PackageCache/com.unity.test-framework@80f691d4262b/UnityEngine.TestRunner/NUnitExtensions/Commands/RetryCommand.cs"
"Library/PackageCache/com.unity.test-framework@80f691d4262b/UnityEngine.TestRunner/NUnitExtensions/Commands/SetUpTearDownCommand.cs"
"Library/PackageCache/com.unity.test-framework@80f691d4262b/UnityEngine.TestRunner/NUnitExtensions/Commands/StrictCheckCommand.cs"
"Library/PackageCache/com.unity.test-framework@80f691d4262b/UnityEngine.TestRunner/NUnitExtensions/Commands/TaskTestMethodCommand.cs"
"Library/PackageCache/com.unity.test-framework@80f691d4262b/UnityEngine.TestRunner/NUnitExtensions/Commands/TestActionCommand.cs"
"Library/PackageCache/com.unity.test-framework@80f691d4262b/UnityEngine.TestRunner/NUnitExtensions/Commands/TestCommandPcHelper.cs"
"Library/PackageCache/com.unity.test-framework@80f691d4262b/UnityEngine.TestRunner/NUnitExtensions/Commands/TimeoutCommand.cs"
"Library/PackageCache/com.unity.test-framework@80f691d4262b/UnityEngine.TestRunner/NUnitExtensions/Commands/UnityTestMethodCommand.cs"
"Library/PackageCache/com.unity.test-framework@80f691d4262b/UnityEngine.TestRunner/NUnitExtensions/ConstructDelegator.cs"
"Library/PackageCache/com.unity.test-framework@80f691d4262b/UnityEngine.TestRunner/NUnitExtensions/Filters/AndFilterExtended.cs"
"Library/PackageCache/com.unity.test-framework@80f691d4262b/UnityEngine.TestRunner/NUnitExtensions/Filters/AssemblyNameFilter.cs"
"Library/PackageCache/com.unity.test-framework@80f691d4262b/UnityEngine.TestRunner/NUnitExtensions/Filters/CategoryFilterExtended.cs"
"Library/PackageCache/com.unity.test-framework@80f691d4262b/UnityEngine.TestRunner/NUnitExtensions/Filters/EditorOnlyFilter.cs"
"Library/PackageCache/com.unity.test-framework@80f691d4262b/UnityEngine.TestRunner/NUnitExtensions/Filters/FullNameFilter.cs"
"Library/PackageCache/com.unity.test-framework@80f691d4262b/UnityEngine.TestRunner/NUnitExtensions/Filters/NonExplicitFilter.cs"
"Library/PackageCache/com.unity.test-framework@80f691d4262b/UnityEngine.TestRunner/NUnitExtensions/IAsyncTestAssemblyBuilder.cs"
"Library/PackageCache/com.unity.test-framework@80f691d4262b/UnityEngine.TestRunner/NUnitExtensions/IStateSerializer.cs"
"Library/PackageCache/com.unity.test-framework@80f691d4262b/UnityEngine.TestRunner/NUnitExtensions/ITestSuiteModifier.cs"
"Library/PackageCache/com.unity.test-framework@80f691d4262b/UnityEngine.TestRunner/NUnitExtensions/OrderedTestSuiteModifier.cs"
"Library/PackageCache/com.unity.test-framework@80f691d4262b/UnityEngine.TestRunner/NUnitExtensions/Runner/CompositeWorkItem.cs"
"Library/PackageCache/com.unity.test-framework@80f691d4262b/UnityEngine.TestRunner/NUnitExtensions/Runner/CoroutineTestWorkItem.cs"
"Library/PackageCache/com.unity.test-framework@80f691d4262b/UnityEngine.TestRunner/NUnitExtensions/Runner/DefaultTestWorkItem.cs"
"Library/PackageCache/com.unity.test-framework@80f691d4262b/UnityEngine.TestRunner/NUnitExtensions/Runner/FailCommand.cs"
"Library/PackageCache/com.unity.test-framework@80f691d4262b/UnityEngine.TestRunner/NUnitExtensions/Runner/FeatureFlags.cs"
"Library/PackageCache/com.unity.test-framework@80f691d4262b/UnityEngine.TestRunner/NUnitExtensions/Runner/IEnumerableTestMethodCommand.cs"
"Library/PackageCache/com.unity.test-framework@80f691d4262b/UnityEngine.TestRunner/NUnitExtensions/Runner/ITestCommandWrapper.cs"
"Library/PackageCache/com.unity.test-framework@80f691d4262b/UnityEngine.TestRunner/NUnitExtensions/Runner/PlaymodeWorkItemFactory.cs"
"Library/PackageCache/com.unity.test-framework@80f691d4262b/UnityEngine.TestRunner/NUnitExtensions/Runner/RestoreTestContextAfterDomainReload.cs"
"Library/PackageCache/com.unity.test-framework@80f691d4262b/UnityEngine.TestRunner/NUnitExtensions/Runner/TestCommandBuilder.cs"
"Library/PackageCache/com.unity.test-framework@80f691d4262b/UnityEngine.TestRunner/NUnitExtensions/Runner/TestCommandWrapperRegistry.cs"
"Library/PackageCache/com.unity.test-framework@80f691d4262b/UnityEngine.TestRunner/NUnitExtensions/Runner/UnityLogCheckDelegatingCommand.cs"
"Library/PackageCache/com.unity.test-framework@80f691d4262b/UnityEngine.TestRunner/NUnitExtensions/Runner/UnityTestAssemblyRunner.cs"
"Library/PackageCache/com.unity.test-framework@80f691d4262b/UnityEngine.TestRunner/NUnitExtensions/Runner/UnityTestExecutionContext.cs"
"Library/PackageCache/com.unity.test-framework@80f691d4262b/UnityEngine.TestRunner/NUnitExtensions/Runner/UnityWorkItem.cs"
"Library/PackageCache/com.unity.test-framework@80f691d4262b/UnityEngine.TestRunner/NUnitExtensions/Runner/UnityWorkItemDataHolder.cs"
"Library/PackageCache/com.unity.test-framework@80f691d4262b/UnityEngine.TestRunner/NUnitExtensions/Runner/WorkItemFactory.cs"
"Library/PackageCache/com.unity.test-framework@80f691d4262b/UnityEngine.TestRunner/NUnitExtensions/TestExtensions.cs"
"Library/PackageCache/com.unity.test-framework@80f691d4262b/UnityEngine.TestRunner/NUnitExtensions/TestResultExtensions.cs"
"Library/PackageCache/com.unity.test-framework@80f691d4262b/UnityEngine.TestRunner/NUnitExtensions/UnityTestAssemblyBuilder.cs"
"Library/PackageCache/com.unity.test-framework@80f691d4262b/UnityEngine.TestRunner/TestRunner/Callbacks/PlayModeRunnerCallback.cs"
"Library/PackageCache/com.unity.test-framework@80f691d4262b/UnityEngine.TestRunner/TestRunner/Callbacks/PlayerQuitHandler.cs"
"Library/PackageCache/com.unity.test-framework@80f691d4262b/UnityEngine.TestRunner/TestRunner/Callbacks/RemoteTestResultSender.cs"
"Library/PackageCache/com.unity.test-framework@80f691d4262b/UnityEngine.TestRunner/TestRunner/Callbacks/TestResultRenderer.cs"
"Library/PackageCache/com.unity.test-framework@80f691d4262b/UnityEngine.TestRunner/TestRunner/Callbacks/TestResultRendererCallback.cs"
"Library/PackageCache/com.unity.test-framework@80f691d4262b/UnityEngine.TestRunner/TestRunner/ITestRunnerListener.cs"
"Library/PackageCache/com.unity.test-framework@80f691d4262b/UnityEngine.TestRunner/TestRunner/Messages/IEditModeTestYieldInstruction.cs"
"Library/PackageCache/com.unity.test-framework@80f691d4262b/UnityEngine.TestRunner/TestRunner/PlaymodeTestsController.cs"
"Library/PackageCache/com.unity.test-framework@80f691d4262b/UnityEngine.TestRunner/TestRunner/PlaymodeTestsControllerSettings.cs"
"Library/PackageCache/com.unity.test-framework@80f691d4262b/UnityEngine.TestRunner/TestRunner/RemoteHelpers/IRemoteTestResultDataFactory.cs"
"Library/PackageCache/com.unity.test-framework@80f691d4262b/UnityEngine.TestRunner/TestRunner/RemoteHelpers/PlayerConnectionMessageIds.cs"
"Library/PackageCache/com.unity.test-framework@80f691d4262b/UnityEngine.TestRunner/TestRunner/RemoteHelpers/RemoteTestData.cs"
"Library/PackageCache/com.unity.test-framework@80f691d4262b/UnityEngine.TestRunner/TestRunner/RemoteHelpers/RemoteTestResultData.cs"
"Library/PackageCache/com.unity.test-framework@80f691d4262b/UnityEngine.TestRunner/TestRunner/RemoteHelpers/RemoteTestResultDataFactory.cs"
"Library/PackageCache/com.unity.test-framework@80f691d4262b/UnityEngine.TestRunner/TestRunner/RemoteHelpers/RemoteTestResultDataWithTestData.cs"
"Library/PackageCache/com.unity.test-framework@80f691d4262b/UnityEngine.TestRunner/TestRunner/RuntimeTestRunnerFilter.cs"
"Library/PackageCache/com.unity.test-framework@80f691d4262b/UnityEngine.TestRunner/TestRunner/SynchronousFilter.cs"
"Library/PackageCache/com.unity.test-framework@80f691d4262b/UnityEngine.TestRunner/TestRunner/TestEnumeratorWrapper.cs"
"Library/PackageCache/com.unity.test-framework@80f691d4262b/UnityEngine.TestRunner/TestRunner/TestListenerWrapper.cs"
"Library/PackageCache/com.unity.test-framework@80f691d4262b/UnityEngine.TestRunner/TestRunner/TestPlatform.cs"
"Library/PackageCache/com.unity.test-framework@80f691d4262b/UnityEngine.TestRunner/TestRunner/TestTaskWrapper.cs"
"Library/PackageCache/com.unity.test-framework@80f691d4262b/UnityEngine.TestRunner/UnityTestProtocol/DeterministicGuid.cs"
"Library/PackageCache/com.unity.test-framework@80f691d4262b/UnityEngine.TestRunner/UnityTestProtocol/MessageForRetryRepeat.cs"
"Library/PackageCache/com.unity.test-framework@80f691d4262b/UnityEngine.TestRunner/UnityTestProtocol/TestFinishMessage.cs"
"Library/PackageCache/com.unity.test-framework@80f691d4262b/UnityEngine.TestRunner/UnityTestProtocol/TestStartedMessage.cs"
"Library/PackageCache/com.unity.test-framework@80f691d4262b/UnityEngine.TestRunner/UnityTestProtocol/TestState.cs"
"Library/PackageCache/com.unity.test-framework@80f691d4262b/UnityEngine.TestRunner/Utils/AssemblyProvider/AssemblyLoadProxy.cs"
"Library/PackageCache/com.unity.test-framework@80f691d4262b/UnityEngine.TestRunner/Utils/AssemblyProvider/AssemblyWrapper.cs"
"Library/PackageCache/com.unity.test-framework@80f691d4262b/UnityEngine.TestRunner/Utils/AssemblyProvider/IAssemblyLoadProxy.cs"
"Library/PackageCache/com.unity.test-framework@80f691d4262b/UnityEngine.TestRunner/Utils/AssemblyProvider/IAssemblyWrapper.cs"
"Library/PackageCache/com.unity.test-framework@80f691d4262b/UnityEngine.TestRunner/Utils/AssemblyProvider/IScriptingRuntimeProxy.cs"
"Library/PackageCache/com.unity.test-framework@80f691d4262b/UnityEngine.TestRunner/Utils/AssemblyProvider/PlayerTestAssemblyProvider.cs"
"Library/PackageCache/com.unity.test-framework@80f691d4262b/UnityEngine.TestRunner/Utils/AssemblyProvider/ScriptingRuntimeProxy.cs"
"Library/PackageCache/com.unity.test-framework@80f691d4262b/UnityEngine.TestRunner/Utils/AttributeHelper.cs"
"Library/PackageCache/com.unity.test-framework@80f691d4262b/UnityEngine.TestRunner/Utils/ColorEqualityComparer.cs"
"Library/PackageCache/com.unity.test-framework@80f691d4262b/UnityEngine.TestRunner/Utils/CoroutineRunner.cs"
"Library/PackageCache/com.unity.test-framework@80f691d4262b/UnityEngine.TestRunner/Utils/FloatEqualityComparer.cs"
"Library/PackageCache/com.unity.test-framework@80f691d4262b/UnityEngine.TestRunner/Utils/IOuterUnityTestAction.cs"
"Library/PackageCache/com.unity.test-framework@80f691d4262b/UnityEngine.TestRunner/Utils/IPostBuildCleanup.cs"
"Library/PackageCache/com.unity.test-framework@80f691d4262b/UnityEngine.TestRunner/Utils/IPostbuildCleanupWithTestData.cs"
"Library/PackageCache/com.unity.test-framework@80f691d4262b/UnityEngine.TestRunner/Utils/IPrebuildSetup.cs"
"Library/PackageCache/com.unity.test-framework@80f691d4262b/UnityEngine.TestRunner/Utils/IPrebuildSetupWithTestData.cs"
"Library/PackageCache/com.unity.test-framework@80f691d4262b/UnityEngine.TestRunner/Utils/ITestRunCallback.cs"
"Library/PackageCache/com.unity.test-framework@80f691d4262b/UnityEngine.TestRunner/Utils/MonoBehaviourTest/IMonoBehaviourTest.cs"
"Library/PackageCache/com.unity.test-framework@80f691d4262b/UnityEngine.TestRunner/Utils/MonoBehaviourTest/MonoBehaviourTest.cs"
"Library/PackageCache/com.unity.test-framework@80f691d4262b/UnityEngine.TestRunner/Utils/PostBuildCleanupAttribute.cs"
"Library/PackageCache/com.unity.test-framework@80f691d4262b/UnityEngine.TestRunner/Utils/PostBuildCleanupWithTestDataAttribute.cs"
"Library/PackageCache/com.unity.test-framework@80f691d4262b/UnityEngine.TestRunner/Utils/PrebuildSetupAttribute.cs"
"Library/PackageCache/com.unity.test-framework@80f691d4262b/UnityEngine.TestRunner/Utils/PrebuildSetupWithTestDataAttribute.cs"
"Library/PackageCache/com.unity.test-framework@80f691d4262b/UnityEngine.TestRunner/Utils/QuaternionEqualityComparer.cs"
"Library/PackageCache/com.unity.test-framework@80f691d4262b/UnityEngine.TestRunner/Utils/StacktraceFilter.cs"
"Library/PackageCache/com.unity.test-framework@80f691d4262b/UnityEngine.TestRunner/Utils/TestData.cs"
"Library/PackageCache/com.unity.test-framework@80f691d4262b/UnityEngine.TestRunner/Utils/TestMode.cs"
"Library/PackageCache/com.unity.test-framework@80f691d4262b/UnityEngine.TestRunner/Utils/TestRunCallbackAttribute.cs"
"Library/PackageCache/com.unity.test-framework@80f691d4262b/UnityEngine.TestRunner/Utils/TestRunCallbackListener.cs"
"Library/PackageCache/com.unity.test-framework@80f691d4262b/UnityEngine.TestRunner/Utils/Utils.cs"
"Library/PackageCache/com.unity.test-framework@80f691d4262b/UnityEngine.TestRunner/Utils/Vector2ComparerWithEqualsOperator.cs"
"Library/PackageCache/com.unity.test-framework@80f691d4262b/UnityEngine.TestRunner/Utils/Vector2EqualityComparer.cs"
"Library/PackageCache/com.unity.test-framework@80f691d4262b/UnityEngine.TestRunner/Utils/Vector3ComparerWithEqualsOperator.cs"
"Library/PackageCache/com.unity.test-framework@80f691d4262b/UnityEngine.TestRunner/Utils/Vector3EqualityComparer.cs"
"Library/PackageCache/com.unity.test-framework@80f691d4262b/UnityEngine.TestRunner/Utils/Vector4ComparerWithEqualsOperator.cs"
"Library/PackageCache/com.unity.test-framework@80f691d4262b/UnityEngine.TestRunner/Utils/Vector4EqualityComparer.cs"
-langversion:9.0
/deterministic
/optimize+
/debug:portable
/nologo
/RuntimeMetadataVersion:v4.0.30319
/nowarn:0169
/nowarn:0649
/nowarn:0282
/nowarn:1701
/nowarn:1702
/utf8output
/preferreduilang:en-US
-warn:0
/additionalfile:"Library/Bee/artifacts/1900b0aE.dag/UnityEngine.TestRunner.UnityAdditionalFile.txt"
##### Custom Environment Variables
DOTNET_HOST_PATH=C:\Program Files\Unity\Hub\Editor\6000.6.4f1\Editor\Data\DotNetSdk\dotnet.exe
DOTNET_MULTILEVEL_LOOKUP=0
DOTNET_SYSTEM_GLOBALIZATION_USENLS=1
##### ExitCode
1
##### Output
Library\PackageCache\com.unity.test-framework@80f691d4262b\UnityEngine.TestRunner\Assertions\AllocatingGCMemoryConstraint.cs(2,7): error CS0246: The type or namespace name 'NUnit' could not be found (are you missing a using directive or an assembly reference?)

Library\PackageCache\com.unity.test-framework@80f691d4262b\UnityEngine.TestRunner\Assertions\AllocatingGCMemoryConstraint.cs(3,7): error CS0246: The type or namespace name 'NUnit' could not be found (are you missing a using directive or an assembly reference?)

Library\PackageCache\com.unity.test-framework@80f691d4262b\UnityEngine.TestRunner\Assertions\ConstraintsExtensions.cs(2,7): error CS0246: The type or namespace name 'NUnit' could not be found (are you missing a using directive or an assembly reference?)

Library\PackageCache\com.unity.test-framework@80f691d4262b\UnityEngine.TestRunner\Assertions\InvalidSignatureException.cs(2,7): error CS0246: The type or namespace name 'NUnit' could not be found (are you missing a using directive or an assembly reference?)

Library\PackageCache\com.unity.test-framework@80f691d4262b\UnityEngine.TestRunner\Assertions\InvalidSignatureException.cs(3,7): error CS0246: The type or namespace name 'NUnit' could not be found (are you missing a using directive or an assembly reference?)

Library\PackageCache\com.unity.test-framework@80f691d4262b\UnityEngine.TestRunner\Assertions\OutOfOrderExpectedLogMessageException.cs(2,7): error CS0246: The type or namespace name 'NUnit' could not be found (are you missing a using directive or an assembly reference?)

Library\PackageCache\com.unity.test-framework@80f691d4262b\UnityEngine.TestRunner\Assertions\OutOfOrderExpectedLogMessageException.cs(3,7): error CS0246: The type or namespace name 'NUnit' could not be found (are you missing a using directive or an assembly reference?)

Library\PackageCache\com.unity.test-framework@80f691d4262b\UnityEngine.TestRunner\Assertions\UnexpectedLogMessageException.cs(2,7): error CS0246: The type or namespace name 'NUnit' could not be found (are you missing a using directive or an assembly reference?)

Library\PackageCache\com.unity.test-framework@80f691d4262b\UnityEngine.TestRunner\Assertions\UnexpectedLogMessageException.cs(3,7): error CS0246: The type or namespace name 'NUnit' could not be found (are you missing a using directive or an assembly reference?)

Library\PackageCache\com.unity.test-framework@80f691d4262b\UnityEngine.TestRunner\Assertions\UnhandledLogMessageException.cs(2,7): error CS0246: The type or namespace name 'NUnit' could not be found (are you missing a using directive or an assembly reference?)

Library\PackageCache\com.unity.test-framework@80f691d4262b\UnityEngine.TestRunner\Assertions\UnhandledLogMessageException.cs(3,7): error CS0246: The type or namespace name 'NUnit' could not be found (are you missing a using directive or an assembly reference?)

Library\PackageCache\com.unity.test-framework@80f691d4262b\UnityEngine.TestRunner\Assertions\UnityTestTimeoutException.cs(2,7): error CS0246: The type or namespace name 'NUnit' could not be found (are you missing a using directive or an assembly reference?)

Library\PackageCache\com.unity.test-framework@80f691d4262b\UnityEngine.TestRunner\Assertions\UnityTestTimeoutException.cs(3,7): error CS0246: The type or namespace name 'NUnit' could not be found (are you missing a using directive or an assembly reference?)

Library\PackageCache\com.unity.test-framework@80f691d4262b\UnityEngine.TestRunner\NUnitExtensions\Attributes\ConditionalIgnoreAttribute.cs(3,7): error CS0246: The type or namespace name 'NUnit' could not be found (are you missing a using directive or an assembly reference?)

Library\PackageCache\com.unity.test-framework@80f691d4262b\UnityEngine.TestRunner\NUnitExtensions\Attributes\ConditionalIgnoreAttribute.cs(4,7): error CS0246: The type or namespace name 'NUnit' could not be found (are you missing a using directive or an assembly reference?)

Library\PackageCache\com.unity.test-framework@80f691d4262b\UnityEngine.TestRunner\NUnitExtensions\Attributes\ConditionalIgnoreAttribute.cs(5,7): error CS0246: The type or namespace name 'NUnit' could not be found (are you missing a using directive or an assembly reference?)

Library\PackageCache\com.unity.test-framework@80f691d4262b\UnityEngine.TestRunner\NUnitExtensions\Attributes\ParametrizedIgnoreAttribute.cs(1,7): error CS0246: The type or namespace name 'NUnit' could not be found (are you missing a using directive or an assembly reference?)

Library\PackageCache\com.unity.test-framework@80f691d4262b\UnityEngine.TestRunner\NUnitExtensions\Attributes\ParametrizedIgnoreAttribute.cs(2,7): error CS0246: The type or namespace name 'NUnit' could not be found (are you missing a using directive or an assembly reference?)

Library\PackageCache\com.unity.test-framework@80f691d4262b\UnityEngine.TestRunner\NUnitExtensions\Attributes\ParametrizedIgnoreAttribute.cs(3,7): error CS0246: The type or namespace name 'NUnit' could not be found (are you missing a using directive or an assembly reference?)

Library\PackageCache\com.unity.test-framework@80f691d4262b\UnityEngine.TestRunner\NUnitExtensions\Attributes\PreservedValuesAttribute.cs(1,7): error CS0246: The type or namespace name 'NUnit' could not be found (are you missing a using directive or an assembly reference?)

Library\PackageCache\com.unity.test-framework@80f691d4262b\UnityEngine.TestRunner\NUnitExtensions\Attributes\TestEnumerator.cs(3,7): error CS0246: The type or namespace name 'NUnit' could not be found (are you missing a using directive or an assembly reference?)

Library\PackageCache\com.unity.test-framework@80f691d4262b\UnityEngine.TestRunner\NUnitExtensions\Attributes\TestEnumerator.cs(4,7): error CS0246: The type or namespace name 'NUnit' could not be found (are you missing a using directive or an assembly reference?)

Library\PackageCache\com.unity.test-framework@80f691d4262b\UnityEngine.TestRunner\NUnitExtensions\Attributes\UnityCombinatorialStrategy.cs(4,7): error CS0246: The type or namespace name 'NUnit' could not be found (are you missing a using directive or an assembly reference?)

Library\PackageCache\com.unity.test-framework@80f691d4262b\UnityEngine.TestRunner\NUnitExtensions\Attributes\UnityCombinatorialStrategy.cs(5,7): error CS0246: The type or namespace name 'NUnit' could not be found (are you missing a using directive or an assembly reference?)

Library\PackageCache\com.unity.test-framework@80f691d4262b\UnityEngine.TestRunner\NUnitExtensions\Attributes\UnityCoreClrExplicitDisabledAttribute.cs(5,7): error CS0246: The type or namespace name 'NUnit' could not be found (are you missing a using directive or an assembly reference?)

Library\PackageCache\com.unity.test-framework@80f691d4262b\UnityEngine.TestRunner\NUnitExtensions\Attributes\UnityCoreClrExplicitDisabledAttribute.cs(6,7): error CS0246: The type or namespace name 'NUnit' could not be found (are you missing a using directive or an assembly reference?)

Library\PackageCache\com.unity.test-framework@80f691d4262b\UnityEngine.TestRunner\NUnitExtensions\Attributes\UnityCoreClrExplicitDisabledAttribute.cs(7,7): error CS0246: The type or namespace name 'NUnit' could not be found (are you missing a using directive or an assembly reference?)

Library\PackageCache\com.unity.test-framework@80f691d4262b\UnityEngine.TestRunner\NUnitExtensions\Attributes\UnityOneTimeSetUpAttribute.cs(2,7): error CS0246: The type or namespace name 'NUnit' could not be found (are you missing a using directive or an assembly reference?)

Library\PackageCache\com.unity.test-framework@80f691d4262b\UnityEngine.TestRunner\NUnitExtensions\Attributes\UnityOneTimeTearDownAttribute.cs(2,7): error CS0246: The type or namespace name 'NUnit' could not be found (are you missing a using directive or an assembly reference?)

Library\PackageCache\com.unity.test-framework@80f691d4262b\UnityEngine.TestRunner\NUnitExtensions\Attributes\UnityPlatformAttribute.cs(4,7): error CS0246: The type or namespace name 'NUnit' could not be found (are you missing a using directive or an assembly reference?)

Library\PackageCache\com.unity.test-framework@80f691d4262b\UnityEngine.TestRunner\NUnitExtensions\Attributes\UnityPlatformAttribute.cs(5,7): error CS0246: The type or namespace name 'NUnit' could not be found (are you missing a using directive or an assembly reference?)

Library\PackageCache\com.unity.test-framework@80f691d4262b\UnityEngine.TestRunner\NUnitExtensions\Attributes\UnityPlatformAttribute.cs(6,7): error CS0246: The type or namespace name 'NUnit' could not be found (are you missing a using directive or an assembly reference?)

Library\PackageCache\com.unity.test-framework@80f691d4262b\UnityEngine.TestRunner\NUnitExtensions\Attributes\UnitySetUpAttribute.cs(2,7): error CS0246: The type or namespace name 'NUnit' could not be found (are you missing a using directive or an assembly reference?)

Library\PackageCache\com.unity.test-framework@80f691d4262b\UnityEngine.TestRunner\NUnitExtensions\Attributes\UnityTearDownAttribute.cs(2,7): error CS0246: The type or namespace name 'NUnit' could not be found (are you missing a using directive or an assembly reference?)

Library\PackageCache\com.unity.test-framework@80f691d4262b\UnityEngine.TestRunner\NUnitExtensions\Attributes\UnityTestAttribute.cs(4,7): error CS0246: The type or namespace name 'NUnit' could not be found (are you missing a using directive or an assembly reference?)

Library\PackageCache\com.unity.test-framework@80f691d4262b\UnityEngine.TestRunner\NUnitExtensions\Attributes\UnityTestAttribute.cs(5,7): error CS0246: The type or namespace name 'NUnit' could not be found (are you missing a using directive or an assembly reference?)

Library\PackageCache\com.unity.test-framework@80f691d4262b\UnityEngine.TestRunner\NUnitExtensions\Attributes\UnityTestAttribute.cs(6,7): error CS0246: The type or namespace name 'NUnit' could not be found (are you missing a using directive or an assembly reference?)

Library\PackageCache\com.unity.test-framework@80f691d4262b\UnityEngine.TestRunner\NUnitExtensions\Attributes\UnityTestAttribute.cs(7,7): error CS0246: The type or namespace name 'NUnit' could not be found (are you missing a using directive or an assembly reference?)

Library\PackageCache\com.unity.test-framework@80f691d4262b\UnityEngine.TestRunner\NUnitExtensions\BaseDelegator.cs(3,7): error CS0246: The type or namespace name 'NUnit' could not be found (are you missing a using directive or an assembly reference?)

Library\PackageCache\com.unity.test-framework@80f691d4262b\UnityEngine.TestRunner\NUnitExtensions\Commands\BeforeAfterTestCommandBase.cs(6,7): error CS0246: The type or namespace name 'NUnit' could not be found (are you missing a using directive or an assembly reference?)

Library\PackageCache\com.unity.test-framework@80f691d4262b\UnityEngine.TestRunner\NUnitExtensions\Commands\BeforeAfterTestCommandBase.cs(7,7): error CS0246: The type or namespace name 'NUnit' could not be found (are you missing a using directive or an assembly reference?)

Library\PackageCache\com.unity.test-framework@80f691d4262b\UnityEngine.TestRunner\NUnitExtensions\Commands\BeforeAfterTestCommandBase.cs(8,7): error CS0246: The type or namespace name 'NUnit' could not be found (are you missing a using directive or an assembly reference?)

Library\PackageCache\com.unity.test-framework@80f691d4262b\UnityEngine.TestRunner\NUnitExtensions\Commands\BeforeAfterTestCommandState.cs(4,7): error CS0246: The type or namespace name 'NUnit' could not be found (are you missing a using directive or an assembly reference?)

Library\PackageCache\com.unity.test-framework@80f691d4262b\UnityEngine.TestRunner\NUnitExtensions\Commands\EnumerableApplyChangesToContextCommand.cs(4,7): error CS0246: The type or namespace name 'NUnit' could not be found (are you missing a using directive or an assembly reference?)

Library\PackageCache\com.unity.test-framework@80f691d4262b\UnityEngine.TestRunner\NUnitExtensions\Commands\EnumerableApplyChangesToContextCommand.cs(5,7): error CS0246: The type or namespace name 'NUnit' could not be found (are you missing a using directive or an assembly reference?)

Library\PackageCache\com.unity.test-framework@80f691d4262b\UnityEngine.TestRunner\NUnitExtensions\Commands\EnumerableApplyChangesToContextCommand.cs(6,7): error CS0246: The type or namespace name 'NUnit' could not be found (are you missing a using directive or an assembly reference?)

Library\PackageCache\com.unity.test-framework@80f691d4262b\UnityEngine.TestRunner\NUnitExtensions\Commands\EnumerableMaxTimeCommand.cs(4,7): error CS0246: The type or namespace name 'NUnit' could not be found (are you missing a using directive or an assembly reference?)

Library\PackageCache\com.unity.test-framework@80f691d4262b\UnityEngine.TestRunner\NUnitExtensions\Commands\EnumerableMaxTimeCommand.cs(5,7): error CS0246: The type or namespace name 'NUnit' could not be found (are you missing a using directive or an assembly reference?)

Library\PackageCache\com.unity.test-framework@80f691d4262b\UnityEngine.TestRunner\NUnitExtensions\Commands\EnumerableMaxTimeCommand.cs(6,7): error CS0246: The type or namespace name 'NUnit' could not be found (are you missing a using directive or an assembly reference?)

Library\PackageCache\com.unity.test-framework@80f691d4262b\UnityEngine.TestRunner\NUnitExtensions\Commands\EnumerableOneTimeSetUpTearDownCommand.cs(6,7): error CS0246: The type or namespace name 'NUnit' could not be found (are you missing a using directive or an assembly reference?)

Library\PackageCache\com.unity.test-framework@80f691d4262b\UnityEngine.TestRunner\NUnitExtensions\Commands\EnumerableOneTimeSetUpTearDownCommand.cs(7,7): error CS0246: The type or namespace name 'NUnit' could not be found (are you missing a using directive or an assembly reference?)

Library\PackageCache\com.unity.test-framework@80f691d4262b\UnityEngine.TestRunner\NUnitExtensions\Commands\EnumerableOneTimeSetUpTearDownCommand.cs(8,7): error CS0246: The type or namespace name 'NUnit' could not be found (are you missing a using directive or an assembly reference?)

Library\PackageCache\com.unity.test-framework@80f691d4262b\UnityEngine.TestRunner\NUnitExtensions\Commands\EnumerableRepeatedTestCommand.cs(4,7): error CS0246: The type or namespace name 'NUnit' could not be found (are you missing a using directive or an assembly reference?)

Library\PackageCache\com.unity.test-framework@80f691d4262b\UnityEngine.TestRunner\NUnitExtensions\Commands\EnumerableRepeatedTestCommand.cs(5,7): error CS0246: The type or namespace name 'NUnit' could not be found (are you missing a using directive or an assembly reference?)

Library\PackageCache\com.unity.test-framework@80f691d4262b\UnityEngine.TestRunner\NUnitExtensions\Commands\EnumerableRepeatedTestCommand.cs(6,7): error CS0246: The type or namespace name 'NUnit' could not be found (are you missing a using directive or an assembly reference?)

Library\PackageCache\com.unity.test-framework@80f691d4262b\UnityEngine.TestRunner\NUnitExtensions\Commands\EnumerableRepeatedTestCommand.cs(7,7): error CS0246: The type or namespace name 'NUnit' could not be found (are you missing a using directive or an assembly reference?)

Library\PackageCache\com.unity.test-framework@80f691d4262b\UnityEngine.TestRunner\NUnitExtensions\Commands\EnumerableRetryTestCommand.cs(4,7): error CS0246: The type or namespace name 'NUnit' could not be found (are you missing a using directive or an assembly reference?)

Library\PackageCache\com.unity.test-framework@80f691d4262b\UnityEngine.TestRunner\NUnitExtensions\Commands\EnumerableRetryTestCommand.cs(5,7): error CS0246: The type or namespace name 'NUnit' could not be found (are you missing a using directive or an assembly reference?)

Library\PackageCache\com.unity.test-framework@80f691d4262b\UnityEngine.TestRunner\NUnitExtensions\Commands\EnumerableRetryTestCommand.cs(6,7): error CS0246: The type or namespace name 'NUnit' could not be found (are you missing a using directive or an assembly reference?)

Library\PackageCache\com.unity.test-framework@80f691d4262b\UnityEngine.TestRunner\NUnitExtensions\Commands\EnumerableRetryTestCommand.cs(7,7): error CS0246: The type or namespace name 'NUnit' could not be found (are you missing a using directive or an assembly reference?)

Library\PackageCache\com.unity.test-framework@80f691d4262b\UnityEngine.TestRunner\NUnitExtensions\Commands\EnumerableSetUpTearDownCommand.cs(6,7): error CS0246: The type or namespace name 'NUnit' could not be found (are you missing a using directive or an assembly reference?)

Library\PackageCache\com.unity.test-framework@80f691d4262b\UnityEngine.TestRunner\NUnitExtensions\Commands\EnumerableSetUpTearDownCommand.cs(7,7): error CS0246: The type or namespace name 'NUnit' could not be found (are you missing a using directive or an assembly reference?)

Library\PackageCache\com.unity.test-framework@80f691d4262b\UnityEngine.TestRunner\NUnitExtensions\Commands\EnumerableTestMethodCommand.cs(3,7): error CS0246: The type or namespace name 'NUnit' could not be found (are you missing a using directive or an assembly reference?)

Library\PackageCache\com.unity.test-framework@80f691d4262b\UnityEngine.TestRunner\NUnitExtensions\Commands\EnumerableTestMethodCommand.cs(4,7): error CS0246: The type or namespace name 'NUnit' could not be found (are you missing a using directive or an assembly reference?)

Library\PackageCache\com.unity.test-framework@80f691d4262b\UnityEngine.TestRunner\NUnitExtensions\Commands\EnumerableTestMethodCommand.cs(5,7): error CS0246: The type or namespace name 'NUnit' could not be found (are you missing a using directive or an assembly reference?)

Library\PackageCache\com.unity.test-framework@80f691d4262b\UnityEngine.TestRunner\NUnitExtensions\Commands\IgnoreTestCommand.cs(3,7): error CS0246: The type or namespace name 'NUnit' could not be found (are you missing a using directive or an assembly reference?)

Library\PackageCache\com.unity.test-framework@80f691d4262b\UnityEngine.TestRunner\NUnitExtensions\Commands\IgnoreTestCommand.cs(4,7): error CS0246: The type or namespace name 'NUnit' could not be found (are you missing a using directive or an assembly reference?)

Library\PackageCache\com.unity.test-framework@80f691d4262b\UnityEngine.TestRunner\NUnitExtensions\Commands\IgnoreTestCommand.cs(5,7): error CS0246: The type or namespace name 'NUnit' could not be found (are you missing a using directive or an assembly reference?)

Library\PackageCache\com.unity.test-framework@80f691d4262b\UnityEngine.TestRunner\NUnitExtensions\Commands\ImmediateEnumerableCommand.cs(2,7): error CS0246: The type or namespace name 'NUnit' could not be found (are you missing a using directive or an assembly reference?)

Library\PackageCache\com.unity.test-framework@80f691d4262b\UnityEngine.TestRunner\NUnitExtensions\Commands\ImmediateEnumerableCommand.cs(3,7): error CS0246: The type or namespace name 'NUnit' could not be found (are you missing a using directive or an assembly reference?)

Library\PackageCache\com.unity.test-framework@80f691d4262b\UnityEngine.TestRunner\NUnitExtensions\Commands\OuterUnityTestActionCommand.cs(5,7): error CS0246: The type or namespace name 'NUnit' could not be found (are you missing a using directive or an assembly reference?)

Library\PackageCache\com.unity.test-framework@80f691d4262b\UnityEngine.TestRunner\NUnitExtensions\Commands\OuterUnityTestActionCommand.cs(6,7): error CS0246: The type or namespace name 'NUnit' could not be found (are you missing a using directive or an assembly reference?)

Library\PackageCache\com.unity.test-framework@80f691d4262b\UnityEngine.TestRunner\NUnitExtensions\Commands\ParametrizedIgnoreCommand.cs(2,7): error CS0246: The type or namespace name 'NUnit' could not be found (are you missing a using directive or an assembly reference?)

Library\PackageCache\com.unity.test-framework@80f691d4262b\UnityEngine.TestRunner\NUnitExtensions\Commands\ParametrizedIgnoreCommand.cs(3,7): error CS0246: The type or namespace name 'NUnit' could not be found (are you missing a using directive or an assembly reference?)

Library\PackageCache\com.unity.test-framework@80f691d4262b\UnityEngine.TestRunner\NUnitExtensions\Commands\ParametrizedIgnoreCommand.cs(4,7): error CS0246: The type or namespace name 'NUnit' could not be found (are you missing a using directive or an assembly reference?)

Library\PackageCache\com.unity.test-framework@80f691d4262b\UnityEngine.TestRunner\NUnitExtensions\Commands\RepeatCommand.cs(4,7): error CS0246: The type or namespace name 'NUnit' could not be found (are you missing a using directive or an assembly reference?)

Library\PackageCache\com.unity.test-framework@80f691d4262b\UnityEngine.TestRunner\NUnitExtensions\Commands\RepeatCommand.cs(5,7): error CS0246: The type or namespace name 'NUnit' could not be found (are you missing a using directive or an assembly reference?)

Library\PackageCache\com.unity.test-framework@80f691d4262b\UnityEngine.TestRunner\NUnitExtensions\Commands\RepeatCommand.cs(6,7): error CS0246: The type or namespace name 'NUnit' could not be found (are you missing a using directive or an assembly reference?)

Library\PackageCache\com.unity.test-framework@80f691d4262b\UnityEngine.TestRunner\NUnitExtensions\Commands\RetryCommand.cs(4,7): error CS0246: The type or namespace name 'NUnit' could not be found (are you missing a using directive or an assembly reference?)

Library\PackageCache\com.unity.test-framework@80f691d4262b\UnityEngine.TestRunner\NUnitExtensions\Commands\RetryCommand.cs(5,7): error CS0246: The type or namespace name 'NUnit' could not be found (are you missing a using directive or an assembly reference?)

Library\PackageCache\com.unity.test-framework@80f691d4262b\UnityEngine.TestRunner\NUnitExtensions\Commands\RetryCommand.cs(6,7): error CS0246: The type or namespace name 'NUnit' could not be found (are you missing a using directive or an assembly reference?)

Library\PackageCache\com.unity.test-framework@80f691d4262b\UnityEngine.TestRunner\NUnitExtensions\Commands\SetUpTearDownCommand.cs(8,7): error CS0246: The type or namespace name 'NUnit' could not be found (are you missing a using directive or an assembly reference?)

Library\PackageCache\com.unity.test-framework@80f691d4262b\UnityEngine.TestRunner\NUnitExtensions\Commands\SetUpTearDownCommand.cs(9,7): error CS0246: The type or namespace name 'NUnit' could not be found (are you missing a using directive or an assembly reference?)

Library\PackageCache\com.unity.test-framework@80f691d4262b\UnityEngine.TestRunner\NUnitExtensions\Commands\SetUpTearDownCommand.cs(10,7): error CS0246: The type or namespace name 'NUnit' could not be found (are you missing a using directive or an assembly reference?)

Library\PackageCache\com.unity.test-framework@80f691d4262b\UnityEngine.TestRunner\NUnitExtensions\Commands\StrictCheckCommand.cs(3,7): error CS0246: The type or namespace name 'NUnit' could not be found (are you missing a using directive or an assembly reference?)

Library\PackageCache\com.unity.test-framework@80f691d4262b\UnityEngine.TestRunner\NUnitExtensions\Commands\StrictCheckCommand.cs(4,7): error CS0246: The type or namespace name 'NUnit' could not be found (are you missing a using directive or an assembly reference?)

Library\PackageCache\com.unity.test-framework@80f691d4262b\UnityEngine.TestRunner\NUnitExtensions\Commands\StrictCheckCommand.cs(5,7): error CS0246: The type or namespace name 'NUnit' could not be found (are you missing a using directive or an assembly reference?)

Library\PackageCache\com.unity.test-framework@80f691d4262b\UnityEngine.TestRunner\NUnitExtensions\Commands\TaskTestMethodCommand.cs(3,7): error CS0246: The type or namespace name 'NUnit' could not be found (are you missing a using directive or an assembly reference?)

Library\PackageCache\com.unity.test-framework@80f691d4262b\UnityEngine.TestRunner\NUnitExtensions\Commands\TaskTestMethodCommand.cs(4,7): error CS0246: The type or namespace name 'NUnit' could not be found (are you missing a using directive or an assembly reference?)

Library\PackageCache\com.unity.test-framework@80f691d4262b\UnityEngine.TestRunner\NUnitExtensions\Commands\TaskTestMethodCommand.cs(5,7): error CS0246: The type or namespace name 'NUnit' could not be found (are you missing a using directive or an assembly reference?)

Library\PackageCache\com.unity.test-framework@80f691d4262b\UnityEngine.TestRunner\NUnitExtensions\Commands\TestActionCommand.cs(5,7): error CS0246: The type or namespace name 'NUnit' could not be found (are you missing a using directive or an assembly reference?)

Library\PackageCache\com.unity.test-framework@80f691d4262b\UnityEngine.TestRunner\NUnitExtensions\Commands\TestActionCommand.cs(6,7): error CS0246: The type or namespace name 'NUnit' could not be found (are you missing a using directive or an assembly reference?)

Library\PackageCache\com.unity.test-framework@80f691d4262b\UnityEngine.TestRunner\NUnitExtensions\Commands\TestActionCommand.cs(7,7): error CS0246: The type or namespace name 'NUnit' could not be found (are you missing a using directive or an assembly reference?)

Library\PackageCache\com.unity.test-framework@80f691d4262b\UnityEngine.TestRunner\NUnitExtensions\Commands\TimeoutCommand.cs(4,7): error CS0246: The type or namespace name 'NUnit' could not be found (are you missing a using directive or an assembly reference?)

Library\PackageCache\com.unity.test-framework@80f691d4262b\UnityEngine.TestRunner\NUnitExtensions\Commands\TimeoutCommand.cs(5,7): error CS0246: The type or namespace name 'NUnit' could not be found (are you missing a using directive or an assembly reference?)

Library\PackageCache\com.unity.test-framework@80f691d4262b\UnityEngine.TestRunner\NUnitExtensions\Commands\TimeoutCommand.cs(6,7): error CS0246: The type or namespace name 'NUnit' could not be found (are you missing a using directive or an assembly reference?)

Library\PackageCache\com.unity.test-framework@80f691d4262b\UnityEngine.TestRunner\NUnitExtensions\Commands\UnityTestMethodCommand.cs(1,7): error CS0246: The type or namespace name 'NUnit' could not be found (are you missing a using directive or an assembly reference?)

Library\PackageCache\com.unity.test-framework@80f691d4262b\UnityEngine.TestRunner\NUnitExtensions\Commands\UnityTestMethodCommand.cs(2,7): error CS0246: The type or namespace name 'NUnit' could not be found (are you missing a using directive or an assembly reference?)

Library\PackageCache\com.unity.test-framework@80f691d4262b\UnityEngine.TestRunner\NUnitExtensions\Commands\UnityTestMethodCommand.cs(3,7): error CS0246: The type or namespace name 'NUnit' could not be found (are you missing a using directive or an assembly reference?)

Library\PackageCache\com.unity.test-framework@80f691d4262b\UnityEngine.TestRunner\NUnitExtensions\ConstructDelegator.cs(2,7): error CS0246: The type or namespace name 'NUnit' could not be found (are you missing a using directive or an assembly reference?)

Library\PackageCache\com.unity.test-framework@80f691d4262b\UnityEngine.TestRunner\NUnitExtensions\Filters\AndFilterExtended.cs(3,7): error CS0246: The type or namespace name 'NUnit' could not be found (are you missing a using directive or an assembly reference?)

Library\PackageCache\com.unity.test-framework@80f691d4262b\UnityEngine.TestRunner\NUnitExtensions\Filters\AndFilterExtended.cs(4,7): error CS0246: The type or namespace name 'NUnit' could not be found (are you missing a using directive or an assembly reference?)

Library\PackageCache\com.unity.test-framework@80f691d4262b\UnityEngine.TestRunner\NUnitExtensions\Filters\AndFilterExtended.cs(5,7): error CS0246: The type or namespace name 'NUnit' could not be found (are you missing a using directive or an assembly reference?)

Library\PackageCache\com.unity.test-framework@80f691d4262b\UnityEngine.TestRunner\NUnitExtensions\Filters\AssemblyNameFilter.cs(2,7): error CS0246: The type or namespace name 'NUnit' could not be found (are you missing a using directive or an assembly reference?)

Library\PackageCache\com.unity.test-framework@80f691d4262b\UnityEngine.TestRunner\NUnitExtensions\Filters\AssemblyNameFilter.cs(3,7): error CS0246: The type or namespace name 'NUnit' could not be found (are you missing a using directive or an assembly reference?)

Library\PackageCache\com.unity.test-framework@80f691d4262b\UnityEngine.TestRunner\NUnitExtensions\Filters\CategoryFilterExtended.cs(5,7): error CS0246: The type or namespace name 'NUnit' could not be found (are you missing a using directive or an assembly reference?)

Library\PackageCache\com.unity.test-framework@80f691d4262b\UnityEngine.TestRunner\NUnitExtensions\Filters\CategoryFilterExtended.cs(6,7): error CS0246: The type or namespace name 'NUnit' could not be found (are you missing a using directive or an assembly reference?)

Library\PackageCache\com.unity.test-framework@80f691d4262b\UnityEngine.TestRunner\NUnitExtensions\Filters\CategoryFilterExtended.cs(7,7): error CS0246: The type or namespace name 'NUnit' could not be found (are you missing a using directive or an assembly reference?)

Library\PackageCache\com.unity.test-framework@80f691d4262b\UnityEngine.TestRunner\NUnitExtensions\Filters\EditorOnlyFilter.cs(2,7): error CS0246: The type or namespace name 'NUnit' could not be found (are you missing a using directive or an assembly reference?)

Library\PackageCache\com.unity.test-framework@80f691d4262b\UnityEngine.TestRunner\NUnitExtensions\Filters\FullNameFilter.cs(2,7): error CS0246: The type or namespace name 'NUnit' could not be found (are you missing a using directive or an assembly reference?)

Library\PackageCache\com.unity.test-framework@80f691d4262b\UnityEngine.TestRunner\NUnitExtensions\Filters\NonExplicitFilter.cs(2,7): error CS0246: The type or namespace name 'NUnit' could not be found (are you missing a using directive or an assembly reference?)

Library\PackageCache\com.unity.test-framework@80f691d4262b\UnityEngine.TestRunner\NUnitExtensions\IAsyncTestAssemblyBuilder.cs(4,7): error CS0246: The type or namespace name 'NUnit' could not be found (are you missing a using directive or an assembly reference?)

Library\PackageCache\com.unity.test-framework@80f691d4262b\UnityEngine.TestRunner\NUnitExtensions\IAsyncTestAssemblyBuilder.cs(5,7): error CS0246: The type or namespace name 'NUnit' could not be found (are you missing a using directive or an assembly reference?)

Library\PackageCache\com.unity.test-framework@80f691d4262b\UnityEngine.TestRunner\NUnitExtensions\ITestSuiteModifier.cs(1,7): error CS0246: The type or namespace name 'NUnit' could not be found (are you missing a using directive or an assembly reference?)

Library\PackageCache\com.unity.test-framework@80f691d4262b\UnityEngine.TestRunner\NUnitExtensions\OrderedTestSuiteModifier.cs(6,7): error CS0246: The type or namespace name 'NUnit' could not be found (are you missing a using directive or an assembly reference?)

Library\PackageCache\com.unity.test-framework@80f691d4262b\UnityEngine.TestRunner\NUnitExtensions\OrderedTestSuiteModifier.cs(7,7): error CS0246: The type or namespace name 'NUnit' could not be found (are you missing a using directive or an assembly reference?)

Library\PackageCache\com.unity.test-framework@80f691d4262b\UnityEngine.TestRunner\NUnitExtensions\Runner\CompositeWorkItem.cs(7,7): error CS0246: The type or namespace name 'NUnit' could not be found (are you missing a using directive or an assembly reference?)

Library\PackageCache\com.unity.test-framework@80f691d4262b\UnityEngine.TestRunner\NUnitExtensions\Runner\CompositeWorkItem.cs(8,7): error CS0246: The type or namespace name 'NUnit' could not be found (are you missing a using directive or an assembly reference?)

Library\PackageCache\com.unity.test-framework@80f691d4262b\UnityEngine.TestRunner\NUnitExtensions\Runner\CompositeWorkItem.cs(9,7): error CS0246: The type or namespace name 'NUnit' could not be found (are you missing a using directive or an assembly reference?)

Library\PackageCache\com.unity.test-framework@80f691d4262b\UnityEngine.TestRunner\NUnitExtensions\Runner\CompositeWorkItem.cs(10,7): error CS0246: The type or namespace name 'NUnit' could not be found (are you missing a using directive or an assembly reference?)

Library\PackageCache\com.unity.test-framework@80f691d4262b\UnityEngine.TestRunner\NUnitExtensions\Runner\CompositeWorkItem.cs(11,7): error CS0246: The type or namespace name 'NUnit' could not be found (are you missing a using directive or an assembly reference?)

Library\PackageCache\com.unity.test-framework@80f691d4262b\UnityEngine.TestRunner\NUnitExtensions\Runner\CoroutineTestWorkItem.cs(3,7): error CS0246: The type or namespace name 'NUnit' could not be found (are you missing a using directive or an assembly reference?)

Library\PackageCache\com.unity.test-framework@80f691d4262b\UnityEngine.TestRunner\NUnitExtensions\Runner\CoroutineTestWorkItem.cs(4,7): error CS0246: The type or namespace name 'NUnit' could not be found (are you missing a using directive or an assembly reference?)

Library\PackageCache\com.unity.test-framework@80f691d4262b\UnityEngine.TestRunner\NUnitExtensions\Runner\CoroutineTestWorkItem.cs(5,7): error CS0246: The type or namespace name 'NUnit' could not be found (are you missing a using directive or an assembly reference?)

Library\PackageCache\com.unity.test-framework@80f691d4262b\UnityEngine.TestRunner\NUnitExtensions\Runner\DefaultTestWorkItem.cs(3,7): error CS0246: The type or namespace name 'NUnit' could not be found (are you missing a using directive or an assembly reference?)

Library\PackageCache\com.unity.test-framework@80f691d4262b\UnityEngine.TestRunner\NUnitExtensions\Runner\DefaultTestWorkItem.cs(4,7): error CS0246: The type or namespace name 'NUnit' could not be found (are you missing a using directive or an assembly reference?)

Library\PackageCache\com.unity.test-framework@80f691d4262b\UnityEngine.TestRunner\NUnitExtensions\Runner\DefaultTestWorkItem.cs(5,7): error CS0246: The type or namespace name 'NUnit' could not be found (are you missing a using directive or an assembly reference?)

Library\PackageCache\com.unity.test-framework@80f691d4262b\UnityEngine.TestRunner\NUnitExtensions\Runner\FailCommand.cs(3,7): error CS0246: The type or namespace name 'NUnit' could not be found (are you missing a using directive or an assembly reference?)

Library\PackageCache\com.unity.test-framework@80f691d4262b\UnityEngine.TestRunner\NUnitExtensions\Runner\FailCommand.cs(4,7): error CS0246: The type or namespace name 'NUnit' could not be found (are you missing a using directive or an assembly reference?)

Library\PackageCache\com.unity.test-framework@80f691d4262b\UnityEngine.TestRunner\NUnitExtensions\Runner\FailCommand.cs(5,7): error CS0246: The type or namespace name 'NUnit' could not be found (are you missing a using directive or an assembly reference?)

Library\PackageCache\com.unity.test-framework@80f691d4262b\UnityEngine.TestRunner\NUnitExtensions\Runner\IEnumerableTestMethodCommand.cs(3,7): error CS0246: The type or namespace name 'NUnit' could not be found (are you missing a using directive or an assembly reference?)

Library\PackageCache\com.unity.test-framework@80f691d4262b\UnityEngine.TestRunner\NUnitExtensions\Runner\ITestCommandWrapper.cs(1,7): error CS0246: The type or namespace name 'NUnit' could not be found (are you missing a using directive or an assembly reference?)

Library\PackageCache\com.unity.test-framework@80f691d4262b\UnityEngine.TestRunner\NUnitExtensions\Runner\ITestCommandWrapper.cs(2,7): error CS0246: The type or namespace name 'NUnit' could not be found (are you missing a using directive or an assembly reference?)

Library\PackageCache\com.unity.test-framework@80f691d4262b\UnityEngine.TestRunner\NUnitExtensions\Runner\PlaymodeWorkItemFactory.cs(2,7): error CS0246: The type or namespace name 'NUnit' could not be found (are you missing a using directive or an assembly reference?)

Library\PackageCache\com.unity.test-framework@80f691d4262b\UnityEngine.TestRunner\NUnitExtensions\Runner\PlaymodeWorkItemFactory.cs(3,7): error CS0246: The type or namespace name 'NUnit' could not be found (are you missing a using directive or an assembly reference?)

Library\PackageCache\com.unity.test-framework@80f691d4262b\UnityEngine.TestRunner\NUnitExtensions\Runner\TestCommandBuilder.cs(5,7): error CS0246: The type or namespace name 'NUnit' could not be found (are you missing a using directive or an assembly reference?)

Library\PackageCache\com.unity.test-framework@80f691d4262b\UnityEngine.TestRunner\NUnitExtensions\Runner\TestCommandBuilder.cs(6,7): error CS0246: The type or namespace name 'NUnit' could not be found (are you missing a using directive or an assembly reference?)

Library\PackageCache\com.unity.test-framework@80f691d4262b\UnityEngine.TestRunner\NUnitExtensions\Runner\TestCommandBuilder.cs(7,7): error CS0246: The type or namespace name 'NUnit' could not be found (are you missing a using directive or an assembly reference?)

Library\PackageCache\com.unity.test-framework@80f691d4262b\UnityEngine.TestRunner\NUnitExtensions\Runner\TestCommandBuilder.cs(8,7): error CS0246: The type or namespace name 'NUnit' could not be found (are you missing a using directive or an assembly reference?)

Library\PackageCache\com.unity.test-framework@80f691d4262b\UnityEngine.TestRunner\NUnitExtensions\Runner\UnityLogCheckDelegatingCommand.cs(6,7): error CS0246: The type or namespace name 'NUnit' could not be found (are you missing a using directive or an assembly reference?)

Library\PackageCache\com.unity.test-framework@80f691d4262b\UnityEngine.TestRunner\NUnitExtensions\Runner\UnityLogCheckDelegatingCommand.cs(7,7): error CS0246: The type or namespace name 'NUnit' could not be found (are you missing a using directive or an assembly reference?)

Library\PackageCache\com.unity.test-framework@80f691d4262b\UnityEngine.TestRunner\NUnitExtensions\Runner\UnityTestAssemblyRunner.cs(6,7): error CS0246: The type or namespace name 'NUnit' could not be found (are you missing a using directive or an assembly reference?)

Library\PackageCache\com.unity.test-framework@80f691d4262b\UnityEngine.TestRunner\NUnitExtensions\Runner\UnityTestAssemblyRunner.cs(7,7): error CS0246: The type or namespace name 'NUnit' could not be found (are you missing a using directive or an assembly reference?)

Library\PackageCache\com.unity.test-framework@80f691d4262b\UnityEngine.TestRunner\NUnitExtensions\Runner\UnityTestAssemblyRunner.cs(8,7): error CS0246: The type or namespace name 'NUnit' could not be found (are you missing a using directive or an assembly reference?)

Library\PackageCache\com.unity.test-framework@80f691d4262b\UnityEngine.TestRunner\NUnitExtensions\Runner\UnityTestAssemblyRunner.cs(9,7): error CS0246: The type or namespace name 'NUnit' could not be found (are you missing a using directive or an assembly reference?)

Library\PackageCache\com.unity.test-framework@80f691d4262b\UnityEngine.TestRunner\NUnitExtensions\Runner\UnityTestExecutionContext.cs(6,7): error CS0246: The type or namespace name 'NUnit' could not be found (are you missing a using directive or an assembly reference?)

Library\PackageCache\com.unity.test-framework@80f691d4262b\UnityEngine.TestRunner\NUnitExtensions\Runner\UnityTestExecutionContext.cs(7,7): error CS0246: The type or namespace name 'NUnit' could not be found (are you missing a using directive or an assembly reference?)

Library\PackageCache\com.unity.test-framework@80f691d4262b\UnityEngine.TestRunner\NUnitExtensions\Runner\UnityTestExecutionContext.cs(8,7): error CS0246: The type or namespace name 'NUnit' could not be found (are you missing a using directive or an assembly reference?)

Library\PackageCache\com.unity.test-framework@80f691d4262b\UnityEngine.TestRunner\NUnitExtensions\Runner\UnityTestExecutionContext.cs(9,7): error CS0246: The type or namespace name 'NUnit' could not be found (are you missing a using directive or an assembly reference?)

Library\PackageCache\com.unity.test-framework@80f691d4262b\UnityEngine.TestRunner\NUnitExtensions\Runner\UnityTestExecutionContext.cs(10,7): error CS0246: The type or namespace name 'NUnit' could not be found (are you missing a using directive or an assembly reference?)

Library\PackageCache\com.unity.test-framework@80f691d4262b\UnityEngine.TestRunner\NUnitExtensions\Runner\UnityWorkItem.cs(6,7): error CS0246: The type or namespace name 'NUnit' could not be found (are you missing a using directive or an assembly reference?)

Library\PackageCache\com.unity.test-framework@80f691d4262b\UnityEngine.TestRunner\NUnitExtensions\Runner\UnityWorkItem.cs(7,7): error CS0246: The type or namespace name 'NUnit' could not be found (are you missing a using directive or an assembly reference?)

Library\PackageCache\com.unity.test-framework@80f691d4262b\UnityEngine.TestRunner\NUnitExtensions\Runner\UnityWorkItem.cs(8,7): error CS0246: The type or namespace name 'NUnit' could not be found (are you missing a using directive or an assembly reference?)

Library\PackageCache\com.unity.test-framework@80f691d4262b\UnityEngine.TestRunner\NUnitExtensions\Runner\UnityWorkItem.cs(9,7): error CS0246: The type or namespace name 'NUnit' could not be found (are you missing a using directive or an assembly reference?)

Library\PackageCache\com.unity.test-framework@80f691d4262b\UnityEngine.TestRunner\NUnitExtensions\Runner\WorkItemFactory.cs(3,7): error CS0246: The type or namespace name 'NUnit' could not be found (are you missing a using directive or an assembly reference?)

Library\PackageCache\com.unity.test-framework@80f691d4262b\UnityEngine.TestRunner\NUnitExtensions\Runner\WorkItemFactory.cs(4,7): error CS0246: The type or namespace name 'NUnit' could not be found (are you missing a using directive or an assembly reference?)

Library\PackageCache\com.unity.test-framework@80f691d4262b\UnityEngine.TestRunner\NUnitExtensions\TestExtensions.cs(4,7): error CS0246: The type or namespace name 'NUnit' could not be found (are you missing a using directive or an assembly reference?)

Library\PackageCache\com.unity.test-framework@80f691d4262b\UnityEngine.TestRunner\NUnitExtensions\TestExtensions.cs(5,7): error CS0246: The type or namespace name 'NUnit' could not be found (are you missing a using directive or an assembly reference?)

Library\PackageCache\com.unity.test-framework@80f691d4262b\UnityEngine.TestRunner\NUnitExtensions\TestResultExtensions.cs(2,7): error CS0246: The type or namespace name 'NUnit' could not be found (are you missing a using directive or an assembly reference?)

Library\PackageCache\com.unity.test-framework@80f691d4262b\UnityEngine.TestRunner\NUnitExtensions\TestResultExtensions.cs(3,7): error CS0246: The type or namespace name 'NUnit' could not be found (are you missing a using directive or an assembly reference?)

Library\PackageCache\com.unity.test-framework@80f691d4262b\UnityEngine.TestRunner\NUnitExtensions\TestResultExtensions.cs(4,7): error CS0246: The type or namespace name 'NUnit' could not be found (are you missing a using directive or an assembly reference?)

Library\PackageCache\com.unity.test-framework@80f691d4262b\UnityEngine.TestRunner\NUnitExtensions\TestResultExtensions.cs(5,7): error CS0246: The type or namespace name 'NUnit' could not be found (are you missing a using directive or an assembly reference?)

Library\PackageCache\com.unity.test-framework@80f691d4262b\UnityEngine.TestRunner\NUnitExtensions\UnityTestAssemblyBuilder.cs(5,7): error CS0246: The type or namespace name 'NUnit' could not be found (are you missing a using directive or an assembly reference?)

Library\PackageCache\com.unity.test-framework@80f691d4262b\UnityEngine.TestRunner\NUnitExtensions\UnityTestAssemblyBuilder.cs(6,7): error CS0246: The type or namespace name 'NUnit' could not be found (are you missing a using directive or an assembly reference?)

Library\PackageCache\com.unity.test-framework@80f691d4262b\UnityEngine.TestRunner\NUnitExtensions\UnityTestAssemblyBuilder.cs(7,7): error CS0246: The type or namespace name 'NUnit' could not be found (are you missing a using directive or an assembly reference?)

Library\PackageCache\com.unity.test-framework@80f691d4262b\UnityEngine.TestRunner\NUnitExtensions\UnityTestAssemblyBuilder.cs(8,7): error CS0246: The type or namespace name 'NUnit' could not be found (are you missing a using directive or an assembly reference?)

Library\PackageCache\com.unity.test-framework@80f691d4262b\UnityEngine.TestRunner\TestRunner\Callbacks\PlayModeRunnerCallback.cs(2,7): error CS0246: The type or namespace name 'NUnit' could not be found (are you missing a using directive or an assembly reference?)

Library\PackageCache\com.unity.test-framework@80f691d4262b\UnityEngine.TestRunner\TestRunner\Callbacks\PlayModeRunnerCallback.cs(3,7): error CS0246: The type or namespace name 'NUnit' could not be found (are you missing a using directive or an assembly reference?)

Library\PackageCache\com.unity.test-framework@80f691d4262b\UnityEngine.TestRunner\TestRunner\Callbacks\PlayerQuitHandler.cs(2,7): error CS0246: The type or namespace name 'NUnit' could not be found (are you missing a using directive or an assembly reference?)

Library\PackageCache\com.unity.test-framework@80f691d4262b\UnityEngine.TestRunner\TestRunner\Callbacks\RemoteTestResultSender.cs(5,7): error CS0246: The type or namespace name 'NUnit' could not be found (are you missing a using directive or an assembly reference?)

Library\PackageCache\com.unity.test-framework@80f691d4262b\UnityEngine.TestRunner\TestRunner\Callbacks\TestResultRenderer.cs(4,7): error CS0246: The type or namespace name 'NUnit' could not be found (are you missing a using directive or an assembly reference?)

Library\PackageCache\com.unity.test-framework@80f691d4262b\UnityEngine.TestRunner\TestRunner\Callbacks\TestResultRenderer.cs(5,7): error CS0246: The type or namespace name 'NUnit' could not be found (are you missing a using directive or an assembly reference?)

Library\PackageCache\com.unity.test-framework@80f691d4262b\UnityEngine.TestRunner\TestRunner\Callbacks\TestResultRendererCallback.cs(2,7): error CS0246: The type or namespace name 'NUnit' could not be found (are you missing a using directive or an assembly reference?)

Library\PackageCache\com.unity.test-framework@80f691d4262b\UnityEngine.TestRunner\TestRunner\ITestRunnerListener.cs(2,7): error CS0246: The type or namespace name 'NUnit' could not be found (are you missing a using directive or an assembly reference?)

Library\PackageCache\com.unity.test-framework@80f691d4262b\UnityEngine.TestRunner\TestRunner\PlaymodeTestsControllerSettings.cs(3,7): error CS0246: The type or namespace name 'NUnit' could not be found (are you missing a using directive or an assembly reference?)

Library\PackageCache\com.unity.test-framework@80f691d4262b\UnityEngine.TestRunner\TestRunner\PlaymodeTestsControllerSettings.cs(4,7): error CS0246: The type or namespace name 'NUnit' could not be found (are you missing a using directive or an assembly reference?)

Library\PackageCache\com.unity.test-framework@80f691d4262b\UnityEngine.TestRunner\TestRunner\RemoteHelpers\IRemoteTestResultDataFactory.cs(2,7): error CS0246: The type or namespace name 'NUnit' could not be found (are you missing a using directive or an assembly reference?)

Library\PackageCache\com.unity.test-framework@80f691d4262b\UnityEngine.TestRunner\TestRunner\RemoteHelpers\RemoteTestData.cs(3,7): error CS0246: The type or namespace name 'NUnit' could not be found (are you missing a using directive or an assembly reference?)

Library\PackageCache\com.unity.test-framework@80f691d4262b\UnityEngine.TestRunner\TestRunner\RemoteHelpers\RemoteTestData.cs(4,7): error CS0246: The type or namespace name 'NUnit' could not be found (are you missing a using directive or an assembly reference?)

Library\PackageCache\com.unity.test-framework@80f691d4262b\UnityEngine.TestRunner\TestRunner\RemoteHelpers\RemoteTestResultData.cs(3,7): error CS0246: The type or namespace name 'NUnit' could not be found (are you missing a using directive or an assembly reference?)

Library\PackageCache\com.unity.test-framework@80f691d4262b\UnityEngine.TestRunner\TestRunner\RemoteHelpers\RemoteTestResultDataFactory.cs(4,7): error CS0246: The type or namespace name 'NUnit' could not be found (are you missing a using directive or an assembly reference?)

Library\PackageCache\com.unity.test-framework@80f691d4262b\UnityEngine.TestRunner\TestRunner\RuntimeTestRunnerFilter.cs(5,7): error CS0246: The type or namespace name 'NUnit' could not be found (are you missing a using directive or an assembly reference?)

Library\PackageCache\com.unity.test-framework@80f691d4262b\UnityEngine.TestRunner\TestRunner\RuntimeTestRunnerFilter.cs(6,7): error CS0246: The type or namespace name 'NUnit' could not be found (are you missing a using directive or an assembly reference?)

Library\PackageCache\com.unity.test-framework@80f691d4262b\UnityEngine.TestRunner\TestRunner\RuntimeTestRunnerFilter.cs(7,7): error CS0246: The type or namespace name 'NUnit' could not be found (are you missing a using directive or an assembly reference?)

Library\PackageCache\com.unity.test-framework@80f691d4262b\UnityEngine.TestRunner\TestRunner\SynchronousFilter.cs(5,7): error CS0246: The type or namespace name 'NUnit' could not be found (are you missing a using directive or an assembly reference?)

Library\PackageCache\com.unity.test-framework@80f691d4262b\UnityEngine.TestRunner\TestRunner\SynchronousFilter.cs(6,7): error CS0246: The type or namespace name 'NUnit' could not be found (are you missing a using directive or an assembly reference?)

Library\PackageCache\com.unity.test-framework@80f691d4262b\UnityEngine.TestRunner\TestRunner\TestEnumeratorWrapper.cs(4,7): error CS0246: The type or namespace name 'NUnit' could not be found (are you missing a using directive or an assembly reference?)

Library\PackageCache\com.unity.test-framework@80f691d4262b\UnityEngine.TestRunner\TestRunner\TestEnumeratorWrapper.cs(5,7): error CS0246: The type or namespace name 'NUnit' could not be found (are you missing a using directive or an assembly reference?)

Library\PackageCache\com.unity.test-framework@80f691d4262b\UnityEngine.TestRunner\TestRunner\TestEnumeratorWrapper.cs(6,7): error CS0246: The type or namespace name 'NUnit' could not be found (are you missing a using directive or an assembly reference?)

Library\PackageCache\com.unity.test-framework@80f691d4262b\UnityEngine.TestRunner\TestRunner\TestListenerWrapper.cs(2,7): error CS0246: The type or namespace name 'NUnit' could not be found (are you missing a using directive or an assembly reference?)

Library\PackageCache\com.unity.test-framework@80f691d4262b\UnityEngine.TestRunner\TestRunner\TestTaskWrapper.cs(6,7): error CS0246: The type or namespace name 'NUnit' could not be found (are you missing a using directive or an assembly reference?)

Library\PackageCache\com.unity.test-framework@80f691d4262b\UnityEngine.TestRunner\TestRunner\TestTaskWrapper.cs(7,7): error CS0246: The type or namespace name 'NUnit' could not be found (are you missing a using directive or an assembly reference?)

Library\PackageCache\com.unity.test-framework@80f691d4262b\UnityEngine.TestRunner\TestRunner\TestTaskWrapper.cs(8,7): error CS0246: The type or namespace name 'NUnit' could not be found (are you missing a using directive or an assembly reference?)

Library\PackageCache\com.unity.test-framework@80f691d4262b\UnityEngine.TestRunner\Utils\CoroutineRunner.cs(3,7): error CS0246: The type or namespace name 'NUnit' could not be found (are you missing a using directive or an assembly reference?)

Library\PackageCache\com.unity.test-framework@80f691d4262b\UnityEngine.TestRunner\Utils\IOuterUnityTestAction.cs(3,7): error CS0246: The type or namespace name 'NUnit' could not be found (are you missing a using directive or an assembly reference?)

Library\PackageCache\com.unity.test-framework@80f691d4262b\UnityEngine.TestRunner\Utils\ITestRunCallback.cs(2,7): error CS0246: The type or namespace name 'NUnit' could not be found (are you missing a using directive or an assembly reference?)

Library\PackageCache\com.unity.test-framework@80f691d4262b\UnityEngine.TestRunner\Utils\TestData.cs(3,7): error CS0246: The type or namespace name 'NUnit' could not be found (are you missing a using directive or an assembly reference?)

Library\PackageCache\com.unity.test-framework@80f691d4262b\UnityEngine.TestRunner\Utils\TestRunCallbackListener.cs(3,7): error CS0246: The type or namespace name 'NUnit' could not be found (are you missing a using directive or an assembly reference?)

Library\PackageCache\com.unity.test-framework@80f691d4262b\UnityEngine.TestRunner\Utils\ITestRunCallback.cs(15,25): error CS0246: The type or namespace name 'ITest' could not be found (are you missing a using directive or an assembly reference?)

Library\PackageCache\com.unity.test-framework@80f691d4262b\UnityEngine.TestRunner\TestRunner\RemoteHelpers\IRemoteTestResultDataFactory.cs(8,63): error CS0246: The type or namespace name 'ITestResult' could not be found (are you missing a using directive or an assembly reference?)

Library\PackageCache\com.unity.test-framework@80f691d4262b\UnityEngine.TestRunner\NUnitExtensions\Filters\AndFilterExtended.cs(9,40): error CS0246: The type or namespace name 'AndFilter' could not be found (are you missing a using directive or an assembly reference?)

Library\PackageCache\com.unity.test-framework@80f691d4262b\UnityEngine.TestRunner\NUnitExtensions\ITestSuiteModifier.cs(7,31): error CS0246: The type or namespace name 'TestSuite' could not be found (are you missing a using directive or an assembly reference?)

Library\PackageCache\com.unity.test-framework@80f691d4262b\UnityEngine.TestRunner\NUnitExtensions\ITestSuiteModifier.cs(7,9): error CS0246: The type or namespace name 'TestSuite' could not be found (are you missing a using directive or an assembly reference?)

Library\PackageCache\com.unity.test-framework@80f691d4262b\UnityEngine.TestRunner\TestRunner\RemoteHelpers\IRemoteTestResultDataFactory.cs(9,57): error CS0246: The type or namespace name 'ITest' could not be found (are you missing a using directive or an assembly reference?)

Library\PackageCache\com.unity.test-framework@80f691d4262b\UnityEngine.TestRunner\Utils\ITestRunCallback.cs(20,26): error CS0246: The type or namespace name 'ITestResult' could not be found (are you missing a using directive or an assembly reference?)

Library\PackageCache\com.unity.test-framework@80f691d4262b\UnityEngine.TestRunner\Assertions\AllocatingGCMemoryConstraint.cs(34,49): error CS0246: The type or namespace name 'Constraint' could not be found (are you missing a using directive or an assembly reference?)

Library\PackageCache\com.unity.test-framework@80f691d4262b\UnityEngine.TestRunner\Utils\ITestRunCallback.cs(25,26): error CS0246: The type or namespace name 'ITest' could not be found (are you missing a using directive or an assembly reference?)

Library\PackageCache\com.unity.test-framework@80f691d4262b\UnityEngine.TestRunner\Utils\ITestRunCallback.cs(30,27): error CS0246: The type or namespace name 'ITestResult' could not be found (are you missing a using directive or an assembly reference?)

Library\PackageCache\com.unity.test-framework@80f691d4262b\UnityEngine.TestRunner\TestRunner\RemoteHelpers\RemoteTestResultDataFactory.cs(11,70): error CS0246: The type or namespace name 'ITestResult' could not be found (are you missing a using directive or an assembly reference?)

Library\PackageCache\com.unity.test-framework@80f691d4262b\UnityEngine.TestRunner\NUnitExtensions\Filters\AssemblyNameFilter.cs(7,41): error CS0246: The type or namespace name 'ValueMatchFilter' could not be found (are you missing a using directive or an assembly reference?)

Library\PackageCache\com.unity.test-framework@80f691d4262b\UnityEngine.TestRunner\TestRunner\RemoteHelpers\RemoteTestResultDataFactory.cs(22,64): error CS0246: The type or namespace name 'ITest' could not be found (are you missing a using directive or an assembly reference?)

Library\PackageCache\com.unity.test-framework@80f691d4262b\UnityEngine.TestRunner\NUnitExtensions\Filters\AndFilterExtended.cs(11,41): error CS0246: The type or namespace name 'ITestFilter' could not be found (are you missing a using directive or an assembly reference?)

Library\PackageCache\com.unity.test-framework@80f691d4262b\UnityEngine.TestRunner\NUnitExtensions\Filters\AndFilterExtended.cs(13,46): error CS0246: The type or namespace name 'ITest' could not be found (are you missing a using directive or an assembly reference?)

Library\PackageCache\com.unity.test-framework@80f691d4262b\UnityEngine.TestRunner\NUnitExtensions\Filters\AssemblyNameFilter.cs(11,36): error CS0246: The type or namespace name 'ITest' could not be found (are you missing a using directive or an assembly reference?)

Library\PackageCache\com.unity.test-framework@80f691d4262b\UnityEngine.TestRunner\TestRunner\RemoteHelpers\RemoteTestData.cs(23,16): error CS0246: The type or namespace name 'RunState' could not be found (are you missing a using directive or an assembly reference?)

Library\PackageCache\com.unity.test-framework@80f691d4262b\UnityEngine.TestRunner\TestRunner\RemoteHelpers\RemoteTestResultData.cs(14,16): error CS0246: The type or namespace name 'TestStatus' could not be found (are you missing a using directive or an assembly reference?)

Library\PackageCache\com.unity.test-framework@80f691d4262b\UnityEngine.TestRunner\Assertions\AllocatingGCMemoryConstraint.cs(53,17): error CS0246: The type or namespace name 'ConstraintResult' could not be found (are you missing a using directive or an assembly reference?)

Library\PackageCache\com.unity.test-framework@80f691d4262b\UnityEngine.TestRunner\NUnitExtensions\Filters\NonExplicitFilter.cs(6,49): error CS0246: The type or namespace name 'TestFilter' could not be found (are you missing a using directive or an assembly reference?)

Library\PackageCache\com.unity.test-framework@80f691d4262b\UnityEngine.TestRunner\Utils\TestRunCallbackListener.cs(14,32): error CS0246: The type or namespace name 'ITest' could not be found (are you missing a using directive or an assembly reference?)

Library\PackageCache\com.unity.test-framework@80f691d4262b\UnityEngine.TestRunner\NUnitExtensions\Filters\CategoryFilterExtended.cs(11,45): error CS0246: The type or namespace name 'CategoryFilter' could not be found (are you missing a using directive or an assembly reference?)

Library\PackageCache\com.unity.test-framework@80f691d4262b\UnityEngine.TestRunner\TestRunner\RemoteHelpers\RemoteTestData.cs(31,33): error CS0246: The type or namespace name 'ITest' could not be found (are you missing a using directive or an assembly reference?)

Library\PackageCache\com.unity.test-framework@80f691d4262b\UnityEngine.TestRunner\Assertions\AllocatingGCMemoryConstraint.cs(90,25): error CS0246: The type or namespace name 'ConstraintResult' could not be found (are you missing a using directive or an assembly reference?)

Library\PackageCache\com.unity.test-framework@80f691d4262b\UnityEngine.TestRunner\TestRunner\RemoteHelpers\RemoteTestResultDataFactory.cs(36,53): error CS0246: The type or namespace name 'ITest' could not be found (are you missing a using directive or an assembly reference?)

Library\PackageCache\com.unity.test-framework@80f691d4262b\UnityEngine.TestRunner\TestRunner\RemoteHelpers\RemoteTestResultDataFactory.cs(44,72): error CS0246: The type or namespace name 'ITestResult' could not be found (are you missing a using directive or an assembly reference?)

Library\PackageCache\com.unity.test-framework@80f691d4262b\UnityEngine.TestRunner\TestRunner\RemoteHelpers\RemoteTestResultData.cs(30,39): error CS0246: The type or namespace name 'ITestResult' could not be found (are you missing a using directive or an assembly reference?)

Library\PackageCache\com.unity.test-framework@80f691d4262b\UnityEngine.TestRunner\Utils\TestRunCallbackListener.cs(52,33): error CS0246: The type or namespace name 'ITestResult' could not be found (are you missing a using directive or an assembly reference?)

Library\PackageCache\com.unity.test-framework@80f691d4262b\UnityEngine.TestRunner\Utils\TestRunCallbackListener.cs(57,33): error CS0246: The type or namespace name 'ITest' could not be found (are you missing a using directive or an assembly reference?)

Library\PackageCache\com.unity.test-framework@80f691d4262b\UnityEngine.TestRunner\Utils\TestRunCallbackListener.cs(62,34): error CS0246: The type or namespace name 'ITestResult' could not be found (are you missing a using directive or an assembly reference?)

Library\PackageCache\com.unity.test-framework@80f691d4262b\UnityEngine.TestRunner\TestRunner\ITestRunnerListener.cs(9,25): error CS0246: The type or namespace name 'ITest' could not be found (are you missing a using directive or an assembly reference?)

Library\PackageCache\com.unity.test-framework@80f691d4262b\UnityEngine.TestRunner\Assertions\AllocatingGCMemoryConstraint.cs(112,59): error CS0246: The type or namespace name 'ActualValueDelegate<>' could not be found (are you missing a using directive or an assembly reference?)

Library\PackageCache\com.unity.test-framework@80f691d4262b\UnityEngine.TestRunner\Assertions\AllocatingGCMemoryConstraint.cs(112,25): error CS0246: The type or namespace name 'ConstraintResult' could not be found (are you missing a using directive or an assembly reference?)

Library\PackageCache\com.unity.test-framework@80f691d4262b\UnityEngine.TestRunner\NUnitExtensions\Filters\EditorOnlyFilter.cs(16,36): error CS0246: The type or namespace name 'ITest' could not be found (are you missing a using directive or an assembly reference?)

Library\PackageCache\com.unity.test-framework@80f691d4262b\UnityEngine.TestRunner\NUnitExtensions\Filters\CategoryFilterExtended.cs(19,36): error CS0246: The type or namespace name 'ITest' could not be found (are you missing a using directive or an assembly reference?)

Library\PackageCache\com.unity.test-framework@80f691d4262b\UnityEngine.TestRunner\Assertions\AllocatingGCMemoryConstraint.cs(36,50): error CS0246: The type or namespace name 'ConstraintResult' could not be found (are you missing a using directive or an assembly reference?)

Library\PackageCache\com.unity.test-framework@80f691d4262b\UnityEngine.TestRunner\NUnitExtensions\OrderedTestSuiteModifier.cs(23,38): error CS0246: The type or namespace name 'TestSuite' could not be found (are you missing a using directive or an assembly reference?)

Library\PackageCache\com.unity.test-framework@80f691d4262b\UnityEngine.TestRunner\NUnitExtensions\OrderedTestSuiteModifier.cs(23,16): error CS0246: The type or namespace name 'TestSuite' could not be found (are you missing a using directive or an assembly reference?)

Library\PackageCache\com.unity.test-framework@80f691d4262b\UnityEngine.TestRunner\NUnitExtensions\Filters\EditorOnlyFilter.cs(32,40): error CS0246: The type or namespace name 'TNode' could not be found (are you missing a using directive or an assembly reference?)

Library\PackageCache\com.unity.test-framework@80f691d4262b\UnityEngine.TestRunner\NUnitExtensions\Filters\EditorOnlyFilter.cs(32,25): error CS0246: The type or namespace name 'TNode' could not be found (are you missing a using directive or an assembly reference?)

Library\PackageCache\com.unity.test-framework@80f691d4262b\UnityEngine.TestRunner\NUnitExtensions\OrderedTestSuiteModifier.cs(75,60): error CS0246: The type or namespace name 'ITest' could not be found (are you missing a using directive or an assembly reference?)

Library\PackageCache\com.unity.test-framework@80f691d4262b\UnityEngine.TestRunner\NUnitExtensions\Filters\EditorOnlyFilter.cs(37,48): error CS0246: The type or namespace name 'ITest' could not be found (are you missing a using directive or an assembly reference?)

Library\PackageCache\com.unity.test-framework@80f691d4262b\UnityEngine.TestRunner\Assertions\AllocatingGCMemoryConstraint.cs(39,45): error CS0246: The type or namespace name 'IConstraint' could not be found (are you missing a using directive or an assembly reference?)

Library\PackageCache\com.unity.test-framework@80f691d4262b\UnityEngine.TestRunner\NUnitExtensions\OrderedTestSuiteModifier.cs(81,60): error CS0246: The type or namespace name 'ITest' could not be found (are you missing a using directive or an assembly reference?)

Library\PackageCache\com.unity.test-framework@80f691d4262b\UnityEngine.TestRunner\Assertions\AllocatingGCMemoryConstraint.cs(44,49): error CS0246: The type or namespace name 'MessageWriter' could not be found (are you missing a using directive or an assembly reference?)

Library\PackageCache\com.unity.test-framework@80f691d4262b\UnityEngine.TestRunner\TestRunner\ITestRunnerListener.cs(10,26): error CS0246: The type or namespace name 'ITestResult' could not be found (are you missing a using directive or an assembly reference?)

Library\PackageCache\com.unity.test-framework@80f691d4262b\UnityEngine.TestRunner\TestRunner\ITestRunnerListener.cs(11,26): error CS0246: The type or namespace name 'ITest' could not be found (are you missing a using directive or an assembly reference?)

Library\PackageCache\com.unity.test-framework@80f691d4262b\UnityEngine.TestRunner\NUnitExtensions\OrderedTestSuiteModifier.cs(98,89): error CS0246: The type or namespace name 'ITest' could not be found (are you missing a using directive or an assembly reference?)

Library\PackageCache\com.unity.test-framework@80f691d4262b\UnityEngine.TestRunner\NUnitExtensions\OrderedTestSuiteModifier.cs(98,106): error CS0246: The type or namespace name 'ITest' could not be found (are you missing a using directive or an assembly reference?)

Library\PackageCache\com.unity.test-framework@80f691d4262b\UnityEngine.TestRunner\NUnitExtensions\OrderedTestSuiteModifier.cs(98,29): error CS0246: The type or namespace name 'ITest' could not be found (are you missing a using directive or an assembly reference?)

Library\PackageCache\com.unity.test-framework@80f691d4262b\UnityEngine.TestRunner\TestRunner\ITestRunnerListener.cs(12,27): error CS0246: The type or namespace name 'ITestResult' could not be found (are you missing a using directive or an assembly reference?)

Library\PackageCache\com.unity.test-framework@80f691d4262b\UnityEngine.TestRunner\NUnitExtensions\OrderedTestSuiteModifier.cs(126,53): error CS0246: The type or namespace name 'ITest' could not be found (are you missing a using directive or an assembly reference?)

Library\PackageCache\com.unity.test-framework@80f691d4262b\UnityEngine.TestRunner\NUnitExtensions\OrderedTestSuiteModifier.cs(126,83): error CS0246: The type or namespace name 'ITest' could not be found (are you missing a using directive or an assembly reference?)

Library\PackageCache\com.unity.test-framework@80f691d4262b\UnityEngine.TestRunner\NUnitExtensions\Filters\FullNameFilter.cs(6,37): error CS0246: The type or namespace name 'NUnit' could not be found (are you missing a using directive or an assembly reference?)

Library\PackageCache\com.unity.test-framework@80f691d4262b\UnityEngine.TestRunner\NUnitExtensions\OrderedTestSuiteModifier.cs(131,39): error CS0246: The type or namespace name 'ITest' could not be found (are you missing a using directive or an assembly reference?)

Library\PackageCache\com.unity.test-framework@80f691d4262b\UnityEngine.TestRunner\NUnitExtensions\OrderedTestSuiteModifier.cs(131,24): error CS0246: The type or namespace name 'Test' could not be found (are you missing a using directive or an assembly reference?)

Library\PackageCache\com.unity.test-framework@80f691d4262b\UnityEngine.TestRunner\NUnitExtensions\Filters\FullNameFilter.cs(12,36): error CS0246: The type or namespace name 'ITest' could not be found (are you missing a using directive or an assembly reference?)

Library\PackageCache\com.unity.test-framework@80f691d4262b\UnityEngine.TestRunner\NUnitExtensions\OrderedTestSuiteModifier.cs(183,45): error CS0246: The type or namespace name 'ITest' could not be found (are you missing a using directive or an assembly reference?)

Library\PackageCache\com.unity.test-framework@80f691d4262b\UnityEngine.TestRunner\NUnitExtensions\OrderedTestSuiteModifier.cs(183,59): error CS0246: The type or namespace name 'ITest' could not be found (are you missing a using directive or an assembly reference?)

Library\PackageCache\com.unity.test-framework@80f691d4262b\UnityEngine.TestRunner\NUnitExtensions\OrderedTestSuiteModifier.cs(200,53): error CS0246: The type or namespace name 'ITest' could not be found (are you missing a using directive or an assembly reference?)

Library\PackageCache\com.unity.test-framework@80f691d4262b\UnityEngine.TestRunner\NUnitExtensions\OrderedTestSuiteModifier.cs(200,29): error CS0246: The type or namespace name 'ITest' could not be found (are you missing a using directive or an assembly reference?)

Library\PackageCache\com.unity.test-framework@80f691d4262b\UnityEngine.TestRunner\Assertions\ConstraintsExtensions.cs(17,76): error CS0246: The type or namespace name 'ConstraintExpression' could not be found (are you missing a using directive or an assembly reference?)

Library\PackageCache\com.unity.test-framework@80f691d4262b\UnityEngine.TestRunner\Assertions\Is.cs(10,23): error CS0246: The type or namespace name 'NUnit' could not be found (are you missing a using directive or an assembly reference?)

Library\PackageCache\com.unity.test-framework@80f691d4262b\UnityEngine.TestRunner\NUnitExtensions\OrderedTestSuiteModifier.cs(212,52): error CS0246: The type or namespace name 'ITest' could not be found (are you missing a using directive or an assembly reference?)

Library\PackageCache\com.unity.test-framework@80f691d4262b\UnityEngine.TestRunner\NUnitExtensions\OrderedTestSuiteModifier.cs(238,39): error CS0246: The type or namespace name 'ITest' could not be found (are you missing a using directive or an assembly reference?)

Library\PackageCache\com.unity.test-framework@80f691d4262b\UnityEngine.TestRunner\NUnitExtensions\OrderedTestSuiteModifier.cs(238,24): error CS0246: The type or namespace name 'ITest' could not be found (are you missing a using directive or an assembly reference?)

Library\PackageCache\com.unity.test-framework@80f691d4262b\UnityEngine.TestRunner\Assertions\InvalidSignatureException.cs(7,48): error CS0246: The type or namespace name 'ResultStateException' could not be found (are you missing a using directive or an assembly reference?)

Library\PackageCache\com.unity.test-framework@80f691d4262b\UnityEngine.TestRunner\NUnitExtensions\Attributes\PreservedValuesAttribute.cs(12,45): error CS0246: The type or namespace name 'ValuesAttribute' could not be found (are you missing a using directive or an assembly reference?)

Library\PackageCache\com.unity.test-framework@80f691d4262b\UnityEngine.TestRunner\Assertions\InvalidSignatureException.cs(14,25): error CS0246: The type or namespace name 'ResultState' could not be found (are you missing a using directive or an assembly reference?)

Library\PackageCache\com.unity.test-framework@80f691d4262b\UnityEngine.TestRunner\NUnitExtensions\TestExtensions.cs(13,62): error CS0246: The type or namespace name 'ITest' could not be found (are you missing a using directive or an assembly reference?)

Library\PackageCache\com.unity.test-framework@80f691d4262b\UnityEngine.TestRunner\NUnitExtensions\TestResultExtensions.cs(11,57): error CS0246: The type or namespace name 'TestResult' could not be found (are you missing a using directive or an assembly reference?)

Library\PackageCache\com.unity.test-framework@80f691d4262b\UnityEngine.TestRunner\NUnitExtensions\TestResultExtensions.cs(11,109): error CS0246: The type or namespace name 'ResultState' could not be found (are you missing a using directive or an assembly reference?)

Library\PackageCache\com.unity.test-framework@80f691d4262b\UnityEngine.TestRunner\Assertions\OutOfOrderExpectedLogMessageException.cs(8,60): error CS0246: The type or namespace name 'ResultStateException' could not be found (are you missing a using directive or an assembly reference?)

Library\PackageCache\com.unity.test-framework@80f691d4262b\UnityEngine.TestRunner\NUnitExtensions\TestExtensions.cs(24,66): error CS0246: The type or namespace name 'ITest' could not be found (are you missing a using directive or an assembly reference?)

Library\PackageCache\com.unity.test-framework@80f691d4262b\UnityEngine.TestRunner\NUnitExtensions\TestResultExtensions.cs(54,53): error CS0246: The type or namespace name 'TestResult' could not be found (are you missing a using directive or an assembly reference?)

Library\PackageCache\com.unity.test-framework@80f691d4262b\UnityEngine.TestRunner\NUnitExtensions\TestResultExtensions.cs(54,105): error CS0246: The type or namespace name 'ResultState' could not be found (are you missing a using directive or an assembly reference?)

Library\PackageCache\com.unity.test-framework@80f691d4262b\UnityEngine.TestRunner\Assertions\OutOfOrderExpectedLogMessageException.cs(20,25): error CS0246: The type or namespace name 'ResultState' could not be found (are you missing a using directive or an assembly reference?)

Library\PackageCache\com.unity.test-framework@80f691d4262b\UnityEngine.TestRunner\NUnitExtensions\TestExtensions.cs(38,56): error CS0246: The type or namespace name 'ITest' could not be found (are you missing a using directive or an assembly reference?)

Library\PackageCache\com.unity.test-framework@80f691d4262b\UnityEngine.TestRunner\NUnitExtensions\Runner\CompositeWorkItem.cs(276,34): error CS0246: The type or namespace name 'ResultState' could not be found (are you missing a using directive or an assembly reference?)

Library\PackageCache\com.unity.test-framework@80f691d4262b\UnityEngine.TestRunner\NUnitExtensions\Runner\CoroutineTestWorkItem.cs(14,17): error CS0246: The type or namespace name 'TestCommand' could not be found (are you missing a using directive or an assembly reference?)

Library\PackageCache\com.unity.test-framework@80f691d4262b\UnityEngine.TestRunner\NUnitExtensions\Attributes\TestEnumerator.cs(10,26): error CS0246: The type or namespace name 'ITestExecutionContext' could not be found (are you missing a using directive or an assembly reference?)

Library\PackageCache\com.unity.test-framework@80f691d4262b\UnityEngine.TestRunner\NUnitExtensions\TestExtensions.cs(59,60): error CS0246: The type or namespace name 'ITest' could not be found (are you missing a using directive or an assembly reference?)

Library\PackageCache\com.unity.test-framework@80f691d4262b\UnityEngine.TestRunner\Assertions\UnexpectedLogMessageException.cs(8,52): error CS0246: The type or namespace name 'ResultStateException' could not be found (are you missing a using directive or an assembly reference?)

Library\PackageCache\com.unity.test-framework@80f691d4262b\UnityEngine.TestRunner\NUnitExtensions\Attributes\TestEnumerator.cs(28,31): error CS0246: The type or namespace name 'ITestExecutionContext' could not be found (are you missing a using directive or an assembly reference?)

Library\PackageCache\com.unity.test-framework@80f691d4262b\UnityEngine.TestRunner\NUnitExtensions\Attributes\ParametrizedIgnoreAttribute.cs(52,48): error CS0246: The type or namespace name 'NUnitAttribute' could not be found (are you missing a using directive or an assembly reference?)

Library\PackageCache\com.unity.test-framework@80f691d4262b\UnityEngine.TestRunner\NUnitExtensions\Attributes\ParametrizedIgnoreAttribute.cs(52,64): error CS0246: The type or namespace name 'IWrapTestMethod' could not be found (are you missing a using directive or an assembly reference?)

Library\PackageCache\com.unity.test-framework@80f691d4262b\UnityEngine.TestRunner\NUnitExtensions\TestExtensions.cs(68,46): error CS0246: The type or namespace name 'ITest' could not be found (are you missing a using directive or an assembly reference?)

Library\PackageCache\com.unity.test-framework@80f691d4262b\UnityEngine.TestRunner\NUnitExtensions\Runner\CoroutineTestWorkItem.cs(37,38): error CS0246: The type or namespace name 'TestMethod' could not be found (are you missing a using directive or an assembly reference?)

Library\PackageCache\com.unity.test-framework@80f691d4262b\UnityEngine.TestRunner\NUnitExtensions\Runner\CoroutineTestWorkItem.cs(37,55): error CS0246: The type or namespace name 'ITestFilter' could not be found (are you missing a using directive or an assembly reference?)

Library\PackageCache\com.unity.test-framework@80f691d4262b\UnityEngine.TestRunner\Assertions\UnexpectedLogMessageException.cs(23,25): error CS0246: The type or namespace name 'ResultState' could not be found (are you missing a using directive or an assembly reference?)

Library\PackageCache\com.unity.test-framework@80f691d4262b\UnityEngine.TestRunner\NUnitExtensions\Attributes\TestEnumerator.cs(76,30): error CS0246: The type or namespace name 'ITestExecutionContext' could not be found (are you missing a using directive or an assembly reference?)

Library\PackageCache\com.unity.test-framework@80f691d4262b\UnityEngine.TestRunner\NUnitExtensions\Runner\CompositeWorkItem.cs(282,35): error CS0246: The type or namespace name 'TestSuite' could not be found (are you missing a using directive or an assembly reference?)

Library\PackageCache\com.unity.test-framework@80f691d4262b\UnityEngine.TestRunner\NUnitExtensions\Runner\CompositeWorkItem.cs(282,52): error CS0246: The type or namespace name 'ResultState' could not be found (are you missing a using directive or an assembly reference?)

Library\PackageCache\com.unity.test-framework@80f691d4262b\UnityEngine.TestRunner\NUnitExtensions\Attributes\TestEnumerator.cs(78,38): error CS0246: The type or namespace name 'ITestExecutionContext' could not be found (are you missing a using directive or an assembly reference?)

Library\PackageCache\com.unity.test-framework@80f691d4262b\UnityEngine.TestRunner\NUnitExtensions\TestExtensions.cs(74,47): error CS0246: The type or namespace name 'ITest' could not be found (are you missing a using directive or an assembly reference?)

Library\PackageCache\com.unity.test-framework@80f691d4262b\UnityEngine.TestRunner\NUnitExtensions\Runner\UnityWorkItem.cs(25,16): error CS0246: The type or namespace name 'Test' could not be found (are you missing a using directive or an assembly reference?)

Library\PackageCache\com.unity.test-framework@80f691d4262b\UnityEngine.TestRunner\NUnitExtensions\Runner\CompositeWorkItem.cs(306,49): error CS0246: The type or namespace name 'Test' could not be found (are you missing a using directive or an assembly reference?)

Library\PackageCache\com.unity.test-framework@80f691d4262b\UnityEngine.TestRunner\Assertions\UnhandledLogMessageException.cs(9,51): error CS0246: The type or namespace name 'ResultStateException' could not be found (are you missing a using directive or an assembly reference?)

Library\PackageCache\com.unity.test-framework@80f691d4262b\UnityEngine.TestRunner\NUnitExtensions\TestExtensions.cs(80,47): error CS0246: The type or namespace name 'ITest' could not be found (are you missing a using directive or an assembly reference?)

Library\PackageCache\com.unity.test-framework@80f691d4262b\UnityEngine.TestRunner\NUnitExtensions\Runner\DefaultTestWorkItem.cs(25,17): error CS0246: The type or namespace name 'TestCommand' could not be found (are you missing a using directive or an assembly reference?)

Library\PackageCache\com.unity.test-framework@80f691d4262b\UnityEngine.TestRunner\NUnitExtensions\Runner\UnityWorkItem.cs(27,16): error CS0246: The type or namespace name 'TestResult' could not be found (are you missing a using directive or an assembly reference?)

Library\PackageCache\com.unity.test-framework@80f691d4262b\UnityEngine.TestRunner\Assertions\UnhandledLogMessageException.cs(26,25): error CS0246: The type or namespace name 'ResultState' could not be found (are you missing a using directive or an assembly reference?)

Library\PackageCache\com.unity.test-framework@80f691d4262b\UnityEngine.TestRunner\NUnitExtensions\TestExtensions.cs(101,49): error CS0246: The type or namespace name 'ITest' could not be found (are you missing a using directive or an assembly reference?)

Library\PackageCache\com.unity.test-framework@80f691d4262b\UnityEngine.TestRunner\NUnitExtensions\Runner\UnityWorkItem.cs(29,16): error CS0246: The type or namespace name 'WorkItemState' could not be found (are you missing a using directive or an assembly reference?)

Library\PackageCache\com.unity.test-framework@80f691d4262b\UnityEngine.TestRunner\NUnitExtensions\Attributes\ParametrizedIgnoreAttribute.cs(51,6): error CS0641: Attribute 'AttributeUsage' is only valid on classes derived from System.Attribute

Library\PackageCache\com.unity.test-framework@80f691d4262b\UnityEngine.TestRunner\NUnitExtensions\Runner\CompositeWorkItem.cs(19,26): error CS0246: The type or namespace name 'TestSuite' could not be found (are you missing a using directive or an assembly reference?)

Library\PackageCache\com.unity.test-framework@80f691d4262b\UnityEngine.TestRunner\NUnitExtensions\Runner\DefaultTestWorkItem.cs(26,36): error CS0246: The type or namespace name 'TestMethod' could not be found (are you missing a using directive or an assembly reference?)

Library\PackageCache\com.unity.test-framework@80f691d4262b\UnityEngine.TestRunner\NUnitExtensions\Runner\DefaultTestWorkItem.cs(26,53): error CS0246: The type or namespace name 'ITestFilter' could not be found (are you missing a using directive or an assembly reference?)

Library\PackageCache\com.unity.test-framework@80f691d4262b\UnityEngine.TestRunner\NUnitExtensions\TestExtensions.cs(117,50): error CS0246: The type or namespace name 'ITest' could not be found (are you missing a using directive or an assembly reference?)

Library\PackageCache\com.unity.test-framework@80f691d4262b\UnityEngine.TestRunner\Assertions\UnityTestTimeoutException.cs(7,48): error CS0246: The type or namespace name 'ResultStateException' could not be found (are you missing a using directive or an assembly reference?)

Library\PackageCache\com.unity.test-framework@80f691d4262b\UnityEngine.TestRunner\NUnitExtensions\Runner\UnityWorkItem.cs(31,21): error CS0246: The type or namespace name 'ITestAction' could not be found (are you missing a using directive or an assembly reference?)

Library\PackageCache\com.unity.test-framework@80f691d4262b\UnityEngine.TestRunner\Assertions\UnityTestTimeoutException.cs(19,25): error CS0246: The type or namespace name 'ResultState' could not be found (are you missing a using directive or an assembly reference?)

Library\PackageCache\com.unity.test-framework@80f691d4262b\UnityEngine.TestRunner\NUnitExtensions\Attributes\ParametrizedIgnoreAttribute.cs(77,33): error CS0246: The type or namespace name 'TestCommand' could not be found (are you missing a using directive or an assembly reference?)

Library\PackageCache\com.unity.test-framework@80f691d4262b\UnityEngine.TestRunner\NUnitExtensions\Attributes\ParametrizedIgnoreAttribute.cs(77,16): error CS0246: The type or namespace name 'TestCommand' could not be found (are you missing a using directive or an assembly reference?)

Library\PackageCache\com.unity.test-framework@80f691d4262b\UnityEngine.TestRunner\NUnitExtensions\TestExtensions.cs(127,51): error CS0246: The type or namespace name 'ITest' could not be found (are you missing a using directive or an assembly reference?)

Library\PackageCache\com.unity.test-framework@80f691d4262b\UnityEngine.TestRunner\NUnitExtensions\Runner\FailCommand.cs(9,34): error CS0246: The type or namespace name 'TestCommand' could not be found (are you missing a using directive or an assembly reference?)

Library\PackageCache\com.unity.test-framework@80f691d4262b\UnityEngine.TestRunner\NUnitExtensions\Runner\CompositeWorkItem.cs(20,26): error CS0246: The type or namespace name 'TestSuiteResult' could not be found (are you missing a using directive or an assembly reference?)

Library\PackageCache\com.unity.test-framework@80f691d4262b\UnityEngine.TestRunner\NUnitExtensions\TestExtensions.cs(137,47): error CS0246: The type or namespace name 'ITest' could not be found (are you missing a using directive or an assembly reference?)

Library\PackageCache\com.unity.test-framework@80f691d4262b\UnityEngine.TestRunner\NUnitExtensions\Runner\IEnumerableTestMethodCommand.cs(17,39): error CS0246: The type or namespace name 'ITestExecutionContext' could not be found (are you missing a using directive or an assembly reference?)

Library\PackageCache\com.unity.test-framework@80f691d4262b\UnityEngine.TestRunner\NUnitExtensions\Attributes\UnityCombinatorialStrategy.cs(9,49): error CS0246: The type or namespace name 'CombinatorialStrategy' could not be found (are you missing a using directive or an assembly reference?)

Library\PackageCache\com.unity.test-framework@80f691d4262b\UnityEngine.TestRunner\NUnitExtensions\Attributes\UnityCombinatorialStrategy.cs(9,72): error CS0246: The type or namespace name 'ICombiningStrategy' could not be found (are you missing a using directive or an assembly reference?)

Library\PackageCache\com.unity.test-framework@80f691d4262b\UnityEngine.TestRunner\NUnitExtensions\Runner\ITestCommandWrapper.cs(22,25): error CS0246: The type or namespace name 'TestMethod' could not be found (are you missing a using directive or an assembly reference?)

Library\PackageCache\com.unity.test-framework@80f691d4262b\UnityEngine.TestRunner\NUnitExtensions\Runner\ITestCommandWrapper.cs(28,26): error CS0246: The type or namespace name 'TestCommand' could not be found (are you missing a using directive or an assembly reference?)

Library\PackageCache\com.unity.test-framework@80f691d4262b\UnityEngine.TestRunner\NUnitExtensions\Runner\ITestCommandWrapper.cs(28,9): error CS0246: The type or namespace name 'TestCommand' could not be found (are you missing a using directive or an assembly reference?)

Library\PackageCache\com.unity.test-framework@80f691d4262b\UnityEngine.TestRunner\NUnitExtensions\Runner\FailCommand.cs(21,44): error CS0246: The type or namespace name 'ITestExecutionContext' could not be found (are you missing a using directive or an assembly reference?)

Library\PackageCache\com.unity.test-framework@80f691d4262b\UnityEngine.TestRunner\NUnitExtensions\Runner\FailCommand.cs(21,25): error CS0246: The type or namespace name 'TestResult' could not be found (are you missing a using directive or an assembly reference?)

Library\PackageCache\com.unity.test-framework@80f691d4262b\UnityEngine.TestRunner\NUnitExtensions\TestExtensions.cs(154,61): error CS0246: The type or namespace name 'ITest' could not be found (are you missing a using directive or an assembly reference?)

Library\PackageCache\com.unity.test-framework@80f691d4262b\UnityEngine.TestRunner\NUnitExtensions\Runner\FailCommand.cs(27,46): error CS0246: The type or namespace name 'ITestExecutionContext' could not be found (are you missing a using directive or an assembly reference?)

Library\PackageCache\com.unity.test-framework@80f691d4262b\UnityEngine.TestRunner\NUnitExtensions\TestExtensions.cs(169,45): error CS0246: The type or namespace name 'ITest' could not be found (are you missing a using directive or an assembly reference?)

Library\PackageCache\com.unity.test-framework@80f691d4262b\UnityEngine.TestRunner\NUnitExtensions\Runner\FailCommand.cs(11,17): error CS0246: The type or namespace name 'ResultState' could not be found (are you missing a using directive or an assembly reference?)

Library\PackageCache\com.unity.test-framework@80f691d4262b\UnityEngine.TestRunner\NUnitExtensions\TestExtensions.cs(174,49): error CS0246: The type or namespace name 'ITest' could not be found (are you missing a using directive or an assembly reference?)

Library\PackageCache\com.unity.test-framework@80f691d4262b\UnityEngine.TestRunner\NUnitExtensions\Attributes\UnityCoreClrExplicitDisabledAttribute.cs(41,58): error CS0246: The type or namespace name 'NUnitAttribute' could not be found (are you missing a using directive or an assembly reference?)

Library\PackageCache\com.unity.test-framework@80f691d4262b\UnityEngine.TestRunner\NUnitExtensions\Attributes\UnityCoreClrExplicitDisabledAttribute.cs(41,74): error CS0246: The type or namespace name 'IApplyToTest' could not be found (are you missing a using directive or an assembly reference?)

Library\PackageCache\com.unity.test-framework@80f691d4262b\UnityEngine.TestRunner\NUnitExtensions\Runner\FailCommand.cs(14,28): error CS0246: The type or namespace name 'Test' could not be found (are you missing a using directive or an assembly reference?)

Library\PackageCache\com.unity.test-framework@80f691d4262b\UnityEngine.TestRunner\NUnitExtensions\Runner\FailCommand.cs(14,39): error CS0246: The type or namespace name 'ResultState' could not be found (are you missing a using directive or an assembly reference?)

Library\PackageCache\com.unity.test-framework@80f691d4262b\UnityEngine.TestRunner\NUnitExtensions\Runner\WorkItemFactory.cs(27,49): error CS0246: The type or namespace name 'TestMethod' could not be found (are you missing a using directive or an assembly reference?)

Library\PackageCache\com.unity.test-framework@80f691d4262b\UnityEngine.TestRunner\NUnitExtensions\Runner\WorkItemFactory.cs(27,68): error CS0246: The type or namespace name 'ITestFilter' could not be found (are you missing a using directive or an assembly reference?)

Library\PackageCache\com.unity.test-framework@80f691d4262b\UnityEngine.TestRunner\NUnitExtensions\Runner\WorkItemFactory.cs(27,88): error CS0246: The type or namespace name 'ITest' could not be found (are you missing a using directive or an assembly reference?)

Library\PackageCache\com.unity.test-framework@80f691d4262b\UnityEngine.TestRunner\NUnitExtensions\Runner\PlaymodeWorkItemFactory.cs(9,49): error CS0246: The type or namespace name 'TestMethod' could not be found (are you missing a using directive or an assembly reference?)

Library\PackageCache\com.unity.test-framework@80f691d4262b\UnityEngine.TestRunner\NUnitExtensions\Runner\PlaymodeWorkItemFactory.cs(9,68): error CS0246: The type or namespace name 'ITestFilter' could not be found (are you missing a using directive or an assembly reference?)

Library\PackageCache\com.unity.test-framework@80f691d4262b\UnityEngine.TestRunner\NUnitExtensions\Runner\PlaymodeWorkItemFactory.cs(9,88): error CS0246: The type or namespace name 'ITest' could not be found (are you missing a using directive or an assembly reference?)

Library\PackageCache\com.unity.test-framework@80f691d4262b\UnityEngine.TestRunner\NUnitExtensions\TestExtensions.cs(182,47): error CS0246: The type or namespace name 'ITest' could not be found (are you missing a using directive or an assembly reference?)

Library\PackageCache\com.unity.test-framework@80f691d4262b\UnityEngine.TestRunner\NUnitExtensions\Runner\CompositeWorkItem.cs(21,26): error CS0246: The type or namespace name 'ITestFilter' could not be found (are you missing a using directive or an assembly reference?)

Library\PackageCache\com.unity.test-framework@80f691d4262b\UnityEngine.TestRunner\NUnitExtensions\Runner\TestCommandBuilder.cs(17,52): error CS0246: The type or namespace name 'TestMethod' could not be found (are you missing a using directive or an assembly reference?)

Library\PackageCache\com.unity.test-framework@80f691d4262b\UnityEngine.TestRunner\NUnitExtensions\Runner\TestCommandBuilder.cs(17,69): error CS0246: The type or namespace name 'ITestFilter' could not be found (are you missing a using directive or an assembly reference?)

Library\PackageCache\com.unity.test-framework@80f691d4262b\UnityEngine.TestRunner\NUnitExtensions\Runner\TestCommandBuilder.cs(17,23): error CS0246: The type or namespace name 'TestCommand' could not be found (are you missing a using directive or an assembly reference?)

Library\PackageCache\com.unity.test-framework@80f691d4262b\UnityEngine.TestRunner\NUnitExtensions\Attributes\UnityCombinatorialStrategy.cs(11,32): error CS0246: The type or namespace name 'ITestCaseData' could not be found (are you missing a using directive or an assembly reference?)

Library\PackageCache\com.unity.test-framework@80f691d4262b\UnityEngine.TestRunner\NUnitExtensions\TestExtensions.cs(190,53): error CS0246: The type or namespace name 'ITest' could not be found (are you missing a using directive or an assembly reference?)

Library\PackageCache\com.unity.test-framework@80f691d4262b\UnityEngine.TestRunner\NUnitExtensions\Attributes\UnityOneTimeTearDownAttribute.cs(226,50): error CS0246: The type or namespace name 'NUnitAttribute' could not be found (are you missing a using directive or an assembly reference?)

Library\PackageCache\com.unity.test-framework@80f691d4262b\UnityEngine.TestRunner\NUnitExtensions\TestExtensions.cs(198,55): error CS0246: The type or namespace name 'ITest' could not be found (are you missing a using directive or an assembly reference?)

Library\PackageCache\com.unity.test-framework@80f691d4262b\UnityEngine.TestRunner\NUnitExtensions\Attributes\UnityOneTimeTearDownAttribute.cs(225,6): error CS0641: Attribute 'AttributeUsage' is only valid on classes derived from System.Attribute

Library\PackageCache\com.unity.test-framework@80f691d4262b\UnityEngine.TestRunner\NUnitExtensions\Runner\CompositeWorkItem.cs(23,17): error CS0246: The type or namespace name 'TestCommand' could not be found (are you missing a using directive or an assembly reference?)

Library\PackageCache\com.unity.test-framework@80f691d4262b\UnityEngine.TestRunner\NUnitExtensions\Runner\TestCommandBuilder.cs(131,50): error CS0246: The type or namespace name 'TestMethod' could not be found (are you missing a using directive or an assembly reference?)

Library\PackageCache\com.unity.test-framework@80f691d4262b\UnityEngine.TestRunner\NUnitExtensions\Runner\UnityTestAssemblyRunner.cs(17,9): error CS0246: The type or namespace name 'ITest' could not be found (are you missing a using directive or an assembly reference?)

Library\PackageCache\com.unity.test-framework@80f691d4262b\UnityEngine.TestRunner\NUnitExtensions\Runner\CompositeWorkItem.cs(24,17): error CS0246: The type or namespace name 'TestCommand' could not be found (are you missing a using directive or an assembly reference?)

Library\PackageCache\com.unity.test-framework@80f691d4262b\UnityEngine.TestRunner\NUnitExtensions\Attributes\UnityPlatformAttribute.cs(40,43): error CS0246: The type or namespace name 'NUnitAttribute' could not be found (are you missing a using directive or an assembly reference?)

Library\PackageCache\com.unity.test-framework@80f691d4262b\UnityEngine.TestRunner\NUnitExtensions\Attributes\UnityPlatformAttribute.cs(40,59): error CS0246: The type or namespace name 'IApplyToTest' could not be found (are you missing a using directive or an assembly reference?)

Library\PackageCache\com.unity.test-framework@80f691d4262b\UnityEngine.TestRunner\NUnitExtensions\Runner\UnityTestAssemblyRunner.cs(18,9): error CS0246: The type or namespace name 'ITestResult' could not be found (are you missing a using directive or an assembly reference?)

Library\PackageCache\com.unity.test-framework@80f691d4262b\UnityEngine.TestRunner\NUnitExtensions\Runner\TestCommandBuilder.cs(140,68): error CS0246: The type or namespace name 'TestCommand' could not be found (are you missing a using directive or an assembly reference?)

Library\PackageCache\com.unity.test-framework@80f691d4262b\UnityEngine.TestRunner\NUnitExtensions\Runner\TestCommandBuilder.cs(140,24): error CS0246: The type or namespace name 'TestCommand' could not be found (are you missing a using directive or an assembly reference?)

Library\PackageCache\com.unity.test-framework@80f691d4262b\UnityEngine.TestRunner\NUnitExtensions\Attributes\UnitySetUpAttribute.cs(226,40): error CS0246: The type or namespace name 'NUnitAttribute' could not be found (are you missing a using directive or an assembly reference?)

Library\PackageCache\com.unity.test-framework@80f691d4262b\UnityEngine.TestRunner\TestRunner\Callbacks\PlayModeRunnerCallback.cs(12,33): error CS0246: The type or namespace name 'ITestResult' could not be found (are you missing a using directive or an assembly reference?)

Library\PackageCache\com.unity.test-framework@80f691d4262b\UnityEngine.TestRunner\NUnitExtensions\Attributes\UnitySetUpAttribute.cs(225,6): error CS0641: Attribute 'AttributeUsage' is only valid on classes derived from System.Attribute

Library\PackageCache\com.unity.test-framework@80f691d4262b\UnityEngine.TestRunner\TestRunner\Callbacks\PlayModeRunnerCallback.cs(23,34): error CS0246: The type or namespace name 'ITestResult' could not be found (are you missing a using directive or an assembly reference?)

Library\PackageCache\com.unity.test-framework@80f691d4262b\UnityEngine.TestRunner\NUnitExtensions\Runner\UnityLogCheckDelegatingCommand.cs(13,53): error CS0246: The type or namespace name 'DelegatingTestCommand' could not be found (are you missing a using directive or an assembly reference?)

Library\PackageCache\com.unity.test-framework@80f691d4262b\UnityEngine.TestRunner\TestRunner\ITestRunnerListener.cs(16,51): error CS0246: The type or namespace name 'ITestResult' could not be found (are you missing a using directive or an assembly reference?)

Library\PackageCache\com.unity.test-framework@80f691d4262b\UnityEngine.TestRunner\NUnitExtensions\Attributes\UnityTearDownAttribute.cs(34,43): error CS0246: The type or namespace name 'NUnitAttribute' could not be found (are you missing a using directive or an assembly reference?)

Library\PackageCache\com.unity.test-framework@80f691d4262b\UnityEngine.TestRunner\TestRunner\Callbacks\PlayModeRunnerCallback.cs(34,32): error CS0246: The type or namespace name 'ITest' could not be found (are you missing a using directive or an assembly reference?)

Library\PackageCache\com.unity.test-framework@80f691d4262b\UnityEngine.TestRunner\NUnitExtensions\Runner\UnityTestExecutionContext.cs(15,48): error CS0246: The type or namespace name 'ITestExecutionContext' could not be found (are you missing a using directive or an assembly reference?)

Library\PackageCache\com.unity.test-framework@80f691d4262b\UnityEngine.TestRunner\NUnitExtensions\Attributes\UnityTearDownAttribute.cs(33,6): error CS0641: Attribute 'AttributeUsage' is only valid on classes derived from System.Attribute

Library\PackageCache\com.unity.test-framework@80f691d4262b\UnityEngine.TestRunner\TestRunner\Callbacks\PlayModeRunnerCallback.cs(44,33): error CS0246: The type or namespace name 'ITest' could not be found (are you missing a using directive or an assembly reference?)

Library\PackageCache\com.unity.test-framework@80f691d4262b\UnityEngine.TestRunner\NUnitExtensions\Runner\UnityTestAssemblyRunner.cs(24,9): error CS0246: The type or namespace name 'ITest' could not be found (are you missing a using directive or an assembly reference?)

Library\PackageCache\com.unity.test-framework@80f691d4262b\UnityEngine.TestRunner\NUnitExtensions\Runner\UnityTestAssemblyRunner.cs(43,16): error CS0246: The type or namespace name 'ITest' could not be found (are you missing a using directive or an assembly reference?)

Library\PackageCache\com.unity.test-framework@80f691d4262b\UnityEngine.TestRunner\TestRunner\ITestRunnerListener.cs(19,50): error CS0246: The type or namespace name 'ITest' could not be found (are you missing a using directive or an assembly reference?)

Library\PackageCache\com.unity.test-framework@80f691d4262b\UnityEngine.TestRunner\NUnitExtensions\Runner\UnityTestAssemblyRunner.cs(25,27): error CS0246: The type or namespace name 'ITest' could not be found (are you missing a using directive or an assembly reference?)

Library\PackageCache\com.unity.test-framework@80f691d4262b\UnityEngine.TestRunner\NUnitExtensions\BaseDelegator.cs(13,19): error CS0246: The type or namespace name 'ITestExecutionContext' could not be found (are you missing a using directive or an assembly reference?)

Library\PackageCache\com.unity.test-framework@80f691d4262b\UnityEngine.TestRunner\NUnitExtensions\Runner\CompositeWorkItem.cs(32,34): error CS0246: The type or namespace name 'TestSuite' could not be found (are you missing a using directive or an assembly reference?)

Library\PackageCache\com.unity.test-framework@80f691d4262b\UnityEngine.TestRunner\NUnitExtensions\Runner\CompositeWorkItem.cs(32,51): error CS0246: The type or namespace name 'ITestFilter' could not be found (are you missing a using directive or an assembly reference?)

Library\PackageCache\com.unity.test-framework@80f691d4262b\UnityEngine.TestRunner\NUnitExtensions\Runner\UnityTestAssemblyRunner.cs(45,16): error CS0246: The type or namespace name 'ITestResult' could not be found (are you missing a using directive or an assembly reference?)

Library\PackageCache\com.unity.test-framework@80f691d4262b\UnityEngine.TestRunner\NUnitExtensions\Runner\UnityLogCheckDelegatingCommand.cs(28,44): error CS0246: The type or namespace name 'ITestExecutionContext' could not be found (are you missing a using directive or an assembly reference?)

Library\PackageCache\com.unity.test-framework@80f691d4262b\UnityEngine.TestRunner\NUnitExtensions\Runner\UnityLogCheckDelegatingCommand.cs(28,25): error CS0246: The type or namespace name 'TestResult' could not be found (are you missing a using directive or an assembly reference?)

Library\PackageCache\com.unity.test-framework@80f691d4262b\UnityEngine.TestRunner\TestRunner\ITestRunnerListener.cs(22,50): error CS0246: The type or namespace name 'ITestResult' could not be found (are you missing a using directive or an assembly reference?)

Library\PackageCache\com.unity.test-framework@80f691d4262b\UnityEngine.TestRunner\NUnitExtensions\Runner\UnityTestExecutionContext.cs(18,17): error CS0246: The type or namespace name 'TestResult' could not be found (are you missing a using directive or an assembly reference?)

Library\PackageCache\com.unity.test-framework@80f691d4262b\UnityEngine.TestRunner\NUnitExtensions\Attributes\UnityPlatformAttribute.cs(39,6): error CS0641: Attribute 'AttributeUsage' is only valid on classes derived from System.Attribute

Library\PackageCache\com.unity.test-framework@80f691d4262b\UnityEngine.TestRunner\TestRunner\Callbacks\PlayerQuitHandler.cs(30,32): error CS0246: The type or namespace name 'ITest' could not be found (are you missing a using directive or an assembly reference?)

Library\PackageCache\com.unity.test-framework@80f691d4262b\UnityEngine.TestRunner\TestRunner\ITestRunnerListener.cs(25,49): error CS0246: The type or namespace name 'ITest' could not be found (are you missing a using directive or an assembly reference?)

Library\PackageCache\com.unity.test-framework@80f691d4262b\UnityEngine.TestRunner\TestRunner\Callbacks\PlayerQuitHandler.cs(34,33): error CS0246: The type or namespace name 'ITestResult' could not be found (are you missing a using directive or an assembly reference?)

Library\PackageCache\com.unity.test-framework@80f691d4262b\UnityEngine.TestRunner\NUnitExtensions\Runner\UnityTestAssemblyRunner.cs(71,16): error CS0246: The type or namespace name 'ITest' could not be found (are you missing a using directive or an assembly reference?)

Library\PackageCache\com.unity.test-framework@80f691d4262b\UnityEngine.TestRunner\NUnitExtensions\ConstructDelegator.cs(22,19): error CS0246: The type or namespace name 'ITestExecutionContext' could not be found (are you missing a using directive or an assembly reference?)

Library\PackageCache\com.unity.test-framework@80f691d4262b\UnityEngine.TestRunner\NUnitExtensions\Runner\UnityLogCheckDelegatingCommand.cs(39,46): error CS0246: The type or namespace name 'ITestExecutionContext' could not be found (are you missing a using directive or an assembly reference?)

Library\PackageCache\com.unity.test-framework@80f691d4262b\UnityEngine.TestRunner\NUnitExtensions\Attributes\UnityCoreClrExplicitDisabledAttribute.cs(40,6): error CS0641: Attribute 'AttributeUsage' is only valid on classes derived from System.Attribute

Library\PackageCache\com.unity.test-framework@80f691d4262b\UnityEngine.TestRunner\NUnitExtensions\Attributes\UnityTestAttribute.cs(62,39): error CS0246: The type or namespace name 'CombiningStrategyAttribute' could not be found (are you missing a using directive or an assembly reference?)

Library\PackageCache\com.unity.test-framework@80f691d4262b\UnityEngine.TestRunner\NUnitExtensions\Attributes\UnityTestAttribute.cs(62,67): error CS0246: The type or namespace name 'IImplyFixture' could not be found (are you missing a using directive or an assembly reference?)

Library\PackageCache\com.unity.test-framework@80f691d4262b\UnityEngine.TestRunner\NUnitExtensions\Attributes\UnityTestAttribute.cs(62,82): error CS0246: The type or namespace name 'ISimpleTestBuilder' could not be found (are you missing a using directive or an assembly reference?)

Library\PackageCache\com.unity.test-framework@80f691d4262b\UnityEngine.TestRunner\NUnitExtensions\Attributes\UnityTestAttribute.cs(62,102): error CS0246: The type or namespace name 'ITestBuilder' could not be found (are you missing a using directive or an assembly reference?)

Library\PackageCache\com.unity.test-framework@80f691d4262b\UnityEngine.TestRunner\NUnitExtensions\Attributes\UnityTestAttribute.cs(62,116): error CS0246: The type or namespace name 'IApplyToTest' could not be found (are you missing a using directive or an assembly reference?)

Library\PackageCache\com.unity.test-framework@80f691d4262b\UnityEngine.TestRunner\NUnitExtensions\Runner\UnityTestAssemblyRunner.cs(26,25): error CS0246: The type or namespace name 'ITestListener' could not be found (are you missing a using directive or an assembly reference?)

Library\PackageCache\com.unity.test-framework@80f691d4262b\UnityEngine.TestRunner\NUnitExtensions\Runner\UnityTestAssemblyRunner.cs(26,49): error CS0246: The type or namespace name 'ITestFilter' could not be found (are you missing a using directive or an assembly reference?)

Library\PackageCache\com.unity.test-framework@80f691d4262b\UnityEngine.TestRunner\NUnitExtensions\Attributes\UnityPlatformAttribute.cs(76,33): error CS0246: The type or namespace name 'Test' could not be found (are you missing a using directive or an assembly reference?)

Library\PackageCache\com.unity.test-framework@80f691d4262b\UnityEngine.TestRunner\TestRunner\Callbacks\PlayerQuitHandler.cs(38,33): error CS0246: The type or namespace name 'ITest' could not be found (are you missing a using directive or an assembly reference?)

Library\PackageCache\com.unity.test-framework@80f691d4262b\UnityEngine.TestRunner\NUnitExtensions\Attributes\UnityCoreClrExplicitDisabledAttribute.cs(65,33): error CS0246: The type or namespace name 'Test' could not be found (are you missing a using directive or an assembly reference?)

Library\PackageCache\com.unity.test-framework@80f691d4262b\UnityEngine.TestRunner\TestRunner\Callbacks\PlayerQuitHandler.cs(42,34): error CS0246: The type or namespace name 'ITestResult' could not be found (are you missing a using directive or an assembly reference?)

Library\PackageCache\com.unity.test-framework@80f691d4262b\UnityEngine.TestRunner\NUnitExtensions\IAsyncTestAssemblyBuilder.cs(9,52): error CS0246: The type or namespace name 'ITestAssemblyBuilder' could not be found (are you missing a using directive or an assembly reference?)

Library\PackageCache\com.unity.test-framework@80f691d4262b\UnityEngine.TestRunner\NUnitExtensions\Runner\UnityLogCheckDelegatingCommand.cs(89,46): error CS0246: The type or namespace name 'TestResult' could not be found (are you missing a using directive or an assembly reference?)

Library\PackageCache\com.unity.test-framework@80f691d4262b\UnityEngine.TestRunner\NUnitExtensions\Runner\UnityTestExecutionContext.cs(35,16): error CS0246: The type or namespace name 'Test' could not be found (are you missing a using directive or an assembly reference?)

Library\PackageCache\com.unity.test-framework@80f691d4262b\UnityEngine.TestRunner\NUnitExtensions\Runner\UnityWorkItem.cs(44,45): error CS0246: The type or namespace name 'ITest' could not be found (are you missing a using directive or an assembly reference?)

Library\PackageCache\com.unity.test-framework@80f691d4262b\UnityEngine.TestRunner\NUnitExtensions\IAsyncTestAssemblyBuilder.cs(11,21): error CS0246: The type or namespace name 'ITest' could not be found (are you missing a using directive or an assembly reference?)

Library\PackageCache\com.unity.test-framework@80f691d4262b\UnityEngine.TestRunner\NUnitExtensions\Attributes\UnityOneTimeSetUpAttribute.cs(226,47): error CS0246: The type or namespace name 'NUnitAttribute' could not be found (are you missing a using directive or an assembly reference?)

Library\PackageCache\com.unity.test-framework@80f691d4262b\UnityEngine.TestRunner\NUnitExtensions\Commands\BeforeAfterTestCommandBase.cs(16,61): error CS0246: The type or namespace name 'DelegatingTestCommand' could not be found (are you missing a using directive or an assembly reference?)

Library\PackageCache\com.unity.test-framework@80f691d4262b\UnityEngine.TestRunner\NUnitExtensions\Runner\UnityLogCheckDelegatingCommand.cs(103,67): error CS0246: The type or namespace name 'TestResult' could not be found (are you missing a using directive or an assembly reference?)

Library\PackageCache\com.unity.test-framework@80f691d4262b\UnityEngine.TestRunner\NUnitExtensions\Runner\UnityTestAssemblyRunner.cs(88,34): error CS0246: The type or namespace name 'ITest' could not be found (are you missing a using directive or an assembly reference?)

Library\PackageCache\com.unity.test-framework@80f691d4262b\UnityEngine.TestRunner\NUnitExtensions\Runner\WorkItemFactory.cs(10,37): error CS0246: The type or namespace name 'ITest' could not be found (are you missing a using directive or an assembly reference?)

Library\PackageCache\com.unity.test-framework@80f691d4262b\UnityEngine.TestRunner\NUnitExtensions\Runner\WorkItemFactory.cs(10,55): error CS0246: The type or namespace name 'ITestFilter' could not be found (are you missing a using directive or an assembly reference?)

Library\PackageCache\com.unity.test-framework@80f691d4262b\UnityEngine.TestRunner\NUnitExtensions\Attributes\UnityOneTimeSetUpAttribute.cs(225,6): error CS0641: Attribute 'AttributeUsage' is only valid on classes derived from System.Attribute

Library\PackageCache\com.unity.test-framework@80f691d4262b\UnityEngine.TestRunner\NUnitExtensions\Runner\UnityTestExecutionContext.cs(38,16): error CS0246: The type or namespace name 'TestResult' could not be found (are you missing a using directive or an assembly reference?)

Library\PackageCache\com.unity.test-framework@80f691d4262b\UnityEngine.TestRunner\NUnitExtensions\Attributes\UnityTestAttribute.cs(79,20): error CS0246: The type or namespace name 'ISimpleTestBuilder' could not be found (are you missing a using directive or an assembly reference?)

Library\PackageCache\com.unity.test-framework@80f691d4262b\UnityEngine.TestRunner\NUnitExtensions\Attributes\UnityTestAttribute.cs(96,33): error CS0246: The type or namespace name 'ITestBuilder' could not be found (are you missing a using directive or an assembly reference?)

Library\PackageCache\com.unity.test-framework@80f691d4262b\UnityEngine.TestRunner\NUnitExtensions\Attributes\UnityTestAttribute.cs(61,6): error CS0641: Attribute 'AttributeUsage' is only valid on classes derived from System.Attribute

Library\PackageCache\com.unity.test-framework@80f691d4262b\UnityEngine.TestRunner\NUnitExtensions\Commands\BeforeAfterTestCommandState.cs(18,16): error CS0246: The type or namespace name 'TestStatus' could not be found (are you missing a using directive or an assembly reference?)

Library\PackageCache\com.unity.test-framework@80f691d4262b\UnityEngine.TestRunner\NUnitExtensions\Runner\UnityWorkItem.cs(33,33): error CS0246: The type or namespace name 'Test' could not be found (are you missing a using directive or an assembly reference?)

Library\PackageCache\com.unity.test-framework@80f691d4262b\UnityEngine.TestRunner\TestRunner\Callbacks\RemoteTestResultSender.cs(37,32): error CS0246: The type or namespace name 'ITest' could not be found (are you missing a using directive or an assembly reference?)

Library\PackageCache\com.unity.test-framework@80f691d4262b\UnityEngine.TestRunner\NUnitExtensions\Runner\UnityTestExecutionContext.cs(53,17): error CS0246: The type or namespace name 'TestExecutionStatus' could not be found (are you missing a using directive or an assembly reference?)

Library\PackageCache\com.unity.test-framework@80f691d4262b\UnityEngine.TestRunner\NUnitExtensions\UnityTestAssemblyBuilder.cs(15,47): error CS0246: The type or namespace name 'DefaultTestAssemblyBuilder' could not be found (are you missing a using directive or an assembly reference?)

Library\PackageCache\com.unity.test-framework@80f691d4262b\UnityEngine.TestRunner\NUnitExtensions\Runner\UnityLogCheckDelegatingCommand.cs(106,67): error CS0246: The type or namespace name 'TestCommand' could not be found (are you missing a using directive or an assembly reference?)

Library\PackageCache\com.unity.test-framework@80f691d4262b\UnityEngine.TestRunner\NUnitExtensions\Runner\UnityLogCheckDelegatingCommand.cs(106,88): error CS0246: The type or namespace name 'TestResult' could not be found (are you missing a using directive or an assembly reference?)

Library\PackageCache\com.unity.test-framework@80f691d4262b\UnityEngine.TestRunner\NUnitExtensions\Runner\UnityTestAssemblyRunner.cs(93,32): error CS0246: The type or namespace name 'ITestListener' could not be found (are you missing a using directive or an assembly reference?)

Library\PackageCache\com.unity.test-framework@80f691d4262b\UnityEngine.TestRunner\NUnitExtensions\Runner\UnityTestAssemblyRunner.cs(93,56): error CS0246: The type or namespace name 'ITestFilter' could not be found (are you missing a using directive or an assembly reference?)

Library\PackageCache\com.unity.test-framework@80f691d4262b\UnityEngine.TestRunner\NUnitExtensions\Attributes\UnityTestAttribute.cs(71,26): error CS0246: The type or namespace name 'NUnitTestCaseBuilder' could not be found (are you missing a using directive or an assembly reference?)

Library\PackageCache\com.unity.test-framework@80f691d4262b\UnityEngine.TestRunner\NUnitExtensions\Commands\BeforeAfterTestCommandState.cs(20,16): error CS0246: The type or namespace name 'FailureSite' could not be found (are you missing a using directive or an assembly reference?)

Library\PackageCache\com.unity.test-framework@80f691d4262b\UnityEngine.TestRunner\TestRunner\Callbacks\RemoteTestResultSender.cs(61,33): error CS0246: The type or namespace name 'ITestResult' could not be found (are you missing a using directive or an assembly reference?)

Library\PackageCache\com.unity.test-framework@80f691d4262b\UnityEngine.TestRunner\NUnitExtensions\Runner\UnityTestExecutionContext.cs(54,16): error CS0246: The type or namespace name 'TestExecutionStatus' could not be found (are you missing a using directive or an assembly reference?)

Library\PackageCache\com.unity.test-framework@80f691d4262b\UnityEngine.TestRunner\NUnitExtensions\Runner\UnityLogCheckDelegatingCommand.cs(112,39): error CS0246: The type or namespace name 'TestResult' could not be found (are you missing a using directive or an assembly reference?)

Library\PackageCache\com.unity.test-framework@80f691d4262b\UnityEngine.TestRunner\TestRunner\Callbacks\RemoteTestResultSender.cs(70,33): error CS0246: The type or namespace name 'ITest' could not be found (are you missing a using directive or an assembly reference?)

Library\PackageCache\com.unity.test-framework@80f691d4262b\UnityEngine.TestRunner\NUnitExtensions\UnityTestAssemblyBuilder.cs(28,16): error CS0246: The type or namespace name 'ITest' could not be found (are you missing a using directive or an assembly reference?)

Library\PackageCache\com.unity.test-framework@80f691d4262b\UnityEngine.TestRunner\NUnitExtensions\Runner\UnityTestExecutionContext.cs(75,21): error CS0246: The type or namespace name 'ITestAction' could not be found (are you missing a using directive or an assembly reference?)

Library\PackageCache\com.unity.test-framework@80f691d4262b\UnityEngine.TestRunner\NUnitExtensions\Attributes\UnityTestAttribute.cs(79,49): error CS0246: The type or namespace name 'IMethodInfo' could not be found (are you missing a using directive or an assembly reference?)

Library\PackageCache\com.unity.test-framework@80f691d4262b\UnityEngine.TestRunner\NUnitExtensions\Attributes\UnityTestAttribute.cs(79,69): error CS0246: The type or namespace name 'Test' could not be found (are you missing a using directive or an assembly reference?)

Library\PackageCache\com.unity.test-framework@80f691d4262b\UnityEngine.TestRunner\NUnitExtensions\Attributes\UnityTestAttribute.cs(79,9): error CS0246: The type or namespace name 'TestMethod' could not be found (are you missing a using directive or an assembly reference?)

Library\PackageCache\com.unity.test-framework@80f691d4262b\UnityEngine.TestRunner\NUnitExtensions\Attributes\UnityTestAttribute.cs(79,20): error CS0538: 'ISimpleTestBuilder' in explicit interface declaration is not an interface

Library\PackageCache\com.unity.test-framework@80f691d4262b\UnityEngine.TestRunner\NUnitExtensions\Runner\UnityLogCheckDelegatingCommand.cs(127,65): error CS0246: The type or namespace name 'TestResult' could not be found (are you missing a using directive or an assembly reference?)

Library\PackageCache\com.unity.test-framework@80f691d4262b\UnityEngine.TestRunner\TestRunner\Callbacks\RemoteTestResultSender.cs(83,34): error CS0246: The type or namespace name 'ITestResult' could not be found (are you missing a using directive or an assembly reference?)

Library\PackageCache\com.unity.test-framework@80f691d4262b\UnityEngine.TestRunner\NUnitExtensions\UnityTestAssemblyBuilder.cs(72,28): error CS0246: The type or namespace name 'ITest' could not be found (are you missing a using directive or an assembly reference?)

Library\PackageCache\com.unity.test-framework@80f691d4262b\UnityEngine.TestRunner\NUnitExtensions\Attributes\UnityTestAttribute.cs(96,56): error CS0246: The type or namespace name 'IMethodInfo' could not be found (are you missing a using directive or an assembly reference?)

Library\PackageCache\com.unity.test-framework@80f691d4262b\UnityEngine.TestRunner\NUnitExtensions\Attributes\UnityTestAttribute.cs(96,76): error CS0246: The type or namespace name 'Test' could not be found (are you missing a using directive or an assembly reference?)

Library\PackageCache\com.unity.test-framework@80f691d4262b\UnityEngine.TestRunner\NUnitExtensions\Attributes\UnityTestAttribute.cs(96,21): error CS0246: The type or namespace name 'TestMethod' could not be found (are you missing a using directive or an assembly reference?)

Library\PackageCache\com.unity.test-framework@80f691d4262b\UnityEngine.TestRunner\NUnitExtensions\Attributes\UnityTestAttribute.cs(96,33): error CS0538: 'ITestBuilder' in explicit interface declaration is not an interface

Library\PackageCache\com.unity.test-framework@80f691d4262b\UnityEngine.TestRunner\NUnitExtensions\Runner\UnityTestExecutionContext.cs(79,16): error CS0246: The type or namespace name 'ITestListener' could not be found (are you missing a using directive or an assembly reference?)

Library\PackageCache\com.unity.test-framework@80f691d4262b\UnityEngine.TestRunner\NUnitExtensions\Commands\EnumerableApplyChangesToContextCommand.cs(11,61): error CS0246: The type or namespace name 'ApplyChangesToContextCommand' could not be found (are you missing a using directive or an assembly reference?)

Library\PackageCache\com.unity.test-framework@80f691d4262b\UnityEngine.TestRunner\TestRunner\PlaymodeTestsControllerSettings.cs(51,18): error CS0246: The type or namespace name 'ITestFilter' could not be found (are you missing a using directive or an assembly reference?)

Library\PackageCache\com.unity.test-framework@80f691d4262b\UnityEngine.TestRunner\TestRunner\RuntimeTestRunnerFilter.cs(24,16): error CS0246: The type or namespace name 'ITestFilter' could not be found (are you missing a using directive or an assembly reference?)

Library\PackageCache\com.unity.test-framework@80f691d4262b\UnityEngine.TestRunner\NUnitExtensions\Attributes\UnityTestAttribute.cs(108,45): error CS0246: The type or namespace name 'IMethodInfo' could not be found (are you missing a using directive or an assembly reference?)

Library\PackageCache\com.unity.test-framework@80f691d4262b\UnityEngine.TestRunner\NUnitExtensions\Attributes\UnityTestAttribute.cs(108,65): error CS0246: The type or namespace name 'Test' could not be found (are you missing a using directive or an assembly reference?)

Library\PackageCache\com.unity.test-framework@80f691d4262b\UnityEngine.TestRunner\NUnitExtensions\Attributes\UnityTestAttribute.cs(108,17): error CS0246: The type or namespace name 'TestMethod' could not be found (are you missing a using directive or an assembly reference?)

Library\PackageCache\com.unity.test-framework@80f691d4262b\UnityEngine.TestRunner\NUnitExtensions\Runner\UnityLogCheckDelegatingCommand.cs(25,47): error CS0246: The type or namespace name 'TestCommand' could not be found (are you missing a using directive or an assembly reference?)

Library\PackageCache\com.unity.test-framework@80f691d4262b\UnityEngine.TestRunner\NUnitExtensions\Commands\EnumerableApplyChangesToContextCommand.cs(16,46): error CS0246: The type or namespace name 'ITestExecutionContext' could not be found (are you missing a using directive or an assembly reference?)

Library\PackageCache\com.unity.test-framework@80f691d4262b\UnityEngine.TestRunner\NUnitExtensions\UnityTestAssemblyBuilder.cs(62,53): error CS0246: The type or namespace name 'TestSuite' could not be found (are you missing a using directive or an assembly reference?)

Library\PackageCache\com.unity.test-framework@80f691d4262b\UnityEngine.TestRunner\NUnitExtensions\Commands\BeforeAfterTestCommandBase.cs(52,93): error CS0246: The type or namespace name 'ITest' could not be found (are you missing a using directive or an assembly reference?)

Library\PackageCache\com.unity.test-framework@80f691d4262b\UnityEngine.TestRunner\NUnitExtensions\Runner\UnityTestExecutionContext.cs(133,16): error CS0246: The type or namespace name 'IWorkItemDispatcher' could not be found (are you missing a using directive or an assembly reference?)

Library\PackageCache\com.unity.test-framework@80f691d4262b\UnityEngine.TestRunner\NUnitExtensions\Attributes\UnityTestAttribute.cs(120,52): error CS0246: The type or namespace name 'TestMethod' could not be found (are you missing a using directive or an assembly reference?)

Library\PackageCache\com.unity.test-framework@80f691d4262b\UnityEngine.TestRunner\TestRunner\Callbacks\TestResultRenderer.cs(46,37): error CS0246: The type or namespace name 'ITestResult' could not be found (are you missing a using directive or an assembly reference?)

Library\PackageCache\com.unity.test-framework@80f691d4262b\UnityEngine.TestRunner\NUnitExtensions\Attributes\UnityTestAttribute.cs(128,59): error CS0246: The type or namespace name 'IMethodInfo' could not be found (are you missing a using directive or an assembly reference?)

Library\PackageCache\com.unity.test-framework@80f691d4262b\UnityEngine.TestRunner\TestRunner\TestEnumeratorWrapper.cs(19,42): error CS0246: The type or namespace name 'ITestExecutionContext' could not be found (are you missing a using directive or an assembly reference?)

Library\PackageCache\com.unity.test-framework@80f691d4262b\UnityEngine.TestRunner\NUnitExtensions\Commands\BeforeAfterTestCommandBase.cs(103,76): error CS0246: The type or namespace name 'Test' could not be found (are you missing a using directive or an assembly reference?)

Library\PackageCache\com.unity.test-framework@80f691d4262b\UnityEngine.TestRunner\NUnitExtensions\Commands\EnumerableApplyChangesToContextCommand.cs(13,55): error CS0246: The type or namespace name 'TestCommand' could not be found (are you missing a using directive or an assembly reference?)

Library\PackageCache\com.unity.test-framework@80f691d4262b\UnityEngine.TestRunner\NUnitExtensions\Commands\EnumerableApplyChangesToContextCommand.cs(13,93): error CS0246: The type or namespace name 'IApplyToContext' could not be found (are you missing a using directive or an assembly reference?)

Library\PackageCache\com.unity.test-framework@80f691d4262b\UnityEngine.TestRunner\NUnitExtensions\Attributes\UnityTestAttribute.cs(138,37): error CS0246: The type or namespace name 'Test' could not be found (are you missing a using directive or an assembly reference?)

Library\PackageCache\com.unity.test-framework@80f691d4262b\UnityEngine.TestRunner\NUnitExtensions\Runner\UnityTestExecutionContext.cs(135,16): error CS0246: The type or namespace name 'ParallelScope' could not be found (are you missing a using directive or an assembly reference?)

Library\PackageCache\com.unity.test-framework@80f691d4262b\UnityEngine.TestRunner\TestRunner\Callbacks\TestResultRenderer.cs(33,31): error CS0246: The type or namespace name 'ITestResult' could not be found (are you missing a using directive or an assembly reference?)

Library\PackageCache\com.unity.test-framework@80f691d4262b\UnityEngine.TestRunner\NUnitExtensions\Commands\EnumerableOneTimeSetUpTearDownCommand.cs(53,77): error CS0246: The type or namespace name 'Test' could not be found (are you missing a using directive or an assembly reference?)

Library\PackageCache\com.unity.test-framework@80f691d4262b\UnityEngine.TestRunner\TestRunner\TestEnumeratorWrapper.cs(34,50): error CS0246: The type or namespace name 'ITestExecutionContext' could not be found (are you missing a using directive or an assembly reference?)

Library\PackageCache\com.unity.test-framework@80f691d4262b\UnityEngine.TestRunner\NUnitExtensions\Commands\BeforeAfterTestCommandBase.cs(94,63): error CS0246: The type or namespace name 'Test' could not be found (are you missing a using directive or an assembly reference?)

Library\PackageCache\com.unity.test-framework@80f691d4262b\UnityEngine.TestRunner\NUnitExtensions\Commands\EnumerableMaxTimeCommand.cs(11,47): error CS0246: The type or namespace name 'DelegatingTestCommand' could not be found (are you missing a using directive or an assembly reference?)

Library\PackageCache\com.unity.test-framework@80f691d4262b\UnityEngine.TestRunner\TestRunner\TestEnumeratorWrapper.cs(12,26): error CS0246: The type or namespace name 'TestMethod' could not be found (are you missing a using directive or an assembly reference?)

Library\PackageCache\com.unity.test-framework@80f691d4262b\UnityEngine.TestRunner\TestRunner\Callbacks\TestResultRenderer.cs(39,35): error CS0246: The type or namespace name 'ITestResult' could not be found (are you missing a using directive or an assembly reference?)

Library\PackageCache\com.unity.test-framework@80f691d4262b\UnityEngine.TestRunner\NUnitExtensions\Runner\UnityTestExecutionContext.cs(137,16): error CS0246: The type or namespace name 'Randomizer' could not be found (are you missing a using directive or an assembly reference?)

Library\PackageCache\com.unity.test-framework@80f691d4262b\UnityEngine.TestRunner\TestRunner\TestEnumeratorWrapper.cs(14,38): error CS0246: The type or namespace name 'TestMethod' could not be found (are you missing a using directive or an assembly reference?)

Library\PackageCache\com.unity.test-framework@80f691d4262b\UnityEngine.TestRunner\NUnitExtensions\Attributes\ConditionalIgnoreAttribute.cs(12,47): error CS0246: The type or namespace name 'NUnitAttribute' could not be found (are you missing a using directive or an assembly reference?)

Library\PackageCache\com.unity.test-framework@80f691d4262b\UnityEngine.TestRunner\NUnitExtensions\Attributes\ConditionalIgnoreAttribute.cs(12,63): error CS0246: The type or namespace name 'IApplyToTest' could not be found (are you missing a using directive or an assembly reference?)

Library\PackageCache\com.unity.test-framework@80f691d4262b\UnityEngine.TestRunner\NUnitExtensions\Commands\EnumerableSetUpTearDownCommand.cs(31,77): error CS0246: The type or namespace name 'Test' could not be found (are you missing a using directive or an assembly reference?)

Library\PackageCache\com.unity.test-framework@80f691d4262b\UnityEngine.TestRunner\NUnitExtensions\Commands\BeforeAfterTestCommandBase.cs(96,62): error CS0246: The type or namespace name 'Test' could not be found (are you missing a using directive or an assembly reference?)

Library\PackageCache\com.unity.test-framework@80f691d4262b\UnityEngine.TestRunner\TestRunner\RuntimeTestRunnerFilter.cs(68,45): error CS0246: The type or namespace name 'ITestFilter' could not be found (are you missing a using directive or an assembly reference?)

Library\PackageCache\com.unity.test-framework@80f691d4262b\UnityEngine.TestRunner\TestRunner\RuntimeTestRunnerFilter.cs(68,97): error CS0246: The type or namespace name 'TestFilter' could not be found (are you missing a using directive or an assembly reference?)

Library\PackageCache\com.unity.test-framework@80f691d4262b\UnityEngine.TestRunner\TestRunner\TestListenerWrapper.cs(6,42): error CS0246: The type or namespace name 'ITestListener' could not be found (are you missing a using directive or an assembly reference?)

Library\PackageCache\com.unity.test-framework@80f691d4262b\UnityEngine.TestRunner\NUnitExtensions\Runner\UnityTestExecutionContext.cs(138,16): error CS0246: The type or namespace name 'ValueFormatter' could not be found (are you missing a using directive or an assembly reference?)

Library\PackageCache\com.unity.test-framework@80f691d4262b\UnityEngine.TestRunner\NUnitExtensions\Commands\EnumerableMaxTimeCommand.cs(21,44): error CS0246: The type or namespace name 'ITestExecutionContext' could not be found (are you missing a using directive or an assembly reference?)

Library\PackageCache\com.unity.test-framework@80f691d4262b\UnityEngine.TestRunner\NUnitExtensions\Commands\EnumerableMaxTimeCommand.cs(21,25): error CS0246: The type or namespace name 'TestResult' could not be found (are you missing a using directive or an assembly reference?)

Library\PackageCache\com.unity.test-framework@80f691d4262b\UnityEngine.TestRunner\NUnitExtensions\Attributes\ConditionalIgnoreAttribute.cs(32,33): error CS0246: The type or namespace name 'Test' could not be found (are you missing a using directive or an assembly reference?)

Library\PackageCache\com.unity.test-framework@80f691d4262b\UnityEngine.TestRunner\NUnitExtensions\Commands\BeforeAfterTestCommandBase.cs(98,77): error CS0246: The type or namespace name 'Test' could not be found (are you missing a using directive or an assembly reference?)

Library\PackageCache\com.unity.test-framework@80f691d4262b\UnityEngine.TestRunner\NUnitExtensions\Commands\EnumerableOneTimeSetUpTearDownCommand.cs(61,78): error CS0246: The type or namespace name 'Test' could not be found (are you missing a using directive or an assembly reference?)

Library\PackageCache\com.unity.test-framework@80f691d4262b\UnityEngine.TestRunner\NUnitExtensions\Commands\EnumerableSetUpTearDownCommand.cs(37,78): error CS0246: The type or namespace name 'Test' could not be found (are you missing a using directive or an assembly reference?)

Library\PackageCache\com.unity.test-framework@80f691d4262b\UnityEngine.TestRunner\TestRunner\TestListenerWrapper.cs(17,33): error CS0246: The type or namespace name 'ITest' could not be found (are you missing a using directive or an assembly reference?)

Library\PackageCache\com.unity.test-framework@80f691d4262b\UnityEngine.TestRunner\TestRunner\Callbacks\TestResultRendererCallback.cs(9,32): error CS0246: The type or namespace name 'ITest' could not be found (are you missing a using directive or an assembly reference?)

Library\PackageCache\com.unity.test-framework@80f691d4262b\UnityEngine.TestRunner\NUnitExtensions\Commands\EnumerableMaxTimeCommand.cs(26,46): error CS0246: The type or namespace name 'ITestExecutionContext' could not be found (are you missing a using directive or an assembly reference?)

Library\PackageCache\com.unity.test-framework@80f691d4262b\UnityEngine.TestRunner\TestRunner\TestListenerWrapper.cs(22,34): error CS0246: The type or namespace name 'ITestResult' could not be found (are you missing a using directive or an assembly reference?)

Library\PackageCache\com.unity.test-framework@80f691d4262b\UnityEngine.TestRunner\TestRunner\Callbacks\TestResultRendererCallback.cs(13,33): error CS0246: The type or namespace name 'ITestResult' could not be found (are you missing a using directive or an assembly reference?)

Library\PackageCache\com.unity.test-framework@80f691d4262b\UnityEngine.TestRunner\TestRunner\TestListenerWrapper.cs(27,32): error CS0246: The type or namespace name 'TestOutput' could not be found (are you missing a using directive or an assembly reference?)

Library\PackageCache\com.unity.test-framework@80f691d4262b\UnityEngine.TestRunner\TestRunner\Callbacks\TestResultRendererCallback.cs(29,33): error CS0246: The type or namespace name 'ITest' could not be found (are you missing a using directive or an assembly reference?)

Library\PackageCache\com.unity.test-framework@80f691d4262b\UnityEngine.TestRunner\NUnitExtensions\Commands\EnumerableMaxTimeCommand.cs(14,41): error CS0246: The type or namespace name 'MaxTimeCommand' could not be found (are you missing a using directive or an assembly reference?)

Library\PackageCache\com.unity.test-framework@80f691d4262b\UnityEngine.TestRunner\TestRunner\SynchronousFilter.cs(13,20): error CS0246: The type or namespace name 'TNode' could not be found (are you missing a using directive or an assembly reference?)

Library\PackageCache\com.unity.test-framework@80f691d4262b\UnityEngine.TestRunner\NUnitExtensions\Commands\IgnoreTestCommand.cs(11,40): error CS0246: The type or namespace name 'DelegatingTestCommand' could not be found (are you missing a using directive or an assembly reference?)

Library\PackageCache\com.unity.test-framework@80f691d4262b\UnityEngine.TestRunner\NUnitExtensions\Commands\BeforeAfterTestCommandBase.cs(115,46): error CS0246: The type or namespace name 'ITestExecutionContext' could not be found (are you missing a using directive or an assembly reference?)

Library\PackageCache\com.unity.test-framework@80f691d4262b\UnityEngine.TestRunner\NUnitExtensions\Commands\EnumerableOneTimeSetUpTearDownCommand.cs(82,72): error CS0246: The type or namespace name 'Test' could not be found (are you missing a using directive or an assembly reference?)

Library\PackageCache\com.unity.test-framework@80f691d4262b\UnityEngine.TestRunner\TestRunner\Callbacks\TestResultRendererCallback.cs(33,34): error CS0246: The type or namespace name 'ITestResult' could not be found (are you missing a using directive or an assembly reference?)

Library\PackageCache\com.unity.test-framework@80f691d4262b\UnityEngine.TestRunner\NUnitExtensions\Runner\UnityTestExecutionContext.cs(167,34): error CS0246: The type or namespace name 'ValueFormatterFactory' could not be found (are you missing a using directive or an assembly reference?)

Library\PackageCache\com.unity.test-framework@80f691d4262b\UnityEngine.TestRunner\NUnitExtensions\Commands\EnumerableSetUpTearDownCommand.cs(43,72): error CS0246: The type or namespace name 'Test' could not be found (are you missing a using directive or an assembly reference?)

Library\PackageCache\com.unity.test-framework@80f691d4262b\UnityEngine.TestRunner\TestRunner\TestTaskWrapper.cs(21,36): error CS0246: The type or namespace name 'ITestExecutionContext' could not be found (are you missing a using directive or an assembly reference?)

Library\PackageCache\com.unity.test-framework@80f691d4262b\UnityEngine.TestRunner\TestRunner\SynchronousFilter.cs(18,40): error CS0246: The type or namespace name 'TNode' could not be found (are you missing a using directive or an assembly reference?)

Library\PackageCache\com.unity.test-framework@80f691d4262b\UnityEngine.TestRunner\TestRunner\SynchronousFilter.cs(18,25): error CS0246: The type or namespace name 'TNode' could not be found (are you missing a using directive or an assembly reference?)

Library\PackageCache\com.unity.test-framework@80f691d4262b\UnityEngine.TestRunner\NUnitExtensions\Commands\EnumerableOneTimeSetUpTearDownCommand.cs(88,71): error CS0246: The type or namespace name 'Test' could not be found (are you missing a using directive or an assembly reference?)

Library\PackageCache\com.unity.test-framework@80f691d4262b\UnityEngine.TestRunner\NUnitExtensions\Commands\OuterUnityTestActionCommand.cs(24,83): error CS0246: The type or namespace name 'Test' could not be found (are you missing a using directive or an assembly reference?)

Library\PackageCache\com.unity.test-framework@80f691d4262b\UnityEngine.TestRunner\NUnitExtensions\Commands\IgnoreTestCommand.cs(19,44): error CS0246: The type or namespace name 'ITestExecutionContext' could not be found (are you missing a using directive or an assembly reference?)

Library\PackageCache\com.unity.test-framework@80f691d4262b\UnityEngine.TestRunner\NUnitExtensions\Commands\IgnoreTestCommand.cs(19,25): error CS0246: The type or namespace name 'TestResult' could not be found (are you missing a using directive or an assembly reference?)

Library\PackageCache\com.unity.test-framework@80f691d4262b\UnityEngine.TestRunner\NUnitExtensions\Commands\BeforeAfterTestCommandBase.cs(120,46): error CS0246: The type or namespace name 'ITestExecutionContext' could not be found (are you missing a using directive or an assembly reference?)

Library\PackageCache\com.unity.test-framework@80f691d4262b\UnityEngine.TestRunner\NUnitExtensions\Commands\EnumerableSetUpTearDownCommand.cs(48,71): error CS0246: The type or namespace name 'Test' could not be found (are you missing a using directive or an assembly reference?)

Library\PackageCache\com.unity.test-framework@80f691d4262b\UnityEngine.TestRunner\TestRunner\SynchronousFilter.cs(23,36): error CS0246: The type or namespace name 'ITest' could not be found (are you missing a using directive or an assembly reference?)

Library\PackageCache\com.unity.test-framework@80f691d4262b\UnityEngine.TestRunner\NUnitExtensions\Commands\IgnoreTestCommand.cs(24,46): error CS0246: The type or namespace name 'ITestExecutionContext' could not be found (are you missing a using directive or an assembly reference?)

Library\PackageCache\com.unity.test-framework@80f691d4262b\UnityEngine.TestRunner\NUnitExtensions\Commands\OuterUnityTestActionCommand.cs(29,82): error CS0246: The type or namespace name 'Test' could not be found (are you missing a using directive or an assembly reference?)

Library\PackageCache\com.unity.test-framework@80f691d4262b\UnityEngine.TestRunner\TestRunner\TestTaskWrapper.cs(35,43): error CS0246: The type or namespace name 'ITestExecutionContext' could not be found (are you missing a using directive or an assembly reference?)

Library\PackageCache\com.unity.test-framework@80f691d4262b\UnityEngine.TestRunner\NUnitExtensions\Commands\EnumerableOneTimeSetUpTearDownCommand.cs(99,58): error CS0246: The type or namespace name 'ITestExecutionContext' could not be found (are you missing a using directive or an assembly reference?)

Library\PackageCache\com.unity.test-framework@80f691d4262b\UnityEngine.TestRunner\NUnitExtensions\Commands\IgnoreTestCommand.cs(13,17): error CS0246: The type or namespace name 'ITest' could not be found (are you missing a using directive or an assembly reference?)

Library\PackageCache\com.unity.test-framework@80f691d4262b\UnityEngine.TestRunner\TestRunner\TestTaskWrapper.cs(14,26): error CS0246: The type or namespace name 'TestMethod' could not be found (are you missing a using directive or an assembly reference?)

Library\PackageCache\com.unity.test-framework@80f691d4262b\UnityEngine.TestRunner\NUnitExtensions\Commands\EnumerableOneTimeSetUpTearDownCommand.cs(112,61): error CS0246: The type or namespace name 'ITestExecutionContext' could not be found (are you missing a using directive or an assembly reference?)

Library\PackageCache\com.unity.test-framework@80f691d4262b\UnityEngine.TestRunner\TestRunner\TestTaskWrapper.cs(16,32): error CS0246: The type or namespace name 'TestMethod' could not be found (are you missing a using directive or an assembly reference?)

Library\PackageCache\com.unity.test-framework@80f691d4262b\UnityEngine.TestRunner\NUnitExtensions\Commands\BeforeAfterTestCommandBase.cs(303,44): error CS0246: The type or namespace name 'ITestExecutionContext' could not be found (are you missing a using directive or an assembly reference?)

Library\PackageCache\com.unity.test-framework@80f691d4262b\UnityEngine.TestRunner\NUnitExtensions\Commands\BeforeAfterTestCommandBase.cs(303,25): error CS0246: The type or namespace name 'TestResult' could not be found (are you missing a using directive or an assembly reference?)

Library\PackageCache\com.unity.test-framework@80f691d4262b\UnityEngine.TestRunner\TestRunner\SynchronousFilter.cs(54,35): error CS0246: The type or namespace name 'ITest' could not be found (are you missing a using directive or an assembly reference?)

Library\PackageCache\com.unity.test-framework@80f691d4262b\UnityEngine.TestRunner\NUnitExtensions\Commands\IgnoreTestCommand.cs(14,34): error CS0246: The type or namespace name 'TestCommand' could not be found (are you missing a using directive or an assembly reference?)

Library\PackageCache\com.unity.test-framework@80f691d4262b\UnityEngine.TestRunner\NUnitExtensions\Commands\IgnoreTestCommand.cs(14,60): error CS0246: The type or namespace name 'ITest' could not be found (are you missing a using directive or an assembly reference?)

Library\PackageCache\com.unity.test-framework@80f691d4262b\UnityEngine.TestRunner\NUnitExtensions\Commands\ImmediateEnumerableCommand.cs(8,49): error CS0246: The type or namespace name 'DelegatingTestCommand' could not be found (are you missing a using directive or an assembly reference?)

Library\PackageCache\com.unity.test-framework@80f691d4262b\UnityEngine.TestRunner\NUnitExtensions\Commands\BeforeAfterTestCommandBase.cs(29,46): error CS0246: The type or namespace name 'TestCommand' could not be found (are you missing a using directive or an assembly reference?)

Library\PackageCache\com.unity.test-framework@80f691d4262b\UnityEngine.TestRunner\NUnitExtensions\Commands\EnumerableSetUpTearDownCommand.cs(18,47): error CS0246: The type or namespace name 'TestCommand' could not be found (are you missing a using directive or an assembly reference?)

Library\PackageCache\com.unity.test-framework@80f691d4262b\UnityEngine.TestRunner\NUnitExtensions\Commands\ImmediateEnumerableCommand.cs(10,43): error CS0246: The type or namespace name 'TestCommand' could not be found (are you missing a using directive or an assembly reference?)

Library\PackageCache\com.unity.test-framework@80f691d4262b\UnityEngine.TestRunner\NUnitExtensions\Commands\EnumerableTestMethodCommand.cs(12,50): error CS0246: The type or namespace name 'TestCommand' could not be found (are you missing a using directive or an assembly reference?)

Library\PackageCache\com.unity.test-framework@80f691d4262b\UnityEngine.TestRunner\NUnitExtensions\Commands\ImmediateEnumerableCommand.cs(13,44): error CS0246: The type or namespace name 'ITestExecutionContext' could not be found (are you missing a using directive or an assembly reference?)

Library\PackageCache\com.unity.test-framework@80f691d4262b\UnityEngine.TestRunner\NUnitExtensions\Commands\ImmediateEnumerableCommand.cs(13,25): error CS0246: The type or namespace name 'TestResult' could not be found (are you missing a using directive or an assembly reference?)

Library\PackageCache\com.unity.test-framework@80f691d4262b\UnityEngine.TestRunner\NUnitExtensions\Commands\OuterUnityTestActionCommand.cs(14,44): error CS0246: The type or namespace name 'TestCommand' could not be found (are you missing a using directive or an assembly reference?)

Library\PackageCache\com.unity.test-framework@80f691d4262b\UnityEngine.TestRunner\NUnitExtensions\Commands\EnumerableOneTimeSetUpTearDownCommand.cs(32,26): error CS0246: The type or namespace name 'TestSuite' could not be found (are you missing a using directive or an assembly reference?)

Library\PackageCache\com.unity.test-framework@80f691d4262b\UnityEngine.TestRunner\NUnitExtensions\Commands\EnumerableTestMethodCommand.cs(22,46): error CS0246: The type or namespace name 'ITestExecutionContext' could not be found (are you missing a using directive or an assembly reference?)

Library\PackageCache\com.unity.test-framework@80f691d4262b\UnityEngine.TestRunner\NUnitExtensions\Commands\RetryCommand.cs(12,36): error CS0246: The type or namespace name 'DelegatingTestCommand' could not be found (are you missing a using directive or an assembly reference?)

Library\PackageCache\com.unity.test-framework@80f691d4262b\UnityEngine.TestRunner\NUnitExtensions\Commands\ParametrizedIgnoreCommand.cs(10,48): error CS0246: The type or namespace name 'DelegatingTestCommand' could not be found (are you missing a using directive or an assembly reference?)

Library\PackageCache\com.unity.test-framework@80f691d4262b\UnityEngine.TestRunner\NUnitExtensions\Commands\TaskTestMethodCommand.cs(12,44): error CS0246: The type or namespace name 'TestCommand' could not be found (are you missing a using directive or an assembly reference?)

Library\PackageCache\com.unity.test-framework@80f691d4262b\UnityEngine.TestRunner\NUnitExtensions\Commands\TimeoutCommand.cs(12,37): error CS0246: The type or namespace name 'DelegatingTestCommand' could not be found (are you missing a using directive or an assembly reference?)

Library\PackageCache\com.unity.test-framework@80f691d4262b\UnityEngine.TestRunner\NUnitExtensions\Commands\EnumerableOneTimeSetUpTearDownCommand.cs(34,26): error CS0246: The type or namespace name 'ITypeInfo' could not be found (are you missing a using directive or an assembly reference?)

Library\PackageCache\com.unity.test-framework@80f691d4262b\UnityEngine.TestRunner\NUnitExtensions\Commands\ParametrizedIgnoreCommand.cs(24,44): error CS0246: The type or namespace name 'ITestExecutionContext' could not be found (are you missing a using directive or an assembly reference?)

Library\PackageCache\com.unity.test-framework@80f691d4262b\UnityEngine.TestRunner\NUnitExtensions\Commands\ParametrizedIgnoreCommand.cs(24,25): error CS0246: The type or namespace name 'TestResult' could not be found (are you missing a using directive or an assembly reference?)

Library\PackageCache\com.unity.test-framework@80f691d4262b\UnityEngine.TestRunner\NUnitExtensions\Commands\TaskTestMethodCommand.cs(22,46): error CS0246: The type or namespace name 'ITestExecutionContext' could not be found (are you missing a using directive or an assembly reference?)

Library\PackageCache\com.unity.test-framework@80f691d4262b\UnityEngine.TestRunner\NUnitExtensions\Commands\EnumerableTestMethodCommand.cs(145,44): error CS0246: The type or namespace name 'ITestExecutionContext' could not be found (are you missing a using directive or an assembly reference?)

Library\PackageCache\com.unity.test-framework@80f691d4262b\UnityEngine.TestRunner\NUnitExtensions\Commands\EnumerableTestMethodCommand.cs(145,25): error CS0246: The type or namespace name 'TestResult' could not be found (are you missing a using directive or an assembly reference?)

Library\PackageCache\com.unity.test-framework@80f691d4262b\UnityEngine.TestRunner\NUnitExtensions\Commands\EnumerableOneTimeSetUpTearDownCommand.cs(37,54): error CS0246: The type or namespace name 'Test' could not be found (are you missing a using directive or an assembly reference?)

Library\PackageCache\com.unity.test-framework@80f691d4262b\UnityEngine.TestRunner\NUnitExtensions\Commands\ParametrizedIgnoreCommand.cs(39,46): error CS0246: The type or namespace name 'ITestExecutionContext' could not be found (are you missing a using directive or an assembly reference?)

Library\PackageCache\com.unity.test-framework@80f691d4262b\UnityEngine.TestRunner\NUnitExtensions\Commands\TimeoutCommand.cs(20,44): error CS0246: The type or namespace name 'ITestExecutionContext' could not be found (are you missing a using directive or an assembly reference?)

Library\PackageCache\com.unity.test-framework@80f691d4262b\UnityEngine.TestRunner\NUnitExtensions\Commands\TimeoutCommand.cs(20,25): error CS0246: The type or namespace name 'TestResult' could not be found (are you missing a using directive or an assembly reference?)

Library\PackageCache\com.unity.test-framework@80f691d4262b\UnityEngine.TestRunner\NUnitExtensions\Commands\TaskTestMethodCommand.cs(76,97): error CS0246: The type or namespace name 'ITestExecutionContext' could not be found (are you missing a using directive or an assembly reference?)

Library\PackageCache\com.unity.test-framework@80f691d4262b\UnityEngine.TestRunner\NUnitExtensions\Commands\ParametrizedIgnoreCommand.cs(12,26): error CS0246: The type or namespace name 'TestCommand' could not be found (are you missing a using directive or an assembly reference?)

Library\PackageCache\com.unity.test-framework@80f691d4262b\UnityEngine.TestRunner\NUnitExtensions\Commands\EnumerableTestMethodCommand.cs(14,26): error CS0246: The type or namespace name 'TestMethod' could not be found (are you missing a using directive or an assembly reference?)

Library\PackageCache\com.unity.test-framework@80f691d4262b\UnityEngine.TestRunner\NUnitExtensions\Commands\RetryCommand.cs(19,44): error CS0246: The type or namespace name 'ITestExecutionContext' could not be found (are you missing a using directive or an assembly reference?)

Library\PackageCache\com.unity.test-framework@80f691d4262b\UnityEngine.TestRunner\NUnitExtensions\Commands\RetryCommand.cs(19,25): error CS0246: The type or namespace name 'TestResult' could not be found (are you missing a using directive or an assembly reference?)

Library\PackageCache\com.unity.test-framework@80f691d4262b\UnityEngine.TestRunner\NUnitExtensions\Commands\EnumerableTestMethodCommand.cs(16,44): error CS0246: The type or namespace name 'TestMethod' could not be found (are you missing a using directive or an assembly reference?)

Library\PackageCache\com.unity.test-framework@80f691d4262b\UnityEngine.TestRunner\NUnitExtensions\Commands\ParametrizedIgnoreCommand.cs(17,42): error CS0246: The type or namespace name 'TestCommand' could not be found (are you missing a using directive or an assembly reference?)

Library\PackageCache\com.unity.test-framework@80f691d4262b\UnityEngine.TestRunner\NUnitExtensions\Commands\RetryCommand.cs(24,46): error CS0246: The type or namespace name 'ITestExecutionContext' could not be found (are you missing a using directive or an assembly reference?)

Library\PackageCache\com.unity.test-framework@80f691d4262b\UnityEngine.TestRunner\NUnitExtensions\Commands\TaskTestMethodCommand.cs(105,44): error CS0246: The type or namespace name 'ITestExecutionContext' could not be found (are you missing a using directive or an assembly reference?)

Library\PackageCache\com.unity.test-framework@80f691d4262b\UnityEngine.TestRunner\NUnitExtensions\Commands\TaskTestMethodCommand.cs(105,25): error CS0246: The type or namespace name 'TestResult' could not be found (are you missing a using directive or an assembly reference?)

Library\PackageCache\com.unity.test-framework@80f691d4262b\UnityEngine.TestRunner\NUnitExtensions\Commands\TimeoutCommand.cs(25,46): error CS0246: The type or namespace name 'ITestExecutionContext' could not be found (are you missing a using directive or an assembly reference?)

Library\PackageCache\com.unity.test-framework@80f691d4262b\UnityEngine.TestRunner\NUnitExtensions\Commands\EnumerableTestMethodCommand.cs(121,30): error CS0246: The type or namespace name 'ITestExecutionContext' could not be found (are you missing a using directive or an assembly reference?)

Library\PackageCache\com.unity.test-framework@80f691d4262b\UnityEngine.TestRunner\NUnitExtensions\Commands\RepeatCommand.cs(11,36): error CS0246: The type or namespace name 'DelegatingTestCommand' could not be found (are you missing a using directive or an assembly reference?)

Library\PackageCache\com.unity.test-framework@80f691d4262b\UnityEngine.TestRunner\NUnitExtensions\Commands\TimeoutCommand.cs(51,41): error CS0246: The type or namespace name 'ITestExecutionContext' could not be found (are you missing a using directive or an assembly reference?)

Library\PackageCache\com.unity.test-framework@80f691d4262b\UnityEngine.TestRunner\NUnitExtensions\Commands\RetryCommand.cs(14,29): error CS0246: The type or namespace name 'TestCommand' could not be found (are you missing a using directive or an assembly reference?)

Library\PackageCache\com.unity.test-framework@80f691d4262b\UnityEngine.TestRunner\NUnitExtensions\Commands\TaskTestMethodCommand.cs(14,26): error CS0246: The type or namespace name 'TestMethod' could not be found (are you missing a using directive or an assembly reference?)

Library\PackageCache\com.unity.test-framework@80f691d4262b\UnityEngine.TestRunner\NUnitExtensions\Commands\EnumerableTestMethodCommand.cs(123,38): error CS0246: The type or namespace name 'ITestExecutionContext' could not be found (are you missing a using directive or an assembly reference?)

Library\PackageCache\com.unity.test-framework@80f691d4262b\UnityEngine.TestRunner\NUnitExtensions\Commands\EnumerableOneTimeSetUpTearDownCommand.cs(19,34): error CS0246: The type or namespace name 'TestCommand' could not be found (are you missing a using directive or an assembly reference?)

Library\PackageCache\com.unity.test-framework@80f691d4262b\UnityEngine.TestRunner\NUnitExtensions\Commands\RepeatCommand.cs(18,44): error CS0246: The type or namespace name 'ITestExecutionContext' could not be found (are you missing a using directive or an assembly reference?)

Library\PackageCache\com.unity.test-framework@80f691d4262b\UnityEngine.TestRunner\NUnitExtensions\Commands\RepeatCommand.cs(18,25): error CS0246: The type or namespace name 'TestResult' could not be found (are you missing a using directive or an assembly reference?)

Library\PackageCache\com.unity.test-framework@80f691d4262b\UnityEngine.TestRunner\NUnitExtensions\Commands\TaskTestMethodCommand.cs(16,38): error CS0246: The type or namespace name 'TestMethod' could not be found (are you missing a using directive or an assembly reference?)

Library\PackageCache\com.unity.test-framework@80f691d4262b\UnityEngine.TestRunner\NUnitExtensions\Commands\RepeatCommand.cs(23,46): error CS0246: The type or namespace name 'ITestExecutionContext' could not be found (are you missing a using directive or an assembly reference?)

Library\PackageCache\com.unity.test-framework@80f691d4262b\UnityEngine.TestRunner\NUnitExtensions\Commands\SetUpTearDownCommand.cs(39,72): error CS0246: The type or namespace name 'Test' could not be found (are you missing a using directive or an assembly reference?)

Library\PackageCache\com.unity.test-framework@80f691d4262b\UnityEngine.TestRunner\NUnitExtensions\Commands\TestActionCommand.cs(12,67): error CS0246: The type or namespace name 'ITestAction' could not be found (are you missing a using directive or an assembly reference?)

Library\PackageCache\com.unity.test-framework@80f691d4262b\UnityEngine.TestRunner\NUnitExtensions\Commands\RepeatCommand.cs(13,30): error CS0246: The type or namespace name 'TestCommand' could not be found (are you missing a using directive or an assembly reference?)

Library\PackageCache\com.unity.test-framework@80f691d4262b\UnityEngine.TestRunner\NUnitExtensions\Commands\TimeoutCommand.cs(16,31): error CS0246: The type or namespace name 'TestCommand' could not be found (are you missing a using directive or an assembly reference?)

Library\PackageCache\com.unity.test-framework@80f691d4262b\UnityEngine.TestRunner\NUnitExtensions\Commands\TestActionCommand.cs(26,59): error CS0246: The type or namespace name 'ITestAction' could not be found (are you missing a using directive or an assembly reference?)

Library\PackageCache\com.unity.test-framework@80f691d4262b\UnityEngine.TestRunner\NUnitExtensions\Commands\UnityTestMethodCommand.cs(10,45): error CS0246: The type or namespace name 'TestMethodCommand' could not be found (are you missing a using directive or an assembly reference?)

Library\PackageCache\com.unity.test-framework@80f691d4262b\UnityEngine.TestRunner\Utils\IOuterUnityTestAction.cs(122,32): error CS0246: The type or namespace name 'ITest' could not be found (are you missing a using directive or an assembly reference?)

Library\PackageCache\com.unity.test-framework@80f691d4262b\UnityEngine.TestRunner\NUnitExtensions\Commands\SetUpTearDownCommand.cs(64,71): error CS0246: The type or namespace name 'Test' could not be found (are you missing a using directive or an assembly reference?)

Library\PackageCache\com.unity.test-framework@80f691d4262b\UnityEngine.TestRunner\Utils\IOuterUnityTestAction.cs(127,31): error CS0246: The type or namespace name 'ITest' could not be found (are you missing a using directive or an assembly reference?)

Library\PackageCache\com.unity.test-framework@80f691d4262b\UnityEngine.TestRunner\NUnitExtensions\Commands\TestActionCommand.cs(31,53): error CS0246: The type or namespace name 'ITestAction' could not be found (are you missing a using directive or an assembly reference?)

Library\PackageCache\com.unity.test-framework@80f691d4262b\UnityEngine.TestRunner\NUnitExtensions\Commands\TestActionCommand.cs(31,73): error CS0246: The type or namespace name 'Test' could not be found (are you missing a using directive or an assembly reference?)

Library\PackageCache\com.unity.test-framework@80f691d4262b\UnityEngine.TestRunner\NUnitExtensions\Commands\UnityTestMethodCommand.cs(12,39): error CS0246: The type or namespace name 'TestMethod' could not be found (are you missing a using directive or an assembly reference?)

Library\PackageCache\com.unity.test-framework@80f691d4262b\UnityEngine.TestRunner\NUnitExtensions\Commands\EnumerableOneTimeSetUpTearDownCommand.cs(21,30): error CS0246: The type or namespace name 'Test' could not be found (are you missing a using directive or an assembly reference?)

Library\PackageCache\com.unity.test-framework@80f691d4262b\UnityEngine.TestRunner\NUnitExtensions\Commands\UnityTestMethodCommand.cs(15,44): error CS0246: The type or namespace name 'ITestExecutionContext' could not be found (are you missing a using directive or an assembly reference?)

Library\PackageCache\com.unity.test-framework@80f691d4262b\UnityEngine.TestRunner\NUnitExtensions\Commands\UnityTestMethodCommand.cs(15,25): error CS0246: The type or namespace name 'TestResult' could not be found (are you missing a using directive or an assembly reference?)

Library\PackageCache\com.unity.test-framework@80f691d4262b\UnityEngine.TestRunner\NUnitExtensions\Commands\SetUpTearDownCommand.cs(21,37): error CS0246: The type or namespace name 'TestCommand' could not be found (are you missing a using directive or an assembly reference?)

Library\PackageCache\com.unity.test-framework@80f691d4262b\UnityEngine.TestRunner\NUnitExtensions\Commands\EnumerableOneTimeSetUpTearDownCommand.cs(26,48): error CS0246: The type or namespace name 'ITestExecutionContext' could not be found (are you missing a using directive or an assembly reference?)

Library\PackageCache\com.unity.test-framework@80f691d4262b\UnityEngine.TestRunner\NUnitExtensions\Commands\EnumerableOneTimeSetUpTearDownCommand.cs(26,29): error CS0246: The type or namespace name 'TestResult' could not be found (are you missing a using directive or an assembly reference?)

Library\PackageCache\com.unity.test-framework@80f691d4262b\UnityEngine.TestRunner\NUnitExtensions\Commands\TestActionCommand.cs(42,52): error CS0246: The type or namespace name 'ITestAction' could not be found (are you missing a using directive or an assembly reference?)

Library\PackageCache\com.unity.test-framework@80f691d4262b\UnityEngine.TestRunner\NUnitExtensions\Commands\TestActionCommand.cs(42,72): error CS0246: The type or namespace name 'Test' could not be found (are you missing a using directive or an assembly reference?)

Library\PackageCache\com.unity.test-framework@80f691d4262b\UnityEngine.TestRunner\Utils\TestData.cs(19,89): error CS0246: The type or namespace name 'ITest' could not be found (are you missing a using directive or an assembly reference?)

Library\PackageCache\com.unity.test-framework@80f691d4262b\UnityEngine.TestRunner\NUnitExtensions\Commands\EnumerableRepeatedTestCommand.cs(12,52): error CS0246: The type or namespace name 'DelegatingTestCommand' could not be found (are you missing a using directive or an assembly reference?)

Library\PackageCache\com.unity.test-framework@80f691d4262b\UnityEngine.TestRunner\NUnitExtensions\Commands\TestActionCommand.cs(14,61): error CS0246: The type or namespace name 'ITestAction' could not be found (are you missing a using directive or an assembly reference?)

Library\PackageCache\com.unity.test-framework@80f691d4262b\UnityEngine.TestRunner\NUnitExtensions\Commands\TestActionCommand.cs(16,34): error CS0246: The type or namespace name 'TestCommand' could not be found (are you missing a using directive or an assembly reference?)

Library\PackageCache\com.unity.test-framework@80f691d4262b\UnityEngine.TestRunner\NUnitExtensions\Commands\EnumerableRepeatedTestCommand.cs(23,44): error CS0246: The type or namespace name 'ITestExecutionContext' could not be found (are you missing a using directive or an assembly reference?)

Library\PackageCache\com.unity.test-framework@80f691d4262b\UnityEngine.TestRunner\NUnitExtensions\Commands\EnumerableRepeatedTestCommand.cs(23,25): error CS0246: The type or namespace name 'TestResult' could not be found (are you missing a using directive or an assembly reference?)

Library\PackageCache\com.unity.test-framework@80f691d4262b\UnityEngine.TestRunner\NUnitExtensions\Commands\EnumerableRepeatedTestCommand.cs(28,46): error CS0246: The type or namespace name 'ITestExecutionContext' could not be found (are you missing a using directive or an assembly reference?)

Library\PackageCache\com.unity.test-framework@80f691d4262b\UnityEngine.TestRunner\NUnitExtensions\Commands\EnumerableRepeatedTestCommand.cs(16,46): error CS0246: The type or namespace name 'RepeatAttribute' could not be found (are you missing a using directive or an assembly reference?)

Library\PackageCache\com.unity.test-framework@80f691d4262b\UnityEngine.TestRunner\NUnitExtensions\Commands\EnumerableRetryTestCommand.cs(12,49): error CS0246: The type or namespace name 'DelegatingTestCommand' could not be found (are you missing a using directive or an assembly reference?)

Library\PackageCache\com.unity.test-framework@80f691d4262b\UnityEngine.TestRunner\NUnitExtensions\Commands\EnumerableRetryTestCommand.cs(23,44): error CS0246: The type or namespace name 'ITestExecutionContext' could not be found (are you missing a using directive or an assembly reference?)

Library\PackageCache\com.unity.test-framework@80f691d4262b\UnityEngine.TestRunner\NUnitExtensions\Commands\EnumerableRetryTestCommand.cs(23,25): error CS0246: The type or namespace name 'TestResult' could not be found (are you missing a using directive or an assembly reference?)

Library\PackageCache\com.unity.test-framework@80f691d4262b\UnityEngine.TestRunner\NUnitExtensions\Commands\EnumerableRetryTestCommand.cs(28,46): error CS0246: The type or namespace name 'ITestExecutionContext' could not be found (are you missing a using directive or an assembly reference?)

Library\PackageCache\com.unity.test-framework@80f691d4262b\UnityEngine.TestRunner\NUnitExtensions\Commands\EnumerableRetryTestCommand.cs(16,43): error CS0246: The type or namespace name 'RetryAttribute' could not be found (are you missing a using directive or an assembly reference?)

Library\PackageCache\com.unity.test-framework@80f691d4262b\UnityEngine.TestRunner\NUnitExtensions\Commands\StrictCheckCommand.cs(14,41): error CS0246: The type or namespace name 'DelegatingTestCommand' could not be found (are you missing a using directive or an assembly reference?)

Library\PackageCache\com.unity.test-framework@80f691d4262b\UnityEngine.TestRunner\NUnitExtensions\Commands\StrictCheckCommand.cs(20,44): error CS0246: The type or namespace name 'ITestExecutionContext' could not be found (are you missing a using directive or an assembly reference?)

Library\PackageCache\com.unity.test-framework@80f691d4262b\UnityEngine.TestRunner\NUnitExtensions\Commands\StrictCheckCommand.cs(20,25): error CS0246: The type or namespace name 'TestResult' could not be found (are you missing a using directive or an assembly reference?)

Library\PackageCache\com.unity.test-framework@80f691d4262b\UnityEngine.TestRunner\NUnitExtensions\Commands\StrictCheckCommand.cs(25,46): error CS0246: The type or namespace name 'ITestExecutionContext' could not be found (are you missing a using directive or an assembly reference?)

Library\PackageCache\com.unity.test-framework@80f691d4262b\UnityEngine.TestRunner\NUnitExtensions\Commands\StrictCheckCommand.cs(16,35): error CS0246: The type or namespace name 'TestCommand' could not be found (are you missing a using directive or an assembly reference?)
*** Tundra build failed (0.73 seconds), 1 items updated, 840 evaluated
## Script Compilation Error for: Csc Library/Bee/artifacts/1900b0aE.dag/UnityEngine.TestRunner.dll (+2 others)
## CmdLine: "C:\Program Files\Unity\Hub\Editor\6000.6.4f1\Editor\Data\DotNetSdk\dotnet.exe" exec "C:/Program Files/Unity/Hub/Editor/6000.6.4f1/Editor/Data/DotNetSdk/sdk/8.0.318/Roslyn/bincore/csc.dll" /nostdlib /noconfig /shared "@Library/Bee/artifacts/1900b0aE.dag/UnityEngine.TestRunner.rsp" "@Library/Bee/artifacts/1900b0aE.dag/UnityEngine.TestRunner.rsp2"
## Output:
Library\PackageCache\com.unity.test-framework@80f691d4262b\UnityEngine.TestRunner\Assertions\AllocatingGCMemoryConstraint.cs(2,7): error CS0246: The type or namespace name 'NUnit' could not be found (are you missing a using directive or an assembly reference?)
Library\PackageCache\com.unity.test-framework@80f691d4262b\UnityEngine.TestRunner\Assertions\AllocatingGCMemoryConstraint.cs(3,7): error CS0246: The type or namespace name 'NUnit' could not be found (are you missing a using directive or an assembly reference?)
Library\PackageCache\com.unity.test-framework@80f691d4262b\UnityEngine.TestRunner\Assertions\ConstraintsExtensions.cs(2,7): error CS0246: The type or namespace name 'NUnit' could not be found (are you missing a using directive or an assembly reference?)
Library\PackageCache\com.unity.test-framework@80f691d4262b\UnityEngine.TestRunner\Assertions\InvalidSignatureException.cs(2,7): error CS0246: The type or namespace name 'NUnit' could not be found (are you missing a using directive or an assembly reference?)
Library\PackageCache\com.unity.test-framework@80f691d4262b\UnityEngine.TestRunner\Assertions\InvalidSignatureException.cs(3,7): error CS0246: The type or namespace name 'NUnit' could not be found (are you missing a using directive or an assembly reference?)
Library\PackageCache\com.unity.test-framework@80f691d4262b\UnityEngine.TestRunner\Assertions\OutOfOrderExpectedLogMessageException.cs(2,7): error CS0246: The type or namespace name 'NUnit' could not be found (are you missing a using directive or an assembly reference?)
Library\PackageCache\com.unity.test-framework@80f691d4262b\UnityEngine.TestRunner\Assertions\OutOfOrderExpectedLogMessageException.cs(3,7): error CS0246: The type or namespace name 'NUnit' could not be found (are you missing a using directive or an assembly reference?)
Library\PackageCache\com.unity.test-framework@80f691d4262b\UnityEngine.TestRunner\Assertions\UnexpectedLogMessageException.cs(2,7): error CS0246: The type or namespace name 'NUnit' could not be found (are you missing a using directive or an assembly reference?)
Library\PackageCache\com.unity.test-framework@80f691d4262b\UnityEngine.TestRunner\Assertions\UnexpectedLogMessageException.cs(3,7): error CS0246: The type or namespace name 'NUnit' could not be found (are you missing a using directive or an assembly reference?)
Library\PackageCache\com.unity.test-framework@80f691d4262b\UnityEngine.TestRunner\Assertions\UnhandledLogMessageException.cs(2,7): error CS0246: The type or namespace name 'NUnit' could not be found (are you missing a using directive or an assembly reference?)
Library\PackageCache\com.unity.test-framework@80f691d4262b\UnityEngine.TestRunner\Assertions\UnhandledLogMessageException.cs(3,7): error CS0246: The type or namespace name 'NUnit' could not be found (are you missing a using directive or an assembly reference?)
Library\PackageCache\com.unity.test-framework@80f691d4262b\UnityEngine.TestRunner\Assertions\UnityTestTimeoutException.cs(2,7): error CS0246: The type or namespace name 'NUnit' could not be found (are you missing a using directive or an assembly reference?)
Library\PackageCache\com.unity.test-framework@80f691d4262b\UnityEngine.TestRunner\Assertions\UnityTestTimeoutException.cs(3,7): error CS0246: The type or namespace name 'NUnit' could not be found (are you missing a using directive or an assembly reference?)
Library\PackageCache\com.unity.test-framework@80f691d4262b\UnityEngine.TestRunner\NUnitExtensions\Attributes\ConditionalIgnoreAttribute.cs(3,7): error CS0246: The type or namespace name 'NUnit' could not be found (are you missing a using directive or an assembly reference?)
Library\PackageCache\com.unity.test-framework@80f691d4262b\UnityEngine.TestRunner\NUnitExtensions\Attributes\ConditionalIgnoreAttribute.cs(4,7): error CS0246: The type or namespace name 'NUnit' could not be found (are you missing a using directive or an assembly reference?)
Library\PackageCache\com.unity.test-framework@80f691d4262b\UnityEngine.TestRunner\NUnitExtensions\Attributes\ConditionalIgnoreAttribute.cs(5,7): error CS0246: The type or namespace name 'NUnit' could not be found (are you missing a using directive or an assembly reference?)
Library\PackageCache\com.unity.test-framework@80f691d4262b\UnityEngine.TestRunner\NUnitExtensions\Attributes\ParametrizedIgnoreAttribute.cs(1,7): error CS0246: The type or namespace name 'NUnit' could not be found (are you missing a using directive or an assembly reference?)
Library\PackageCache\com.unity.test-framework@80f691d4262b\UnityEngine.TestRunner\NUnitExtensions\Attributes\ParametrizedIgnoreAttribute.cs(2,7): error CS0246: The type or namespace name 'NUnit' could not be found (are you missing a using directive or an assembly reference?)
Library\PackageCache\com.unity.test-framework@80f691d4262b\UnityEngine.TestRunner\NUnitExtensions\Attributes\ParametrizedIgnoreAttribute.cs(3,7): error CS0246: The type or namespace name 'NUnit' could not be found (are you missing a using directive or an assembly reference?)
Library\PackageCache\com.unity.test-framework@80f691d4262b\UnityEngine.TestRunner\NUnitExtensions\Attributes\PreservedValuesAttribute.cs(1,7): error CS0246: The type or namespace name 'NUnit' could not be found (are you missing a using directive or an assembly reference?)
Library\PackageCache\com.unity.test-framework@80f691d4262b\UnityEngine.TestRunner\NUnitExtensions\Attributes\TestEnumerator.cs(3,7): error CS0246: The type or namespace name 'NUnit' could not be found (are you missing a using directive or an assembly reference?)
Library\PackageCache\com.unity.test-framework@80f691d4262b\UnityEngine.TestRunner\NUnitExtensions\Attributes\TestEnumerator.cs(4,7): error CS0246: The type or namespace name 'NUnit' could not be found (are you missing a using directive or an assembly reference?)
Library\PackageCache\com.unity.test-framework@80f691d4262b\UnityEngine.TestRunner\NUnitExtensions\Attributes\UnityCombinatorialStrategy.cs(4,7): error CS0246: The type or namespace name 'NUnit' could not be found (are you missing a using directive or an assembly reference?)
Library\PackageCache\com.unity.test-framework@80f691d4262b\UnityEngine.TestRunner\NUnitExtensions\Attributes\UnityCombinatorialStrategy.cs(5,7): error CS0246: The type or namespace name 'NUnit' could not be found (are you missing a using directive or an assembly reference?)
Library\PackageCache\com.unity.test-framework@80f691d4262b\UnityEngine.TestRunner\NUnitExtensions\Attributes\UnityCoreClrExplicitDisabledAttribute.cs(5,7): error CS0246: The type or namespace name 'NUnit' could not be found (are you missing a using directive or an assembly reference?)
Library\PackageCache\com.unity.test-framework@80f691d4262b\UnityEngine.TestRunner\NUnitExtensions\Attributes\UnityCoreClrExplicitDisabledAttribute.cs(6,7): error CS0246: The type or namespace name 'NUnit' could not be found (are you missing a using directive or an assembly reference?)
Library\PackageCache\com.unity.test-framework@80f691d4262b\UnityEngine.TestRunner\NUnitExtensions\Attributes\UnityCoreClrExplicitDisabledAttribute.cs(7,7): error CS0246: The type or namespace name 'NUnit' could not be found (are you missing a using directive or an assembly reference?)
Library\PackageCache\com.unity.test-framework@80f691d4262b\UnityEngine.TestRunner\NUnitExtensions\Attributes\UnityOneTimeSetUpAttribute.cs(2,7): error CS0246: The type or namespace name 'NUnit' could not be found (are you missing a using directive or an assembly reference?)
Library\PackageCache\com.unity.test-framework@80f691d4262b\UnityEngine.TestRunner\NUnitExtensions\Attributes\UnityOneTimeTearDownAttribute.cs(2,7): error CS0246: The type or namespace name 'NUnit' could not be found (are you missing a using directive or an assembly reference?)
Library\PackageCache\com.unity.test-framework@80f691d4262b\UnityEngine.TestRunner\NUnitExtensions\Attributes\UnityPlatformAttribute.cs(4,7): error CS0246: The type or namespace name 'NUnit' could not be found (are you missing a using directive or an assembly reference?)
Library\PackageCache\com.unity.test-framework@80f691d4262b\UnityEngine.TestRunner\NUnitExtensions\Attributes\UnityPlatformAttribute.cs(5,7): error CS0246: The type or namespace name 'NUnit' could not be found (are you missing a using directive or an assembly reference?)
Library\PackageCache\com.unity.test-framework@80f691d4262b\UnityEngine.TestRunner\NUnitExtensions\Attributes\UnityPlatformAttribute.cs(6,7): error CS0246: The type or namespace name 'NUnit' could not be found (are you missing a using directive or an assembly reference?)
Library\PackageCache\com.unity.test-framework@80f691d4262b\UnityEngine.TestRunner\NUnitExtensions\Attributes\UnitySetUpAttribute.cs(2,7): error CS0246: The type or namespace name 'NUnit' could not be found (are you missing a using directive or an assembly reference?)
Library\PackageCache\com.unity.test-framework@80f691d4262b\UnityEngine.TestRunner\NUnitExtensions\Attributes\UnityTearDownAttribute.cs(2,7): error CS0246: The type or namespace name 'NUnit' could not be found (are you missing a using directive or an assembly reference?)
Library\PackageCache\com.unity.test-framework@80f691d4262b\UnityEngine.TestRunner\NUnitExtensions\Attributes\UnityTestAttribute.cs(4,7): error CS0246: The type or namespace name 'NUnit' could not be found (are you missing a using directive or an assembly reference?)
Library\PackageCache\com.unity.test-framework@80f691d4262b\UnityEngine.TestRunner\NUnitExtensions\Attributes\UnityTestAttribute.cs(5,7): error CS0246: The type or namespace name 'NUnit' could not be found (are you missing a using directive or an assembly reference?)
Library\PackageCache\com.unity.test-framework@80f691d4262b\UnityEngine.TestRunner\NUnitExtensions\Attributes\UnityTestAttribute.cs(6,7): error CS0246: The type or namespace name 'NUnit' could not be found (are you missing a using directive or an assembly reference?)
Library\PackageCache\com.unity.test-framework@80f691d4262b\UnityEngine.TestRunner\NUnitExtensions\Attributes\UnityTestAttribute.cs(7,7): error CS0246: The type or namespace name 'NUnit' could not be found (are you missing a using directive or an assembly reference?)
Library\PackageCache\com.unity.test-framework@80f691d4262b\UnityEngine.TestRunner\NUnitExtensions\BaseDelegator.cs(3,7): error CS0246: The type or namespace name 'NUnit' could not be found (are you missing a using directive or an assembly reference?)
Library\PackageCache\com.unity.test-framework@80f691d4262b\UnityEngine.TestRunner\NUnitExtensions\Commands\BeforeAfterTestCommandBase.cs(6,7): error CS0246: The type or namespace name 'NUnit' could not be found (are you missing a using directive or an assembly reference?)
Library\PackageCache\com.unity.test-framework@80f691d4262b\UnityEngine.TestRunner\NUnitExtensions\Commands\BeforeAfterTestCommandBase.cs(7,7): error CS0246: The type or namespace name 'NUnit' could not be found (are you missing a using directive or an assembly reference?)
Library\PackageCache\com.unity.test-framework@80f691d4262b\UnityEngine.TestRunner\NUnitExtensions\Commands\BeforeAfterTestCommandBase.cs(8,7): error CS0246: The type or namespace name 'NUnit' could not be found (are you missing a using directive or an assembly reference?)
Library\PackageCache\com.unity.test-framework@80f691d4262b\UnityEngine.TestRunner\NUnitExtensions\Commands\BeforeAfterTestCommandState.cs(4,7): error CS0246: The type or namespace name 'NUnit' could not be found (are you missing a using directive or an assembly reference?)
Library\PackageCache\com.unity.test-framework@80f691d4262b\UnityEngine.TestRunner\NUnitExtensions\Commands\EnumerableApplyChangesToContextCommand.cs(4,7): error CS0246: The type or namespace name 'NUnit' could not be found (are you missing a using directive or an assembly reference?)
Library\PackageCache\com.unity.test-framework@80f691d4262b\UnityEngine.TestRunner\NUnitExtensions\Commands\EnumerableApplyChangesToContextCommand.cs(5,7): error CS0246: The type or namespace name 'NUnit' could not be found (are you missing a using directive or an assembly reference?)
Library\PackageCache\com.unity.test-framework@80f691d4262b\UnityEngine.TestRunner\NUnitExtensions\Commands\EnumerableApplyChangesToContextCommand.cs(6,7): error CS0246: The type or namespace name 'NUnit' could not be found (are you missing a using directive or an assembly reference?)
Library\PackageCache\com.unity.test-framework@80f691d4262b\UnityEngine.TestRunner\NUnitExtensions\Commands\EnumerableMaxTimeCommand.cs(4,7): error CS0246: The type or namespace name 'NUnit' could not be found (are you missing a using directive or an assembly reference?)
Library\PackageCache\com.unity.test-framework@80f691d4262b\UnityEngine.TestRunner\NUnitExtensions\Commands\EnumerableMaxTimeCommand.cs(5,7): error CS0246: The type or namespace name 'NUnit' could not be found (are you missing a using directive or an assembly reference?)
Library\PackageCache\com.unity.test-framework@80f691d4262b\UnityEngine.TestRunner\NUnitExtensions\Commands\EnumerableMaxTimeCommand.cs(6,7): error CS0246: The type or namespace name 'NUnit' could not be found (are you missing a using directive or an assembly reference?)
Library\PackageCache\com.unity.test-framework@80f691d4262b\UnityEngine.TestRunner\NUnitExtensions\Commands\EnumerableOneTimeSetUpTearDownCommand.cs(6,7): error CS0246: The type or namespace name 'NUnit' could not be found (are you missing a using directive or an assembly reference?)
Library\PackageCache\com.unity.test-framework@80f691d4262b\UnityEngine.TestRunner\NUnitExtensions\Commands\EnumerableOneTimeSetUpTearDownCommand.cs(7,7): error CS0246: The type or namespace name 'NUnit' could not be found (are you missing a using directive or an assembly reference?)
Library\PackageCache\com.unity.test-framework@80f691d4262b\UnityEngine.TestRunner\NUnitExtensions\Commands\EnumerableOneTimeSetUpTearDownCommand.cs(8,7): error CS0246: The type or namespace name 'NUnit' could not be found (are you missing a using directive or an assembly reference?)
Library\PackageCache\com.unity.test-framework@80f691d4262b\UnityEngine.TestRunner\NUnitExtensions\Commands\EnumerableRepeatedTestCommand.cs(4,7): error CS0246: The type or namespace name 'NUnit' could not be found (are you missing a using directive or an assembly reference?)
Library\PackageCache\com.unity.test-framework@80f691d4262b\UnityEngine.TestRunner\NUnitExtensions\Commands\EnumerableRepeatedTestCommand.cs(5,7): error CS0246: The type or namespace name 'NUnit' could not be found (are you missing a using directive or an assembly reference?)
Library\PackageCache\com.unity.test-framework@80f691d4262b\UnityEngine.TestRunner\NUnitExtensions\Commands\EnumerableRepeatedTestCommand.cs(6,7): error CS0246: The type or namespace name 'NUnit' could not be found (are you missing a using directive or an assembly reference?)
Library\PackageCache\com.unity.test-framework@80f691d4262b\UnityEngine.TestRunner\NUnitExtensions\Commands\EnumerableRepeatedTestCommand.cs(7,7): error CS0246: The type or namespace name 'NUnit' could not be found (are you missing a using directive or an assembly reference?)
Library\PackageCache\com.unity.test-framework@80f691d4262b\UnityEngine.TestRunner\NUnitExtensions\Commands\EnumerableRetryTestCommand.cs(4,7): error CS0246: The type or namespace name 'NUnit' could not be found (are you missing a using directive or an assembly reference?)
Library\PackageCache\com.unity.test-framework@80f691d4262b\UnityEngine.TestRunner\NUnitExtensions\Commands\EnumerableRetryTestCommand.cs(5,7): error CS0246: The type or namespace name 'NUnit' could not be found (are you missing a using directive or an assembly reference?)
Library\PackageCache\com.unity.test-framework@80f691d4262b\UnityEngine.TestRunner\NUnitExtensions\Commands\EnumerableRetryTestCommand.cs(6,7): error CS0246: The type or namespace name 'NUnit' could not be found (are you missing a using directive or an assembly reference?)
Library\PackageCache\com.unity.test-framework@80f691d4262b\UnityEngine.TestRunner\NUnitExtensions\Commands\EnumerableRetryTestCommand.cs(7,7): error CS0246: The type or namespace name 'NUnit' could not be found (are you missing a using directive or an assembly reference?)
Library\PackageCache\com.unity.test-framework@80f691d4262b\UnityEngine.TestRunner\NUnitExtensions\Commands\EnumerableSetUpTearDownCommand.cs(6,7): error CS0246: The type or namespace name 'NUnit' could not be found (are you missing a using directive or an assembly reference?)
Library\PackageCache\com.unity.test-framework@80f691d4262b\UnityEngine.TestRunner\NUnitExtensions\Commands\EnumerableSetUpTearDownCommand.cs(7,7): error CS0246: The type or namespace name 'NUnit' could not be found (are you missing a using directive or an assembly reference?)
Library\PackageCache\com.unity.test-framework@80f691d4262b\UnityEngine.TestRunner\NUnitExtensions\Commands\EnumerableTestMethodCommand.cs(3,7): error CS0246: The type or namespace name 'NUnit' could not be found (are you missing a using directive or an assembly reference?)
Library\PackageCache\com.unity.test-framework@80f691d4262b\UnityEngine.TestRunner\NUnitExtensions\Commands\EnumerableTestMethodCommand.cs(4,7): error CS0246: The type or namespace name 'NUnit' could not be found (are you missing a using directive or an assembly reference?)
Library\PackageCache\com.unity.test-framework@80f691d4262b\UnityEngine.TestRunner\NUnitExtensions\Commands\EnumerableTestMethodCommand.cs(5,7): error CS0246: The type or namespace name 'NUnit' could not be found (are you missing a using directive or an assembly reference?)
Library\PackageCache\com.unity.test-framework@80f691d4262b\UnityEngine.TestRunner\NUnitExtensions\Commands\IgnoreTestCommand.cs(3,7): error CS0246: The type or namespace name 'NUnit' could not be found (are you missing a using directive or an assembly reference?)
Library\PackageCache\com.unity.test-framework@80f691d4262b\UnityEngine.TestRunner\NUnitExtensions\Commands\IgnoreTestCommand.cs(4,7): error CS0246: The type or namespace name 'NUnit' could not be found (are you missing a using directive or an assembly reference?)
Library\PackageCache\com.unity.test-framework@80f691d4262b\UnityEngine.TestRunner\NUnitExtensions\Commands\IgnoreTestCommand.cs(5,7): error CS0246: The type or namespace name 'NUnit' could not be found (are you missing a using directive or an assembly reference?)
Library\PackageCache\com.unity.test-framework@80f691d4262b\UnityEngine.TestRunner\NUnitExtensions\Commands\ImmediateEnumerableCommand.cs(2,7): error CS0246: The type or namespace name 'NUnit' could not be found (are you missing a using directive or an assembly reference?)
Library\PackageCache\com.unity.test-framework@80f691d4262b\UnityEngine.TestRunner\NUnitExtensions\Commands\ImmediateEnumerableCommand.cs(3,7): error CS0246: The type or namespace name 'NUnit' could not be found (are you missing a using directive or an assembly reference?)
Library\PackageCache\com.unity.test-framework@80f691d4262b\UnityEngine.TestRunner\NUnitExtensions\Commands\OuterUnityTestActionCommand.cs(5,7): error CS0246: The type or namespace name 'NUnit' could not be found (are you missing a using directive or an assembly reference?)
Library\PackageCache\com.unity.test-framework@80f691d4262b\UnityEngine.TestRunner\NUnitExtensions\Commands\OuterUnityTestActionCommand.cs(6,7): error CS0246: The type or namespace name 'NUnit' could not be found (are you missing a using directive or an assembly reference?)
Library\PackageCache\com.unity.test-framework@80f691d4262b\UnityEngine.TestRunner\NUnitExtensions\Commands\ParametrizedIgnoreCommand.cs(2,7): error CS0246: The type or namespace name 'NUnit' could not be found (are you missing a using directive or an assembly reference?)
Library\PackageCache\com.unity.test-framework@80f691d4262b\UnityEngine.TestRunner\NUnitExtensions\Commands\ParametrizedIgnoreCommand.cs(3,7): error CS0246: The type or namespace name 'NUnit' could not be found (are you missing a using directive or an assembly reference?)
Library\PackageCache\com.unity.test-framework@80f691d4262b\UnityEngine.TestRunner\NUnitExtensions\Commands\ParametrizedIgnoreCommand.cs(4,7): error CS0246: The type or namespace name 'NUnit' could not be found (are you missing a using directive or an assembly reference?)
Library\PackageCache\com.unity.test-framework@80f691d4262b\UnityEngine.TestRunner\NUnitExtensions\Commands\RepeatCommand.cs(4,7): error CS0246: The type or namespace name 'NUnit' could not be found (are you missing a using directive or an assembly reference?)
Library\PackageCache\com.unity.test-framework@80f691d4262b\UnityEngine.TestRunner\NUnitExtensions\Commands\RepeatCommand.cs(5,7): error CS0246: The type or namespace name 'NUnit' could not be found (are you missing a using directive or an assembly reference?)
Library\PackageCache\com.unity.test-framework@80f691d4262b\UnityEngine.TestRunner\NUnitExtensions\Commands\RepeatCommand.cs(6,7): error CS0246: The type or namespace name 'NUnit' could not be found (are you missing a using directive or an assembly reference?)
Library\PackageCache\com.unity.test-framework@80f691d4262b\UnityEngine.TestRunner\NUnitExtensions\Commands\RetryCommand.cs(4,7): error CS0246: The type or namespace name 'NUnit' could not be found (are you missing a using directive or an assembly reference?)
Library\PackageCache\com.unity.test-framework@80f691d4262b\UnityEngine.TestRunner\NUnitExtensions\Commands\RetryCommand.cs(5,7): error CS0246: The type or namespace name 'NUnit' could not be found (are you missing a using directive or an assembly reference?)
Library\PackageCache\com.unity.test-framework@80f691d4262b\UnityEngine.TestRunner\NUnitExtensions\Commands\RetryCommand.cs(6,7): error CS0246: The type or namespace name 'NUnit' could not be found (are you missing a using directive or an assembly reference?)
Library\PackageCache\com.unity.test-framework@80f691d4262b\UnityEngine.TestRunner\NUnitExtensions\Commands\SetUpTearDownCommand.cs(8,7): error CS0246: The type or namespace name 'NUnit' could not be found (are you missing a using directive or an assembly reference?)
Library\PackageCache\com.unity.test-framework@80f691d4262b\UnityEngine.TestRunner\NUnitExtensions\Commands\SetUpTearDownCommand.cs(9,7): error CS0246: The type or namespace name 'NUnit' could not be found (are you missing a using directive or an assembly reference?)
Library\PackageCache\com.unity.test-framework@80f691d4262b\UnityEngine.TestRunner\NUnitExtensions\Commands\SetUpTearDownCommand.cs(10,7): error CS0246: The type or namespace name 'NUnit' could not be found (are you missing a using directive or an assembly reference?)
Library\PackageCache\com.unity.test-framework@80f691d4262b\UnityEngine.TestRunner\NUnitExtensions\Commands\StrictCheckCommand.cs(3,7): error CS0246: The type or namespace name 'NUnit' could not be found (are you missing a using directive or an assembly reference?)
Library\PackageCache\com.unity.test-framework@80f691d4262b\UnityEngine.TestRunner\NUnitExtensions\Commands\StrictCheckCommand.cs(4,7): error CS0246: The type or namespace name 'NUnit' could not be found (are you missing a using directive or an assembly reference?)
Library\PackageCache\com.unity.test-framework@80f691d4262b\UnityEngine.TestRunner\NUnitExtensions\Commands\StrictCheckCommand.cs(5,7): error CS0246: The type or namespace name 'NUnit' could not be found (are you missing a using directive or an assembly reference?)
Library\PackageCache\com.unity.test-framework@80f691d4262b\UnityEngine.TestRunner\NUnitExtensions\Commands\TaskTestMethodCommand.cs(3,7): error CS0246: The type or namespace name 'NUnit' could not be found (are you missing a using directive or an assembly reference?)
Library\PackageCache\com.unity.test-framework@80f691d4262b\UnityEngine.TestRunner\NUnitExtensions\Commands\TaskTestMethodCommand.cs(4,7): error CS0246: The type or namespace name 'NUnit' could not be found (are you missing a using directive or an assembly reference?)
Library\PackageCache\com.unity.test-framework@80f691d4262b\UnityEngine.TestRunner\NUnitExtensions\Commands\TaskTestMethodCommand.cs(5,7): error CS0246: The type or namespace name 'NUnit' could not be found (are you missing a using directive or an assembly reference?)
Library\PackageCache\com.unity.test-framework@80f691d4262b\UnityEngine.TestRunner\NUnitExtensions\Commands\TestActionCommand.cs(5,7): error CS0246: The type or namespace name 'NUnit' could not be found (are you missing a using directive or an assembly reference?)
Library\PackageCache\com.unity.test-framework@80f691d4262b\UnityEngine.TestRunner\NUnitExtensions\Commands\TestActionCommand.cs(6,7): error CS0246: The type or namespace name 'NUnit' could not be found (are you missing a using directive or an assembly reference?)
Library\PackageCache\com.unity.test-framework@80f691d4262b\UnityEngine.TestRunner\NUnitExtensions\Commands\TestActionCommand.cs(7,7): error CS0246: The type or namespace name 'NUnit' could not be found (are you missing a using directive or an assembly reference?)
Library\PackageCache\com.unity.test-framework@80f691d4262b\UnityEngine.TestRunner\NUnitExtensions\Commands\TimeoutCommand.cs(4,7): error CS0246: The type or namespace name 'NUnit' could not be found (are you missing a using directive or an assembly reference?)
Library\PackageCache\com.unity.test-framework@80f691d4262b\UnityEngine.TestRunner\NUnitExtensions\Commands\TimeoutCommand.cs(5,7): error CS0246: The type or namespace name 'NUnit' could not be found (are you missing a using directive or an assembly reference?)
Library\PackageCache\com.unity.test-framework@80f691d4262b\UnityEngine.TestRunner\NUnitExtensions\Commands\TimeoutCommand.cs(6,7): error CS0246: The type or namespace name 'NUnit' could not be found (are you missing a using directive or an assembly reference?)
Library\PackageCache\com.unity.test-framework@80f691d4262b\UnityEngine.TestRunner\NUnitExtensions\Commands\UnityTestMethodCommand.cs(1,7): error CS0246: The type or namespace name 'NUnit' could not be found (are you missing a using directive or an assembly reference?)
Library\PackageCache\com.unity.test-framework@80f691d4262b\UnityEngine.TestRunner\NUnitExtensions\Commands\UnityTestMethodCommand.cs(2,7): error CS0246: The type or namespace name 'NUnit' could not be found (are you missing a using directive or an assembly reference?)
Library\PackageCache\com.unity.test-framework@80f691d4262b\UnityEngine.TestRunner\NUnitExtensions\Commands\UnityTestMethodCommand.cs(3,7): error CS0246: The type or namespace name 'NUnit' could not be found (are you missing a using directive or an assembly reference?)
Library\PackageCache\com.unity.test-framework@80f691d4262b\UnityEngine.TestRunner\NUnitExtensions\ConstructDelegator.cs(2,7): error CS0246: The type or namespace name 'NUnit' could not be found (are you missing a using directive or an assembly reference?)
Library\PackageCache\com.unity.test-framework@80f691d4262b\UnityEngine.TestRunner\NUnitExtensions\Filters\AndFilterExtended.cs(3,7): error CS0246: The type or namespace name 'NUnit' could not be found (are you missing a using directive or an assembly reference?)
Library\PackageCache\com.unity.test-framework@80f691d4262b\UnityEngine.TestRunner\NUnitExtensions\Filters\AndFilterExtended.cs(4,7): error CS0246: The type or namespace name 'NUnit' could not be found (are you missing a using directive or an assembly reference?)
Library\PackageCache\com.unity.test-framework@80f691d4262b\UnityEngine.TestRunner\NUnitExtensions\Filters\AndFilterExtended.cs(5,7): error CS0246: The type or namespace name 'NUnit' could not be found (are you missing a using directive or an assembly reference?)
Library\PackageCache\com.unity.test-framework@80f691d4262b\UnityEngine.TestRunner\NUnitExtensions\Filters\AssemblyNameFilter.cs(2,7): error CS0246: The type or namespace name 'NUnit' could not be found (are you missing a using directive or an assembly reference?)
Library\PackageCache\com.unity.test-framework@80f691d4262b\UnityEngine.TestRunner\NUnitExtensions\Filters\AssemblyNameFilter.cs(3,7): error CS0246: The type or namespace name 'NUnit' could not be found (are you missing a using directive or an assembly reference?)
Library\PackageCache\com.unity.test-framework@80f691d4262b\UnityEngine.TestRunner\NUnitExtensions\Filters\CategoryFilterExtended.cs(5,7): error CS0246: The type or namespace name 'NUnit' could not be found (are you missing a using directive or an assembly reference?)
Library\PackageCache\com.unity.test-framework@80f691d4262b\UnityEngine.TestRunner\NUnitExtensions\Filters\CategoryFilterExtended.cs(6,7): error CS0246: The type or namespace name 'NUnit' could not be found (are you missing a using directive or an assembly reference?)
Library\PackageCache\com.unity.test-framework@80f691d4262b\UnityEngine.TestRunner\NUnitExtensions\Filters\CategoryFilterExtended.cs(7,7): error CS0246: The type or namespace name 'NUnit' could not be found (are you missing a using directive or an assembly reference?)
Library\PackageCache\com.unity.test-framework@80f691d4262b\UnityEngine.TestRunner\NUnitExtensions\Filters\EditorOnlyFilter.cs(2,7): error CS0246: The type or namespace name 'NUnit' could not be found (are you missing a using directive or an assembly reference?)
Library\PackageCache\com.unity.test-framework@80f691d4262b\UnityEngine.TestRunner\NUnitExtensions\Filters\FullNameFilter.cs(2,7): error CS0246: The type or namespace name 'NUnit' could not be found (are you missing a using directive or an assembly reference?)
Library\PackageCache\com.unity.test-framework@80f691d4262b\UnityEngine.TestRunner\NUnitExtensions\Filters\NonExplicitFilter.cs(2,7): error CS0246: The type or namespace name 'NUnit' could not be found (are you missing a using directive or an assembly reference?)
Library\PackageCache\com.unity.test-framework@80f691d4262b\UnityEngine.TestRunner\NUnitExtensions\IAsyncTestAssemblyBuilder.cs(4,7): error CS0246: The type or namespace name 'NUnit' could not be found (are you missing a using directive or an assembly reference?)
Library\PackageCache\com.unity.test-framework@80f691d4262b\UnityEngine.TestRunner\NUnitExtensions\IAsyncTestAssemblyBuilder.cs(5,7): error CS0246: The type or namespace name 'NUnit' could not be found (are you missing a using directive or an assembly reference?)
Library\PackageCache\com.unity.test-framework@80f691d4262b\UnityEngine.TestRunner\NUnitExtensions\ITestSuiteModifier.cs(1,7): error CS0246: The type or namespace name 'NUnit' could not be found (are you missing a using directive or an assembly reference?)
Library\PackageCache\com.unity.test-framework@80f691d4262b\UnityEngine.TestRunner\NUnitExtensions\OrderedTestSuiteModifier.cs(6,7): error CS0246: The type or namespace name 'NUnit' could not be found (are you missing a using directive or an assembly reference?)
Library\PackageCache\com.unity.test-framework@80f691d4262b\UnityEngine.TestRunner\NUnitExtensions\OrderedTestSuiteModifier.cs(7,7): error CS0246: The type or namespace name 'NUnit' could not be found (are you missing a using directive or an assembly reference?)
Library\PackageCache\com.unity.test-framework@80f691d4262b\UnityEngine.TestRunner\NUnitExtensions\Runner\CompositeWorkItem.cs(7,7): error CS0246: The type or namespace name 'NUnit' could not be found (are you missing a using directive or an assembly reference?)
Library\PackageCache\com.unity.test-framework@80f691d4262b\UnityEngine.TestRunner\NUnitExtensions\Runner\CompositeWorkItem.cs(8,7): error CS0246: The type or namespace name 'NUnit' could not be found (are you missing a using directive or an assembly reference?)
Library\PackageCache\com.unity.test-framework@80f691d4262b\UnityEngine.TestRunner\NUnitExtensions\Runner\CompositeWorkItem.cs(9,7): error CS0246: The type or namespace name 'NUnit' could not be found (are you missing a using directive or an assembly reference?)
Library\PackageCache\com.unity.test-framework@80f691d4262b\UnityEngine.TestRunner\NUnitExtensions\Runner\CompositeWorkItem.cs(10,7): error CS0246: The type or namespace name 'NUnit' could not be found (are you missing a using directive or an assembly reference?)
Library\PackageCache\com.unity.test-framework@80f691d4262b\UnityEngine.TestRunner\NUnitExtensions\Runner\CompositeWorkItem.cs(11,7): error CS0246: The type or namespace name 'NUnit' could not be found (are you missing a using directive or an assembly reference?)
Library\PackageCache\com.unity.test-framework@80f691d4262b\UnityEngine.TestRunner\NUnitExtensions\Runner\CoroutineTestWorkItem.cs(3,7): error CS0246: The type or namespace name 'NUnit' could not be found (are you missing a using directive or an assembly reference?)
Library\PackageCache\com.unity.test-framework@80f691d4262b\UnityEngine.TestRunner\NUnitExtensions\Runner\CoroutineTestWorkItem.cs(4,7): error CS0246: The type or namespace name 'NUnit' could not be found (are you missing a using directive or an assembly reference?)
Library\PackageCache\com.unity.test-framework@80f691d4262b\UnityEngine.TestRunner\NUnitExtensions\Runner\CoroutineTestWorkItem.cs(5,7): error CS0246: The type or namespace name 'NUnit' could not be found (are you missing a using directive or an assembly reference?)
Library\PackageCache\com.unity.test-framework@80f691d4262b\UnityEngine.TestRunner\NUnitExtensions\Runner\DefaultTestWorkItem.cs(3,7): error CS0246: The type or namespace name 'NUnit' could not be found (are you missing a using directive or an assembly reference?)
Library\PackageCache\com.unity.test-framework@80f691d4262b\UnityEngine.TestRunner\NUnitExtensions\Runner\DefaultTestWorkItem.cs(4,7): error CS0246: The type or namespace name 'NUnit' could not be found (are you missing a using directive or an assembly reference?)
Library\PackageCache\com.unity.test-framework@80f691d4262b\UnityEngine.TestRunner\NUnitExtensions\Runner\DefaultTestWorkItem.cs(5,7): error CS0246: The type or namespace name 'NUnit' could not be found (are you missing a using directive or an assembly reference?)
Library\PackageCache\com.unity.test-framework@80f691d4262b\UnityEngine.TestRunner\NUnitExtensions\Runner\FailCommand.cs(3,7): error CS0246: The type or namespace name 'NUnit' could not be found (are you missing a using directive or an assembly reference?)
Library\PackageCache\com.unity.test-framework@80f691d4262b\UnityEngine.TestRunner\NUnitExtensions\Runner\FailCommand.cs(4,7): error CS0246: The type or namespace name 'NUnit' could not be found (are you missing a using directive or an assembly reference?)
Library\PackageCache\com.unity.test-framework@80f691d4262b\UnityEngine.TestRunner\NUnitExtensions\Runner\FailCommand.cs(5,7): error CS0246: The type or namespace name 'NUnit' could not be found (are you missing a using directive or an assembly reference?)
Library\PackageCache\com.unity.test-framework@80f691d4262b\UnityEngine.TestRunner\NUnitExtensions\Runner\IEnumerableTestMethodCommand.cs(3,7): error CS0246: The type or namespace name 'NUnit' could not be found (are you missing a using directive or an assembly reference?)
Library\PackageCache\com.unity.test-framework@80f691d4262b\UnityEngine.TestRunner\NUnitExtensions\Runner\ITestCommandWrapper.cs(1,7): error CS0246: The type or namespace name 'NUnit' could not be found (are you missing a using directive or an assembly reference?)
Library\PackageCache\com.unity.test-framework@80f691d4262b\UnityEngine.TestRunner\NUnitExtensions\Runner\ITestCommandWrapper.cs(2,7): error CS0246: The type or namespace name 'NUnit' could not be found (are you missing a using directive or an assembly reference?)
Library\PackageCache\com.unity.test-framework@80f691d4262b\UnityEngine.TestRunner\NUnitExtensions\Runner\PlaymodeWorkItemFactory.cs(2,7): error CS0246: The type or namespace name 'NUnit' could not be found (are you missing a using directive or an assembly reference?)
Library\PackageCache\com.unity.test-framework@80f691d4262b\UnityEngine.TestRunner\NUnitExtensions\Runner\PlaymodeWorkItemFactory.cs(3,7): error CS0246: The type or namespace name 'NUnit' could not be found (are you missing a using directive or an assembly reference?)
Library\PackageCache\com.unity.test-framework@80f691d4262b\UnityEngine.TestRunner\NUnitExtensions\Runner\TestCommandBuilder.cs(5,7): error CS0246: The type or namespace name 'NUnit' could not be found (are you missing a using directive or an assembly reference?)
Library\PackageCache\com.unity.test-framework@80f691d4262b\UnityEngine.TestRunner\NUnitExtensions\Runner\TestCommandBuilder.cs(6,7): error CS0246: The type or namespace name 'NUnit' could not be found (are you missing a using directive or an assembly reference?)
Library\PackageCache\com.unity.test-framework@80f691d4262b\UnityEngine.TestRunner\NUnitExtensions\Runner\TestCommandBuilder.cs(7,7): error CS0246: The type or namespace name 'NUnit' could not be found (are you missing a using directive or an assembly reference?)
Library\PackageCache\com.unity.test-framework@80f691d4262b\UnityEngine.TestRunner\NUnitExtensions\Runner\TestCommandBuilder.cs(8,7): error CS0246: The type or namespace name 'NUnit' could not be found (are you missing a using directive or an assembly reference?)
Library\PackageCache\com.unity.test-framework@80f691d4262b\UnityEngine.TestRunner\NUnitExtensions\Runner\UnityLogCheckDelegatingCommand.cs(6,7): error CS0246: The type or namespace name 'NUnit' could not be found (are you missing a using directive or an assembly reference?)
Library\PackageCache\com.unity.test-framework@80f691d4262b\UnityEngine.TestRunner\NUnitExtensions\Runner\UnityLogCheckDelegatingCommand.cs(7,7): error CS0246: The type or namespace name 'NUnit' could not be found (are you missing a using directive or an assembly reference?)
Library\PackageCache\com.unity.test-framework@80f691d4262b\UnityEngine.TestRunner\NUnitExtensions\Runner\UnityTestAssemblyRunner.cs(6,7): error CS0246: The type or namespace name 'NUnit' could not be found (are you missing a using directive or an assembly reference?)
Library\PackageCache\com.unity.test-framework@80f691d4262b\UnityEngine.TestRunner\NUnitExtensions\Runner\UnityTestAssemblyRunner.cs(7,7): error CS0246: The type or namespace name 'NUnit' could not be found (are you missing a using directive or an assembly reference?)
Library\PackageCache\com.unity.test-framework@80f691d4262b\UnityEngine.TestRunner\NUnitExtensions\Runner\UnityTestAssemblyRunner.cs(8,7): error CS0246: The type or namespace name 'NUnit' could not be found (are you missing a using directive or an assembly reference?)
Library\PackageCache\com.unity.test-framework@80f691d4262b\UnityEngine.TestRunner\NUnitExtensions\Runner\UnityTestAssemblyRunner.cs(9,7): error CS0246: The type or namespace name 'NUnit' could not be found (are you missing a using directive or an assembly reference?)
Library\PackageCache\com.unity.test-framework@80f691d4262b\UnityEngine.TestRunner\NUnitExtensions\Runner\UnityTestExecutionContext.cs(6,7): error CS0246: The type or namespace name 'NUnit' could not be found (are you missing a using directive or an assembly reference?)
Library\PackageCache\com.unity.test-framework@80f691d4262b\UnityEngine.TestRunner\NUnitExtensions\Runner\UnityTestExecutionContext.cs(7,7): error CS0246: The type or namespace name 'NUnit' could not be found (are you missing a using directive or an assembly reference?)
Library\PackageCache\com.unity.test-framework@80f691d4262b\UnityEngine.TestRunner\NUnitExtensions\Runner\UnityTestExecutionContext.cs(8,7): error CS0246: The type or namespace name 'NUnit' could not be found (are you missing a using directive or an assembly reference?)
Library\PackageCache\com.unity.test-framework@80f691d4262b\UnityEngine.TestRunner\NUnitExtensions\Runner\UnityTestExecutionContext.cs(9,7): error CS0246: The type or namespace name 'NUnit' could not be found (are you missing a using directive or an assembly reference?)
Library\PackageCache\com.unity.test-framework@80f691d4262b\UnityEngine.TestRunner\NUnitExtensions\Runner\UnityTestExecutionContext.cs(10,7): error CS0246: The type or namespace name 'NUnit' could not be found (are you missing a using directive or an assembly reference?)
Library\PackageCache\com.unity.test-framework@80f691d4262b\UnityEngine.TestRunner\NUnitExtensions\Runner\UnityWorkItem.cs(6,7): error CS0246: The type or namespace name 'NUnit' could not be found (are you missing a using directive or an assembly reference?)
Library\PackageCache\com.unity.test-framework@80f691d4262b\UnityEngine.TestRunner\NUnitExtensions\Runner\UnityWorkItem.cs(7,7): error CS0246: The type or namespace name 'NUnit' could not be found (are you missing a using directive or an assembly reference?)
Library\PackageCache\com.unity.test-framework@80f691d4262b\UnityEngine.TestRunner\NUnitExtensions\Runner\UnityWorkItem.cs(8,7): error CS0246: The type or namespace name 'NUnit' could not be found (are you missing a using directive or an assembly reference?)
Library\PackageCache\com.unity.test-framework@80f691d4262b\UnityEngine.TestRunner\NUnitExtensions\Runner\UnityWorkItem.cs(9,7): error CS0246: The type or namespace name 'NUnit' could not be found (are you missing a using directive or an assembly reference?)
Library\PackageCache\com.unity.test-framework@80f691d4262b\UnityEngine.TestRunner\NUnitExtensions\Runner\WorkItemFactory.cs(3,7): error CS0246: The type or namespace name 'NUnit' could not be found (are you missing a using directive or an assembly reference?)
Library\PackageCache\com.unity.test-framework@80f691d4262b\UnityEngine.TestRunner\NUnitExtensions\Runner\WorkItemFactory.cs(4,7): error CS0246: The type or namespace name 'NUnit' could not be found (are you missing a using directive or an assembly reference?)
Library\PackageCache\com.unity.test-framework@80f691d4262b\UnityEngine.TestRunner\NUnitExtensions\TestExtensions.cs(4,7): error CS0246: The type or namespace name 'NUnit' could not be found (are you missing a using directive or an assembly reference?)
Library\PackageCache\com.unity.test-framework@80f691d4262b\UnityEngine.TestRunner\NUnitExtensions\TestExtensions.cs(5,7): error CS0246: The type or namespace name 'NUnit' could not be found (are you missing a using directive or an assembly reference?)
Library\PackageCache\com.unity.test-framework@80f691d4262b\UnityEngine.TestRunner\NUnitExtensions\TestResultExtensions.cs(2,7): error CS0246: The type or namespace name 'NUnit' could not be found (are you missing a using directive or an assembly reference?)
Library\PackageCache\com.unity.test-framework@80f691d4262b\UnityEngine.TestRunner\NUnitExtensions\TestResultExtensions.cs(3,7): error CS0246: The type or namespace name 'NUnit' could not be found (are you missing a using directive or an assembly reference?)
Library\PackageCache\com.unity.test-framework@80f691d4262b\UnityEngine.TestRunner\NUnitExtensions\TestResultExtensions.cs(4,7): error CS0246: The type or namespace name 'NUnit' could not be found (are you missing a using directive or an assembly reference?)
Library\PackageCache\com.unity.test-framework@80f691d4262b\UnityEngine.TestRunner\NUnitExtensions\TestResultExtensions.cs(5,7): error CS0246: The type or namespace name 'NUnit' could not be found (are you missing a using directive or an assembly reference?)
Library\PackageCache\com.unity.test-framework@80f691d4262b\UnityEngine.TestRunner\NUnitExtensions\UnityTestAssemblyBuilder.cs(5,7): error CS0246: The type or namespace name 'NUnit' could not be found (are you missing a using directive or an assembly reference?)
Library\PackageCache\com.unity.test-framework@80f691d4262b\UnityEngine.TestRunner\NUnitExtensions\UnityTestAssemblyBuilder.cs(6,7): error CS0246: The type or namespace name 'NUnit' could not be found (are you missing a using directive or an assembly reference?)
Library\PackageCache\com.unity.test-framework@80f691d4262b\UnityEngine.TestRunner\NUnitExtensions\UnityTestAssemblyBuilder.cs(7,7): error CS0246: The type or namespace name 'NUnit' could not be found (are you missing a using directive or an assembly reference?)
Library\PackageCache\com.unity.test-framework@80f691d4262b\UnityEngine.TestRunner\NUnitExtensions\UnityTestAssemblyBuilder.cs(8,7): error CS0246: The type or namespace name 'NUnit' could not be found (are you missing a using directive or an assembly reference?)
Library\PackageCache\com.unity.test-framework@80f691d4262b\UnityEngine.TestRunner\TestRunner\Callbacks\PlayModeRunnerCallback.cs(2,7): error CS0246: The type or namespace name 'NUnit' could not be found (are you missing a using directive or an assembly reference?)
Library\PackageCache\com.unity.test-framework@80f691d4262b\UnityEngine.TestRunner\TestRunner\Callbacks\PlayModeRunnerCallback.cs(3,7): error CS0246: The type or namespace name 'NUnit' could not be found (are you missing a using directive or an assembly reference?)
Library\PackageCache\com.unity.test-framework@80f691d4262b\UnityEngine.TestRunner\TestRunner\Callbacks\PlayerQuitHandler.cs(2,7): error CS0246: The type or namespace name 'NUnit' could not be found (are you missing a using directive or an assembly reference?)
Library\PackageCache\com.unity.test-framework@80f691d4262b\UnityEngine.TestRunner\TestRunner\Callbacks\RemoteTestResultSender.cs(5,7): error CS0246: The type or namespace name 'NUnit' could not be found (are you missing a using directive or an assembly reference?)
Library\PackageCache\com.unity.test-framework@80f691d4262b\UnityEngine.TestRunner\TestRunner\Callbacks\TestResultRenderer.cs(4,7): error CS0246: The type or namespace name 'NUnit' could not be found (are you missing a using directive or an assembly reference?)
Library\PackageCache\com.unity.test-framework@80f691d4262b\UnityEngine.TestRunner\TestRunner\Callbacks\TestResultRenderer.cs(5,7): error CS0246: The type or namespace name 'NUnit' could not be found (are you missing a using directive or an assembly reference?)
Library\PackageCache\com.unity.test-framework@80f691d4262b\UnityEngine.TestRunner\TestRunner\Callbacks\TestResultRendererCallback.cs(2,7): error CS0246: The type or namespace name 'NUnit' could not be found (are you missing a using directive or an assembly reference?)
Library\PackageCache\com.unity.test-framework@80f691d4262b\UnityEngine.TestRunner\TestRunner\ITestRunnerListener.cs(2,7): error CS0246: The type or namespace name 'NUnit' could not be found (are you missing a using directive or an assembly reference?)
Library\PackageCache\com.unity.test-framework@80f691d4262b\UnityEngine.TestRunner\TestRunner\PlaymodeTestsControllerSettings.cs(3,7): error CS0246: The type or namespace name 'NUnit' could not be found (are you missing a using directive or an assembly reference?)
Library\PackageCache\com.unity.test-framework@80f691d4262b\UnityEngine.TestRunner\TestRunner\PlaymodeTestsControllerSettings.cs(4,7): error CS0246: The type or namespace name 'NUnit' could not be found (are you missing a using directive or an assembly reference?)
Library\PackageCache\com.unity.test-framework@80f691d4262b\UnityEngine.TestRunner\TestRunner\RemoteHelpers\IRemoteTestResultDataFactory.cs(2,7): error CS0246: The type or namespace name 'NUnit' could not be found (are you missing a using directive or an assembly reference?)
Library\PackageCache\com.unity.test-framework@80f691d4262b\UnityEngine.TestRunner\TestRunner\RemoteHelpers\RemoteTestData.cs(3,7): error CS0246: The type or namespace name 'NUnit' could not be found (are you missing a using directive or an assembly reference?)
Library\PackageCache\com.unity.test-framework@80f691d4262b\UnityEngine.TestRunner\TestRunner\RemoteHelpers\RemoteTestData.cs(4,7): error CS0246: The type or namespace name 'NUnit' could not be found (are you missing a using directive or an assembly reference?)
Library\PackageCache\com.unity.test-framework@80f691d4262b\UnityEngine.TestRunner\TestRunner\RemoteHelpers\RemoteTestResultData.cs(3,7): error CS0246: The type or namespace name 'NUnit' could not be found (are you missing a using directive or an assembly reference?)
Library\PackageCache\com.unity.test-framework@80f691d4262b\UnityEngine.TestRunner\TestRunner\RemoteHelpers\RemoteTestResultDataFactory.cs(4,7): error CS0246: The type or namespace name 'NUnit' could not be found (are you missing a using directive or an assembly reference?)
Library\PackageCache\com.unity.test-framework@80f691d4262b\UnityEngine.TestRunner\TestRunner\RuntimeTestRunnerFilter.cs(5,7): error CS0246: The type or namespace name 'NUnit' could not be found (are you missing a using directive or an assembly reference?)
Library\PackageCache\com.unity.test-framework@80f691d4262b\UnityEngine.TestRunner\TestRunner\RuntimeTestRunnerFilter.cs(6,7): error CS0246: The type or namespace name 'NUnit' could not be found (are you missing a using directive or an assembly reference?)
Library\PackageCache\com.unity.test-framework@80f691d4262b\UnityEngine.TestRunner\TestRunner\RuntimeTestRunnerFilter.cs(7,7): error CS0246: The type or namespace name 'NUnit' could not be found (are you missing a using directive or an assembly reference?)
Library\PackageCache\com.unity.test-framework@80f691d4262b\UnityEngine.TestRunner\TestRunner\SynchronousFilter.cs(5,7): error CS0246: The type or namespace name 'NUnit' could not be found (are you missing a using directive or an assembly reference?)
Library\PackageCache\com.unity.test-framework@80f691d4262b\UnityEngine.TestRunner\TestRunner\SynchronousFilter.cs(6,7): error CS0246: The type or namespace name 'NUnit' could not be found (are you missing a using directive or an assembly reference?)
Library\PackageCache\com.unity.test-framework@80f691d4262b\UnityEngine.TestRunner\TestRunner\TestEnumeratorWrapper.cs(4,7): error CS0246: The type or namespace name 'NUnit' could not be found (are you missing a using directive or an assembly reference?)
Library\PackageCache\com.unity.test-framework@80f691d4262b\UnityEngine.TestRunner\TestRunner\TestEnumeratorWrapper.cs(5,7): error CS0246: The type or namespace name 'NUnit' could not be found (are you missing a using directive or an assembly reference?)
Library\PackageCache\com.unity.test-framework@80f691d4262b\UnityEngine.TestRunner\TestRunner\TestEnumeratorWrapper.cs(6,7): error CS0246: The type or namespace name 'NUnit' could not be found (are you missing a using directive or an assembly reference?)
Library\PackageCache\com.unity.test-framework@80f691d4262b\UnityEngine.TestRunner\TestRunner\TestListenerWrapper.cs(2,7): error CS0246: The type or namespace name 'NUnit' could not be found (are you missing a using directive or an assembly reference?)
Library\PackageCache\com.unity.test-framework@80f691d4262b\UnityEngine.TestRunner\TestRunner\TestTaskWrapper.cs(6,7): error CS0246: The type or namespace name 'NUnit' could not be found (are you missing a using directive or an assembly reference?)
Library\PackageCache\com.unity.test-framework@80f691d4262b\UnityEngine.TestRunner\TestRunner\TestTaskWrapper.cs(7,7): error CS0246: The type or namespace name 'NUnit' could not be found (are you missing a using directive or an assembly reference?)
Library\PackageCache\com.unity.test-framework@80f691d4262b\UnityEngine.TestRunner\TestRunner\TestTaskWrapper.cs(8,7): error CS0246: The type or namespace name 'NUnit' could not be found (are you missing a using directive or an assembly reference?)
Library\PackageCache\com.unity.test-framework@80f691d4262b\UnityEngine.TestRunner\Utils\CoroutineRunner.cs(3,7): error CS0246: The type or namespace name 'NUnit' could not be found (are you missing a using directive or an assembly reference?)
Library\PackageCache\com.unity.test-framework@80f691d4262b\UnityEngine.TestRunner\Utils\IOuterUnityTestAction.cs(3,7): error CS0246: The type or namespace name 'NUnit' could not be found (are you missing a using directive or an assembly reference?)
Library\PackageCache\com.unity.test-framework@80f691d4262b\UnityEngine.TestRunner\Utils\ITestRunCallback.cs(2,7): error CS0246: The type or namespace name 'NUnit' could not be found (are you missing a using directive or an assembly reference?)
Library\PackageCache\com.unity.test-framework@80f691d4262b\UnityEngine.TestRunner\Utils\TestData.cs(3,7): error CS0246: The type or namespace name 'NUnit' could not be found (are you missing a using directive or an assembly reference?)
Library\PackageCache\com.unity.test-framework@80f691d4262b\UnityEngine.TestRunner\Utils\TestRunCallbackListener.cs(3,7): error CS0246: The type or namespace name 'NUnit' could not be found (are you missing a using directive or an assembly reference?)
Library\PackageCache\com.unity.test-framework@80f691d4262b\UnityEngine.TestRunner\Utils\ITestRunCallback.cs(15,25): error CS0246: The type or namespace name 'ITest' could not be found (are you missing a using directive or an assembly reference?)
Library\PackageCache\com.unity.test-framework@80f691d4262b\UnityEngine.TestRunner\TestRunner\RemoteHelpers\IRemoteTestResultDataFactory.cs(8,63): error CS0246: The type or namespace name 'ITestResult' could not be found (are you missing a using directive or an assembly reference?)
Library\PackageCache\com.unity.test-framework@80f691d4262b\UnityEngine.TestRunner\NUnitExtensions\Filters\AndFilterExtended.cs(9,40): error CS0246: The type or namespace name 'AndFilter' could not be found (are you missing a using directive or an assembly reference?)
Library\PackageCache\com.unity.test-framework@80f691d4262b\UnityEngine.TestRunner\NUnitExtensions\ITestSuiteModifier.cs(7,31): error CS0246: The type or namespace name 'TestSuite' could not be found (are you missing a using directive or an assembly reference?)
Library\PackageCache\com.unity.test-framework@80f691d4262b\UnityEngine.TestRunner\NUnitExtensions\ITestSuiteModifier.cs(7,9): error CS0246: The type or namespace name 'TestSuite' could not be found (are you missing a using directive or an assembly reference?)
Library\PackageCache\com.unity.test-framework@80f691d4262b\UnityEngine.TestRunner\TestRunner\RemoteHelpers\IRemoteTestResultDataFactory.cs(9,57): error CS0246: The type or namespace name 'ITest' could not be found (are you missing a using directive or an assembly reference?)
Library\PackageCache\com.unity.test-framework@80f691d4262b\UnityEngine.TestRunner\Utils\ITestRunCallback.cs(20,26): error CS0246: The type or namespace name 'ITestResult' could not be found (are you missing a using directive or an assembly reference?)
Library\PackageCache\com.unity.test-framework@80f691d4262b\UnityEngine.TestRunner\Assertions\AllocatingGCMemoryConstraint.cs(34,49): error CS0246: The type or namespace name 'Constraint' could not be found (are you missing a using directive or an assembly reference?)
Library\PackageCache\com.unity.test-framework@80f691d4262b\UnityEngine.TestRunner\Utils\ITestRunCallback.cs(25,26): error CS0246: The type or namespace name 'ITest' could not be found (are you missing a using directive or an assembly reference?)
Library\PackageCache\com.unity.test-framework@80f691d4262b\UnityEngine.TestRunner\Utils\ITestRunCallback.cs(30,27): error CS0246: The type or namespace name 'ITestResult' could not be found (are you missing a using directive or an assembly reference?)
Library\PackageCache\com.unity.test-framework@80f691d4262b\UnityEngine.TestRunner\TestRunner\RemoteHelpers\RemoteTestResultDataFactory.cs(11,70): error CS0246: The type or namespace name 'ITestResult' could not be found (are you missing a using directive or an assembly reference?)
Library\PackageCache\com.unity.test-framework@80f691d4262b\UnityEngine.TestRunner\NUnitExtensions\Filters\AssemblyNameFilter.cs(7,41): error CS0246: The type or namespace name 'ValueMatchFilter' could not be found (are you missing a using directive or an assembly reference?)
Library\PackageCache\com.unity.test-framework@80f691d4262b\UnityEngine.TestRunner\TestRunner\RemoteHelpers\RemoteTestResultDataFactory.cs(22,64): error CS0246: The type or namespace name 'ITest' could not be found (are you missing a using directive or an assembly reference?)
Library\PackageCache\com.unity.test-framework@80f691d4262b\UnityEngine.TestRunner\NUnitExtensions\Filters\AndFilterExtended.cs(11,41): error CS0246: The type or namespace name 'ITestFilter' could not be found (are you missing a using directive or an assembly reference?)
Library\PackageCache\com.unity.test-framework@80f691d4262b\UnityEngine.TestRunner\NUnitExtensions\Filters\AndFilterExtended.cs(13,46): error CS0246: The type or namespace name 'ITest' could not be found (are you missing a using directive or an assembly reference?)
Library\PackageCache\com.unity.test-framework@80f691d4262b\UnityEngine.TestRunner\NUnitExtensions\Filters\AssemblyNameFilter.cs(11,36): error CS0246: The type or namespace name 'ITest' could not be found (are you missing a using directive or an assembly reference?)
Library\PackageCache\com.unity.test-framework@80f691d4262b\UnityEngine.TestRunner\TestRunner\RemoteHelpers\RemoteTestData.cs(23,16): error CS0246: The type or namespace name 'RunState' could not be found (are you missing a using directive or an assembly reference?)
Library\PackageCache\com.unity.test-framework@80f691d4262b\UnityEngine.TestRunner\TestRunner\RemoteHelpers\RemoteTestResultData.cs(14,16): error CS0246: The type or namespace name 'TestStatus' could not be found (are you missing a using directive or an assembly reference?)
Library\PackageCache\com.unity.test-framework@80f691d4262b\UnityEngine.TestRunner\Assertions\AllocatingGCMemoryConstraint.cs(53,17): error CS0246: The type or namespace name 'ConstraintResult' could not be found (are you missing a using directive or an assembly reference?)
Library\PackageCache\com.unity.test-framework@80f691d4262b\UnityEngine.TestRunner\NUnitExtensions\Filters\NonExplicitFilter.cs(6,49): error CS0246: The type or namespace name 'TestFilter' could not be found (are you missing a using directive or an assembly reference?)
Library\PackageCache\com.unity.test-framework@80f691d4262b\UnityEngine.TestRunner\Utils\TestRunCallbackListener.cs(14,32): error CS0246: The type or namespace name 'ITest' could not be found (are you missing a using directive or an assembly reference?)
Library\PackageCache\com.unity.test-framework@80f691d4262b\UnityEngine.TestRunner\NUnitExtensions\Filters\CategoryFilterExtended.cs(11,45): error CS0246: The type or namespace name 'CategoryFilter' could not be found (are you missing a using directive or an assembly reference?)
Library\PackageCache\com.unity.test-framework@80f691d4262b\UnityEngine.TestRunner\TestRunner\RemoteHelpers\RemoteTestData.cs(31,33): error CS0246: The type or namespace name 'ITest' could not be found (are you missing a using directive or an assembly reference?)
Library\PackageCache\com.unity.test-framework@80f691d4262b\UnityEngine.TestRunner\Assertions\AllocatingGCMemoryConstraint.cs(90,25): error CS0246: The type or namespace name 'ConstraintResult' could not be found (are you missing a using directive or an assembly reference?)
Library\PackageCache\com.unity.test-framework@80f691d4262b\UnityEngine.TestRunner\TestRunner\RemoteHelpers\RemoteTestResultDataFactory.cs(36,53): error CS0246: The type or namespace name 'ITest' could not be found (are you missing a using directive or an assembly reference?)
Library\PackageCache\com.unity.test-framework@80f691d4262b\UnityEngine.TestRunner\TestRunner\RemoteHelpers\RemoteTestResultDataFactory.cs(44,72): error CS0246: The type or namespace name 'ITestResult' could not be found (are you missing a using directive or an assembly reference?)
Library\PackageCache\com.unity.test-framework@80f691d4262b\UnityEngine.TestRunner\TestRunner\RemoteHelpers\RemoteTestResultData.cs(30,39): error CS0246: The type or namespace name 'ITestResult' could not be found (are you missing a using directive or an assembly reference?)
Library\PackageCache\com.unity.test-framework@80f691d4262b\UnityEngine.TestRunner\Utils\TestRunCallbackListener.cs(52,33): error CS0246: The type or namespace name 'ITestResult' could not be found (are you missing a using directive or an assembly reference?)
Library\PackageCache\com.unity.test-framework@80f691d4262b\UnityEngine.TestRunner\Utils\TestRunCallbackListener.cs(57,33): error CS0246: The type or namespace name 'ITest' could not be found (are you missing a using directive or an assembly reference?)
Library\PackageCache\com.unity.test-framework@80f691d4262b\UnityEngine.TestRunner\Utils\TestRunCallbackListener.cs(62,34): error CS0246: The type or namespace name 'ITestResult' could not be found (are you missing a using directive or an assembly reference?)
Library\PackageCache\com.unity.test-framework@80f691d4262b\UnityEngine.TestRunner\TestRunner\ITestRunnerListener.cs(9,25): error CS0246: The type or namespace name 'ITest' could not be found (are you missing a using directive or an assembly reference?)
Library\PackageCache\com.unity.test-framework@80f691d4262b\UnityEngine.TestRunner\Assertions\AllocatingGCMemoryConstraint.cs(112,59): error CS0246: The type or namespace name 'ActualValueDelegate<>' could not be found (are you missing a using directive or an assembly reference?)
Library\PackageCache\com.unity.test-framework@80f691d4262b\UnityEngine.TestRunner\Assertions\AllocatingGCMemoryConstraint.cs(112,25): error CS0246: The type or namespace name 'ConstraintResult' could not be found (are you missing a using directive or an assembly reference?)
Library\PackageCache\com.unity.test-framework@80f691d4262b\UnityEngine.TestRunner\NUnitExtensions\Filters\EditorOnlyFilter.cs(16,36): error CS0246: The type or namespace name 'ITest' could not be found (are you missing a using directive or an assembly reference?)
Library\PackageCache\com.unity.test-framework@80f691d4262b\UnityEngine.TestRunner\NUnitExtensions\Filters\CategoryFilterExtended.cs(19,36): error CS0246: The type or namespace name 'ITest' could not be found (are you missing a using directive or an assembly reference?)
Library\PackageCache\com.unity.test-framework@80f691d4262b\UnityEngine.TestRunner\Assertions\AllocatingGCMemoryConstraint.cs(36,50): error CS0246: The type or namespace name 'ConstraintResult' could not be found (are you missing a using directive or an assembly reference?)
Library\PackageCache\com.unity.test-framework@80f691d4262b\UnityEngine.TestRunner\NUnitExtensions\OrderedTestSuiteModifier.cs(23,38): error CS0246: The type or namespace name 'TestSuite' could not be found (are you missing a using directive or an assembly reference?)
Library\PackageCache\com.unity.test-framework@80f691d4262b\UnityEngine.TestRunner\NUnitExtensions\OrderedTestSuiteModifier.cs(23,16): error CS0246: The type or namespace name 'TestSuite' could not be found (are you missing a using directive or an assembly reference?)
Library\PackageCache\com.unity.test-framework@80f691d4262b\UnityEngine.TestRunner\NUnitExtensions\Filters\EditorOnlyFilter.cs(32,40): error CS0246: The type or namespace name 'TNode' could not be found (are you missing a using directive or an assembly reference?)
Library\PackageCache\com.unity.test-framework@80f691d4262b\UnityEngine.TestRunner\NUnitExtensions\Filters\EditorOnlyFilter.cs(32,25): error CS0246: The type or namespace name 'TNode' could not be found (are you missing a using directive or an assembly reference?)
Library\PackageCache\com.unity.test-framework@80f691d4262b\UnityEngine.TestRunner\NUnitExtensions\OrderedTestSuiteModifier.cs(75,60): error CS0246: The type or namespace name 'ITest' could not be found (are you missing a using directive or an assembly reference?)
Library\PackageCache\com.unity.test-framework@80f691d4262b\UnityEngine.TestRunner\NUnitExtensions\Filters\EditorOnlyFilter.cs(37,48): error CS0246: The type or namespace name 'ITest' could not be found (are you missing a using directive or an assembly reference?)
Library\PackageCache\com.unity.test-framework@80f691d4262b\UnityEngine.TestRunner\Assertions\AllocatingGCMemoryConstraint.cs(39,45): error CS0246: The type or namespace name 'IConstraint' could not be found (are you missing a using directive or an assembly reference?)
Library\PackageCache\com.unity.test-framework@80f691d4262b\UnityEngine.TestRunner\NUnitExtensions\OrderedTestSuiteModifier.cs(81,60): error CS0246: The type or namespace name 'ITest' could not be found (are you missing a using directive or an assembly reference?)
Library\PackageCache\com.unity.test-framework@80f691d4262b\UnityEngine.TestRunner\Assertions\AllocatingGCMemoryConstraint.cs(44,49): error CS0246: The type or namespace name 'MessageWriter' could not be found (are you missing a using directive or an assembly reference?)
Library\PackageCache\com.unity.test-framework@80f691d4262b\UnityEngine.TestRunner\TestRunner\ITestRunnerListener.cs(10,26): error CS0246: The type or namespace name 'ITestResult' could not be found (are you missing a using directive or an assembly reference?)
Library\PackageCache\com.unity.test-framework@80f691d4262b\UnityEngine.TestRunner\TestRunner\ITestRunnerListener.cs(11,26): error CS0246: The type or namespace name 'ITest' could not be found (are you missing a using directive or an assembly reference?)
Library\PackageCache\com.unity.test-framework@80f691d4262b\UnityEngine.TestRunner\NUnitExtensions\OrderedTestSuiteModifier.cs(98,89): error CS0246: The type or namespace name 'ITest' could not be found (are you missing a using directive or an assembly reference?)
Library\PackageCache\com.unity.test-framework@80f691d4262b\UnityEngine.TestRunner\NUnitExtensions\OrderedTestSuiteModifier.cs(98,106): error CS0246: The type or namespace name 'ITest' could not be found (are you missing a using directive or an assembly reference?)
Library\PackageCache\com.unity.test-framework@80f691d4262b\UnityEngine.TestRunner\NUnitExtensions\OrderedTestSuiteModifier.cs(98,29): error CS0246: The type or namespace name 'ITest' could not be found (are you missing a using directive or an assembly reference?)
Library\PackageCache\com.unity.test-framework@80f691d4262b\UnityEngine.TestRunner\TestRunner\ITestRunnerListener.cs(12,27): error CS0246: The type or namespace name 'ITestResult' could not be found (are you missing a using directive or an assembly reference?)
Library\PackageCache\com.unity.test-framework@80f691d4262b\UnityEngine.TestRunner\NUnitExtensions\OrderedTestSuiteModifier.cs(126,53): error CS0246: The type or namespace name 'ITest' could not be found (are you missing a using directive or an assembly reference?)
Library\PackageCache\com.unity.test-framework@80f691d4262b\UnityEngine.TestRunner\NUnitExtensions\OrderedTestSuiteModifier.cs(126,83): error CS0246: The type or namespace name 'ITest' could not be found (are you missing a using directive or an assembly reference?)
Library\PackageCache\com.unity.test-framework@80f691d4262b\UnityEngine.TestRunner\NUnitExtensions\Filters\FullNameFilter.cs(6,37): error CS0246: The type or namespace name 'NUnit' could not be found (are you missing a using directive or an assembly reference?)
Library\PackageCache\com.unity.test-framework@80f691d4262b\UnityEngine.TestRunner\NUnitExtensions\OrderedTestSuiteModifier.cs(131,39): error CS0246: The type or namespace name 'ITest' could not be found (are you missing a using directive or an assembly reference?)
Library\PackageCache\com.unity.test-framework@80f691d4262b\UnityEngine.TestRunner\NUnitExtensions\OrderedTestSuiteModifier.cs(131,24): error CS0246: The type or namespace name 'Test' could not be found (are you missing a using directive or an assembly reference?)
Library\PackageCache\com.unity.test-framework@80f691d4262b\UnityEngine.TestRunner\NUnitExtensions\Filters\FullNameFilter.cs(12,36): error CS0246: The type or namespace name 'ITest' could not be found (are you missing a using directive or an assembly reference?)
Library\PackageCache\com.unity.test-framework@80f691d4262b\UnityEngine.TestRunner\NUnitExtensions\OrderedTestSuiteModifier.cs(183,45): error CS0246: The type or namespace name 'ITest' could not be found (are you missing a using directive or an assembly reference?)
Library\PackageCache\com.unity.test-framework@80f691d4262b\UnityEngine.TestRunner\NUnitExtensions\OrderedTestSuiteModifier.cs(183,59): error CS0246: The type or namespace name 'ITest' could not be found (are you missing a using directive or an assembly reference?)
Library\PackageCache\com.unity.test-framework@80f691d4262b\UnityEngine.TestRunner\NUnitExtensions\OrderedTestSuiteModifier.cs(200,53): error CS0246: The type or namespace name 'ITest' could not be found (are you missing a using directive or an assembly reference?)
Library\PackageCache\com.unity.test-framework@80f691d4262b\UnityEngine.TestRunner\NUnitExtensions\OrderedTestSuiteModifier.cs(200,29): error CS0246: The type or namespace name 'ITest' could not be found (are you missing a using directive or an assembly reference?)
Library\PackageCache\com.unity.test-framework@80f691d4262b\UnityEngine.TestRunner\Assertions\ConstraintsExtensions.cs(17,76): error CS0246: The type or namespace name 'ConstraintExpression' could not be found (are you missing a using directive or an assembly reference?)
Library\PackageCache\com.unity.test-framework@80f691d4262b\UnityEngine.TestRunner\Assertions\Is.cs(10,23): error CS0246: The type or namespace name 'NUnit' could not be found (are you missing a using directive or an assembly reference?)
Library\PackageCache\com.unity.test-framework@80f691d4262b\UnityEngine.TestRunner\NUnitExtensions\OrderedTestSuiteModifier.cs(212,52): error CS0246: The type or namespace name 'ITest' could not be found (are you missing a using directive or an assembly reference?)
Library\PackageCache\com.unity.test-framework@80f691d4262b\UnityEngine.TestRunner\NUnitExtensions\OrderedTestSuiteModifier.cs(238,39): error CS0246: The type or namespace name 'ITest' could not be found (are you missing a using directive or an assembly reference?)
Library\PackageCache\com.unity.test-framework@80f691d4262b\UnityEngine.TestRunner\NUnitExtensions\OrderedTestSuiteModifier.cs(238,24): error CS0246: The type or namespace name 'ITest' could not be found (are you missing a using directive or an assembly reference?)
Library\PackageCache\com.unity.test-framework@80f691d4262b\UnityEngine.TestRunner\Assertions\InvalidSignatureException.cs(7,48): error CS0246: The type or namespace name 'ResultStateException' could not be found (are you missing a using directive or an assembly reference?)
Library\PackageCache\com.unity.test-framework@80f691d4262b\UnityEngine.TestRunner\NUnitExtensions\Attributes\PreservedValuesAttribute.cs(12,45): error CS0246: The type or namespace name 'ValuesAttribute' could not be found (are you missing a using directive or an assembly reference?)
Library\PackageCache\com.unity.test-framework@80f691d4262b\UnityEngine.TestRunner\Assertions\InvalidSignatureException.cs(14,25): error CS0246: The type or namespace name 'ResultState' could not be found (are you missing a using directive or an assembly reference?)
Library\PackageCache\com.unity.test-framework@80f691d4262b\UnityEngine.TestRunner\NUnitExtensions\TestExtensions.cs(13,62): error CS0246: The type or namespace name 'ITest' could not be found (are you missing a using directive or an assembly reference?)
Library\PackageCache\com.unity.test-framework@80f691d4262b\UnityEngine.TestRunner\NUnitExtensions\TestResultExtensions.cs(11,57): error CS0246: The type or namespace name 'TestResult' could not be found (are you missing a using directive or an assembly reference?)
Library\PackageCache\com.unity.test-framework@80f691d4262b\UnityEngine.TestRunner\NUnitExtensions\TestResultExtensions.cs(11,109): error CS0246: The type or namespace name 'ResultState' could not be found (are you missing a using directive or an assembly reference?)
Library\PackageCache\com.unity.test-framework@80f691d4262b\UnityEngine.TestRunner\Assertions\OutOfOrderExpectedLogMessageException.cs(8,60): error CS0246: The type or namespace name 'ResultStateException' could not be found (are you missing a using directive or an assembly reference?)
Library\PackageCache\com.unity.test-framework@80f691d4262b\UnityEngine.TestRunner\NUnitExtensions\TestExtensions.cs(24,66): error CS0246: The type or namespace name 'ITest' could not be found (are you missing a using directive or an assembly reference?)
Library\PackageCache\com.unity.test-framework@80f691d4262b\UnityEngine.TestRunner\NUnitExtensions\TestResultExtensions.cs(54,53): error CS0246: The type or namespace name 'TestResult' could not be found (are you missing a using directive or an assembly reference?)
Library\PackageCache\com.unity.test-framework@80f691d4262b\UnityEngine.TestRunner\NUnitExtensions\TestResultExtensions.cs(54,105): error CS0246: The type or namespace name 'ResultState' could not be found (are you missing a using directive or an assembly reference?)
Library\PackageCache\com.unity.test-framework@80f691d4262b\UnityEngine.TestRunner\Assertions\OutOfOrderExpectedLogMessageException.cs(20,25): error CS0246: The type or namespace name 'ResultState' could not be found (are you missing a using directive or an assembly reference?)
Library\PackageCache\com.unity.test-framework@80f691d4262b\UnityEngine.TestRunner\NUnitExtensions\TestExtensions.cs(38,56): error CS0246: The type or namespace name 'ITest' could not be found (are you missing a using directive or an assembly reference?)
Library\PackageCache\com.unity.test-framework@80f691d4262b\UnityEngine.TestRunner\NUnitExtensions\Runner\CompositeWorkItem.cs(276,34): error CS0246: The type or namespace name 'ResultState' could not be found (are you missing a using directive or an assembly reference?)
Library\PackageCache\com.unity.test-framework@80f691d4262b\UnityEngine.TestRunner\NUnitExtensions\Runner\CoroutineTestWorkItem.cs(14,17): error CS0246: The type or namespace name 'TestCommand' could not be found (are you missing a using directive or an assembly reference?)
Library\PackageCache\com.unity.test-framework@80f691d4262b\UnityEngine.TestRunner\NUnitExtensions\Attributes\TestEnumerator.cs(10,26): error CS0246: The type or namespace name 'ITestExecutionContext' could not be found (are you missing a using directive or an assembly reference?)
Library\PackageCache\com.unity.test-framework@80f691d4262b\UnityEngine.TestRunner\NUnitExtensions\TestExtensions.cs(59,60): error CS0246: The type or namespace name 'ITest' could not be found (are you missing a using directive or an assembly reference?)
Library\PackageCache\com.unity.test-framework@80f691d4262b\UnityEngine.TestRunner\Assertions\UnexpectedLogMessageException.cs(8,52): error CS0246: The type or namespace name 'ResultStateException' could not be found (are you missing a using directive or an assembly reference?)
Library\PackageCache\com.unity.test-framework@80f691d4262b\UnityEngine.TestRunner\NUnitExtensions\Attributes\TestEnumerator.cs(28,31): error CS0246: The type or namespace name 'ITestExecutionContext' could not be found (are you missing a using directive or an assembly reference?)
Library\PackageCache\com.unity.test-framework@80f691d4262b\UnityEngine.TestRunner\NUnitExtensions\Attributes\ParametrizedIgnoreAttribute.cs(52,48): error CS0246: The type or namespace name 'NUnitAttribute' could not be found (are you missing a using directive or an assembly reference?)
Library\PackageCache\com.unity.test-framework@80f691d4262b\UnityEngine.TestRunner\NUnitExtensions\Attributes\ParametrizedIgnoreAttribute.cs(52,64): error CS0246: The type or namespace name 'IWrapTestMethod' could not be found (are you missing a using directive or an assembly reference?)
Library\PackageCache\com.unity.test-framework@80f691d4262b\UnityEngine.TestRunner\NUnitExtensions\TestExtensions.cs(68,46): error CS0246: The type or namespace name 'ITest' could not be found (are you missing a using directive or an assembly reference?)
Library\PackageCache\com.unity.test-framework@80f691d4262b\UnityEngine.TestRunner\NUnitExtensions\Runner\CoroutineTestWorkItem.cs(37,38): error CS0246: The type or namespace name 'TestMethod' could not be found (are you missing a using directive or an assembly reference?)
Library\PackageCache\com.unity.test-framework@80f691d4262b\UnityEngine.TestRunner\NUnitExtensions\Runner\CoroutineTestWorkItem.cs(37,55): error CS0246: The type or namespace name 'ITestFilter' could not be found (are you missing a using directive or an assembly reference?)
Library\PackageCache\com.unity.test-framework@80f691d4262b\UnityEngine.TestRunner\Assertions\UnexpectedLogMessageException.cs(23,25): error CS0246: The type or namespace name 'ResultState' could not be found (are you missing a using directive or an assembly reference?)
Library\PackageCache\com.unity.test-framework@80f691d4262b\UnityEngine.TestRunner\NUnitExtensions\Attributes\TestEnumerator.cs(76,30): error CS0246: The type or namespace name 'ITestExecutionContext' could not be found (are you missing a using directive or an assembly reference?)
Library\PackageCache\com.unity.test-framework@80f691d4262b\UnityEngine.TestRunner\NUnitExtensions\Runner\CompositeWorkItem.cs(282,35): error CS0246: The type or namespace name 'TestSuite' could not be found (are you missing a using directive or an assembly reference?)
Library\PackageCache\com.unity.test-framework@80f691d4262b\UnityEngine.TestRunner\NUnitExtensions\Runner\CompositeWorkItem.cs(282,52): error CS0246: The type or namespace name 'ResultState' could not be found (are you missing a using directive or an assembly reference?)
Library\PackageCache\com.unity.test-framework@80f691d4262b\UnityEngine.TestRunner\NUnitExtensions\Attributes\TestEnumerator.cs(78,38): error CS0246: The type or namespace name 'ITestExecutionContext' could not be found (are you missing a using directive or an assembly reference?)
Library\PackageCache\com.unity.test-framework@80f691d4262b\UnityEngine.TestRunner\NUnitExtensions\TestExtensions.cs(74,47): error CS0246: The type or namespace name 'ITest' could not be found (are you missing a using directive or an assembly reference?)
Library\PackageCache\com.unity.test-framework@80f691d4262b\UnityEngine.TestRunner\NUnitExtensions\Runner\UnityWorkItem.cs(25,16): error CS0246: The type or namespace name 'Test' could not be found (are you missing a using directive or an assembly reference?)
Library\PackageCache\com.unity.test-framework@80f691d4262b\UnityEngine.TestRunner\NUnitExtensions\Runner\CompositeWorkItem.cs(306,49): error CS0246: The type or namespace name 'Test' could not be found (are you missing a using directive or an assembly reference?)
Library\PackageCache\com.unity.test-framework@80f691d4262b\UnityEngine.TestRunner\Assertions\UnhandledLogMessageException.cs(9,51): error CS0246: The type or namespace name 'ResultStateException' could not be found (are you missing a using directive or an assembly reference?)
Library\PackageCache\com.unity.test-framework@80f691d4262b\UnityEngine.TestRunner\NUnitExtensions\TestExtensions.cs(80,47): error CS0246: The type or namespace name 'ITest' could not be found (are you missing a using directive or an assembly reference?)
Library\PackageCache\com.unity.test-framework@80f691d4262b\UnityEngine.TestRunner\NUnitExtensions\Runner\DefaultTestWorkItem.cs(25,17): error CS0246: The type or namespace name 'TestCommand' could not be found (are you missing a using directive or an assembly reference?)
Library\PackageCache\com.unity.test-framework@80f691d4262b\UnityEngine.TestRunner\NUnitExtensions\Runner\UnityWorkItem.cs(27,16): error CS0246: The type or namespace name 'TestResult' could not be found (are you missing a using directive or an assembly reference?)
Library\PackageCache\com.unity.test-framework@80f691d4262b\UnityEngine.TestRunner\Assertions\UnhandledLogMessageException.cs(26,25): error CS0246: The type or namespace name 'ResultState' could not be found (are you missing a using directive or an assembly reference?)
Library\PackageCache\com.unity.test-framework@80f691d4262b\UnityEngine.TestRunner\NUnitExtensions\TestExtensions.cs(101,49): error CS0246: The type or namespace name 'ITest' could not be found (are you missing a using directive or an assembly reference?)
Library\PackageCache\com.unity.test-framework@80f691d4262b\UnityEngine.TestRunner\NUnitExtensions\Runner\UnityWorkItem.cs(29,16): error CS0246: The type or namespace name 'WorkItemState' could not be found (are you missing a using directive or an assembly reference?)
Library\PackageCache\com.unity.test-framework@80f691d4262b\UnityEngine.TestRunner\NUnitExtensions\Attributes\ParametrizedIgnoreAttribute.cs(51,6): error CS0641: Attribute 'AttributeUsage' is only valid on classes derived from System.Attribute
Library\PackageCache\com.unity.test-framework@80f691d4262b\UnityEngine.TestRunner\NUnitExtensions\Runner\CompositeWorkItem.cs(19,26): error CS0246: The type or namespace name 'TestSuite' could not be found (are you missing a using directive or an assembly reference?)
Library\PackageCache\com.unity.test-framework@80f691d4262b\UnityEngine.TestRunner\NUnitExtensions\Runner\DefaultTestWorkItem.cs(26,36): error CS0246: The type or namespace name 'TestMethod' could not be found (are you missing a using directive or an assembly reference?)
Library\PackageCache\com.unity.test-framework@80f691d4262b\UnityEngine.TestRunner\NUnitExtensions\Runner\DefaultTestWorkItem.cs(26,53): error CS0246: The type or namespace name 'ITestFilter' could not be found (are you missing a using directive or an assembly reference?)
Library\PackageCache\com.unity.test-framework@80f691d4262b\UnityEngine.TestRunner\NUnitExtensions\TestExtensions.cs(117,50): error CS0246: The type or namespace name 'ITest' could not be found (are you missing a using directive or an assembly reference?)
Library\PackageCache\com.unity.test-framework@80f691d4262b\UnityEngine.TestRunner\Assertions\UnityTestTimeoutException.cs(7,48): error CS0246: The type or namespace name 'ResultStateException' could not be found (are you missing a using directive or an assembly reference?)
Library\PackageCache\com.unity.test-framework@80f691d4262b\UnityEngine.TestRunner\NUnitExtensions\Runner\UnityWorkItem.cs(31,21): error CS0246: The type or namespace name 'ITestAction' could not be found (are you missing a using directive or an assembly reference?)
Library\PackageCache\com.unity.test-framework@80f691d4262b\UnityEngine.TestRunner\Assertions\UnityTestTimeoutException.cs(19,25): error CS0246: The type or namespace name 'ResultState' could not be found (are you missing a using directive or an assembly reference?)
Library\PackageCache\com.unity.test-framework@80f691d4262b\UnityEngine.TestRunner\NUnitExtensions\Attributes\ParametrizedIgnoreAttribute.cs(77,33): error CS0246: The type or namespace name 'TestCommand' could not be found (are you missing a using directive or an assembly reference?)
Library\PackageCache\com.unity.test-framework@80f691d4262b\UnityEngine.TestRunner\NUnitExtensions\Attributes\ParametrizedIgnoreAttribute.cs(77,16): error CS0246: The type or namespace name 'TestCommand' could not be found (are you missing a using directive or an assembly reference?)
Library\PackageCache\com.unity.test-framework@80f691d4262b\UnityEngine.TestRunner\NUnitExtensions\TestExtensions.cs(127,51): error CS0246: The type or namespace name 'ITest' could not be found (are you missing a using directive or an assembly reference?)
Library\PackageCache\com.unity.test-framework@80f691d4262b\UnityEngine.TestRunner\NUnitExtensions\Runner\FailCommand.cs(9,34): error CS0246: The type or namespace name 'TestCommand' could not be found (are you missing a using directive or an assembly reference?)
Library\PackageCache\com.unity.test-framework@80f691d4262b\UnityEngine.TestRunner\NUnitExtensions\Runner\CompositeWorkItem.cs(20,26): error CS0246: The type or namespace name 'TestSuiteResult' could not be found (are you missing a using directive or an assembly reference?)
Library\PackageCache\com.unity.test-framework@80f691d4262b\UnityEngine.TestRunner\NUnitExtensions\TestExtensions.cs(137,47): error CS0246: The type or namespace name 'ITest' could not be found (are you missing a using directive or an assembly reference?)
Library\PackageCache\com.unity.test-framework@80f691d4262b\UnityEngine.TestRunner\NUnitExtensions\Runner\IEnumerableTestMethodCommand.cs(17,39): error CS0246: The type or namespace name 'ITestExecutionContext' could not be found (are you missing a using directive or an assembly reference?)
Library\PackageCache\com.unity.test-framework@80f691d4262b\UnityEngine.TestRunner\NUnitExtensions\Attributes\UnityCombinatorialStrategy.cs(9,49): error CS0246: The type or namespace name 'CombinatorialStrategy' could not be found (are you missing a using directive or an assembly reference?)
Library\PackageCache\com.unity.test-framework@80f691d4262b\UnityEngine.TestRunner\NUnitExtensions\Attributes\UnityCombinatorialStrategy.cs(9,72): error CS0246: The type or namespace name 'ICombiningStrategy' could not be found (are you missing a using directive or an assembly reference?)
Library\PackageCache\com.unity.test-framework@80f691d4262b\UnityEngine.TestRunner\NUnitExtensions\Runner\ITestCommandWrapper.cs(22,25): error CS0246: The type or namespace name 'TestMethod' could not be found (are you missing a using directive or an assembly reference?)
Library\PackageCache\com.unity.test-framework@80f691d4262b\UnityEngine.TestRunner\NUnitExtensions\Runner\ITestCommandWrapper.cs(28,26): error CS0246: The type or namespace name 'TestCommand' could not be found (are you missing a using directive or an assembly reference?)
Library\PackageCache\com.unity.test-framework@80f691d4262b\UnityEngine.TestRunner\NUnitExtensions\Runner\ITestCommandWrapper.cs(28,9): error CS0246: The type or namespace name 'TestCommand' could not be found (are you missing a using directive or an assembly reference?)
Library\PackageCache\com.unity.test-framework@80f691d4262b\UnityEngine.TestRunner\NUnitExtensions\Runner\FailCommand.cs(21,44): error CS0246: The type or namespace name 'ITestExecutionContext' could not be found (are you missing a using directive or an assembly reference?)
Library\PackageCache\com.unity.test-framework@80f691d4262b\UnityEngine.TestRunner\NUnitExtensions\Runner\FailCommand.cs(21,25): error CS0246: The type or namespace name 'TestResult' could not be found (are you missing a using directive or an assembly reference?)
Library\PackageCache\com.unity.test-framework@80f691d4262b\UnityEngine.TestRunner\NUnitExtensions\TestExtensions.cs(154,61): error CS0246: The type or namespace name 'ITest' could not be found (are you missing a using directive or an assembly reference?)
Library\PackageCache\com.unity.test-framework@80f691d4262b\UnityEngine.TestRunner\NUnitExtensions\Runner\FailCommand.cs(27,46): error CS0246: The type or namespace name 'ITestExecutionContext' could not be found (are you missing a using directive or an assembly reference?)
Library\PackageCache\com.unity.test-framework@80f691d4262b\UnityEngine.TestRunner\NUnitExtensions\TestExtensions.cs(169,45): error CS0246: The type or namespace name 'ITest' could not be found (are you missing a using directive or an assembly reference?)
Library\PackageCache\com.unity.test-framework@80f691d4262b\UnityEngine.TestRunner\NUnitExtensions\Runner\FailCommand.cs(11,17): error CS0246: The type or namespace name 'ResultState' could not be found (are you missing a using directive or an assembly reference?)
Library\PackageCache\com.unity.test-framework@80f691d4262b\UnityEngine.TestRunner\NUnitExtensions\TestExtensions.cs(174,49): error CS0246: The type or namespace name 'ITest' could not be found (are you missing a using directive or an assembly reference?)
Library\PackageCache\com.unity.test-framework@80f691d4262b\UnityEngine.TestRunner\NUnitExtensions\Attributes\UnityCoreClrExplicitDisabledAttribute.cs(41,58): error CS0246: The type or namespace name 'NUnitAttribute' could not be found (are you missing a using directive or an assembly reference?)
Library\PackageCache\com.unity.test-framework@80f691d4262b\UnityEngine.TestRunner\NUnitExtensions\Attributes\UnityCoreClrExplicitDisabledAttribute.cs(41,74): error CS0246: The type or namespace name 'IApplyToTest' could not be found (are you missing a using directive or an assembly reference?)
Library\PackageCache\com.unity.test-framework@80f691d4262b\UnityEngine.TestRunner\NUnitExtensions\Runner\FailCommand.cs(14,28): error CS0246: The type or namespace name 'Test' could not be found (are you missing a using directive or an assembly reference?)
Library\PackageCache\com.unity.test-framework@80f691d4262b\UnityEngine.TestRunner\NUnitExtensions\Runner\FailCommand.cs(14,39): error CS0246: The type or namespace name 'ResultState' could not be found (are you missing a using directive or an assembly reference?)
Library\PackageCache\com.unity.test-framework@80f691d4262b\UnityEngine.TestRunner\NUnitExtensions\Runner\WorkItemFactory.cs(27,49): error CS0246: The type or namespace name 'TestMethod' could not be found (are you missing a using directive or an assembly reference?)
Library\PackageCache\com.unity.test-framework@80f691d4262b\UnityEngine.TestRunner\NUnitExtensions\Runner\WorkItemFactory.cs(27,68): error CS0246: The type or namespace name 'ITestFilter' could not be found (are you missing a using directive or an assembly reference?)
Library\PackageCache\com.unity.test-framework@80f691d4262b\UnityEngine.TestRunner\NUnitExtensions\Runner\WorkItemFactory.cs(27,88): error CS0246: The type or namespace name 'ITest' could not be found (are you missing a using directive or an assembly reference?)
Library\PackageCache\com.unity.test-framework@80f691d4262b\UnityEngine.TestRunner\NUnitExtensions\Runner\PlaymodeWorkItemFactory.cs(9,49): error CS0246: The type or namespace name 'TestMethod' could not be found (are you missing a using directive or an assembly reference?)
Library\PackageCache\com.unity.test-framework@80f691d4262b\UnityEngine.TestRunner\NUnitExtensions\Runner\PlaymodeWorkItemFactory.cs(9,68): error CS0246: The type or namespace name 'ITestFilter' could not be found (are you missing a using directive or an assembly reference?)
Library\PackageCache\com.unity.test-framework@80f691d4262b\UnityEngine.TestRunner\NUnitExtensions\Runner\PlaymodeWorkItemFactory.cs(9,88): error CS0246: The type or namespace name 'ITest' could not be found (are you missing a using directive or an assembly reference?)
Library\PackageCache\com.unity.test-framework@80f691d4262b\UnityEngine.TestRunner\NUnitExtensions\TestExtensions.cs(182,47): error CS0246: The type or namespace name 'ITest' could not be found (are you missing a using directive or an assembly reference?)
Library\PackageCache\com.unity.test-framework@80f691d4262b\UnityEngine.TestRunner\NUnitExtensions\Runner\CompositeWorkItem.cs(21,26): error CS0246: The type or namespace name 'ITestFilter' could not be found (are you missing a using directive or an assembly reference?)
Library\PackageCache\com.unity.test-framework@80f691d4262b\UnityEngine.TestRunner\NUnitExtensions\Runner\TestCommandBuilder.cs(17,52): error CS0246: The type or namespace name 'TestMethod' could not be found (are you missing a using directive or an assembly reference?)
Library\PackageCache\com.unity.test-framework@80f691d4262b\UnityEngine.TestRunner\NUnitExtensions\Runner\TestCommandBuilder.cs(17,69): error CS0246: The type or namespace name 'ITestFilter' could not be found (are you missing a using directive or an assembly reference?)
Library\PackageCache\com.unity.test-framework@80f691d4262b\UnityEngine.TestRunner\NUnitExtensions\Runner\TestCommandBuilder.cs(17,23): error CS0246: The type or namespace name 'TestCommand' could not be found (are you missing a using directive or an assembly reference?)
Library\PackageCache\com.unity.test-framework@80f691d4262b\UnityEngine.TestRunner\NUnitExtensions\Attributes\UnityCombinatorialStrategy.cs(11,32): error CS0246: The type or namespace name 'ITestCaseData' could not be found (are you missing a using directive or an assembly reference?)
Library\PackageCache\com.unity.test-framework@80f691d4262b\UnityEngine.TestRunner\NUnitExtensions\TestExtensions.cs(190,53): error CS0246: The type or namespace name 'ITest' could not be found (are you missing a using directive or an assembly reference?)
Library\PackageCache\com.unity.test-framework@80f691d4262b\UnityEngine.TestRunner\NUnitExtensions\Attributes\UnityOneTimeTearDownAttribute.cs(226,50): error CS0246: The type or namespace name 'NUnitAttribute' could not be found (are you missing a using directive or an assembly reference?)
Library\PackageCache\com.unity.test-framework@80f691d4262b\UnityEngine.TestRunner\NUnitExtensions\TestExtensions.cs(198,55): error CS0246: The type or namespace name 'ITest' could not be found (are you missing a using directive or an assembly reference?)
Library\PackageCache\com.unity.test-framework@80f691d4262b\UnityEngine.TestRunner\NUnitExtensions\Attributes\UnityOneTimeTearDownAttribute.cs(225,6): error CS0641: Attribute 'AttributeUsage' is only valid on classes derived from System.Attribute
Library\PackageCache\com.unity.test-framework@80f691d4262b\UnityEngine.TestRunner\NUnitExtensions\Runner\CompositeWorkItem.cs(23,17): error CS0246: The type or namespace name 'TestCommand' could not be found (are you missing a using directive or an assembly reference?)
Library\PackageCache\com.unity.test-framework@80f691d4262b\UnityEngine.TestRunner\NUnitExtensions\Runner\TestCommandBuilder.cs(131,50): error CS0246: The type or namespace name 'TestMethod' could not be found (are you missing a using directive or an assembly reference?)
Library\PackageCache\com.unity.test-framework@80f691d4262b\UnityEngine.TestRunner\NUnitExtensions\Runner\UnityTestAssemblyRunner.cs(17,9): error CS0246: The type or namespace name 'ITest' could not be found (are you missing a using directive or an assembly reference?)
Library\PackageCache\com.unity.test-framework@80f691d4262b\UnityEngine.TestRunner\NUnitExtensions\Runner\CompositeWorkItem.cs(24,17): error CS0246: The type or namespace name 'TestCommand' could not be found (are you missing a using directive or an assembly reference?)
Library\PackageCache\com.unity.test-framework@80f691d4262b\UnityEngine.TestRunner\NUnitExtensions\Attributes\UnityPlatformAttribute.cs(40,43): error CS0246: The type or namespace name 'NUnitAttribute' could not be found (are you missing a using directive or an assembly reference?)
Library\PackageCache\com.unity.test-framework@80f691d4262b\UnityEngine.TestRunner\NUnitExtensions\Attributes\UnityPlatformAttribute.cs(40,59): error CS0246: The type or namespace name 'IApplyToTest' could not be found (are you missing a using directive or an assembly reference?)
Library\PackageCache\com.unity.test-framework@80f691d4262b\UnityEngine.TestRunner\NUnitExtensions\Runner\UnityTestAssemblyRunner.cs(18,9): error CS0246: The type or namespace name 'ITestResult' could not be found (are you missing a using directive or an assembly reference?)
Library\PackageCache\com.unity.test-framework@80f691d4262b\UnityEngine.TestRunner\NUnitExtensions\Runner\TestCommandBuilder.cs(140,68): error CS0246: The type or namespace name 'TestCommand' could not be found (are you missing a using directive or an assembly reference?)
Library\PackageCache\com.unity.test-framework@80f691d4262b\UnityEngine.TestRunner\NUnitExtensions\Runner\TestCommandBuilder.cs(140,24): error CS0246: The type or namespace name 'TestCommand' could not be found (are you missing a using directive or an assembly reference?)
Library\PackageCache\com.unity.test-framework@80f691d4262b\UnityEngine.TestRunner\NUnitExtensions\Attributes\UnitySetUpAttribute.cs(226,40): error CS0246: The type or namespace name 'NUnitAttribute' could not be found (are you missing a using directive or an assembly reference?)
Library\PackageCache\com.unity.test-framework@80f691d4262b\UnityEngine.TestRunner\TestRunner\Callbacks\PlayModeRunnerCallback.cs(12,33): error CS0246: The type or namespace name 'ITestResult' could not be found (are you missing a using directive or an assembly reference?)
Library\PackageCache\com.unity.test-framework@80f691d4262b\UnityEngine.TestRunner\NUnitExtensions\Attributes\UnitySetUpAttribute.cs(225,6): error CS0641: Attribute 'AttributeUsage' is only valid on classes derived from System.Attribute
Library\PackageCache\com.unity.test-framework@80f691d4262b\UnityEngine.TestRunner\TestRunner\Callbacks\PlayModeRunnerCallback.cs(23,34): error CS0246: The type or namespace name 'ITestResult' could not be found (are you missing a using directive or an assembly reference?)
Library\PackageCache\com.unity.test-framework@80f691d4262b\UnityEngine.TestRunner\NUnitExtensions\Runner\UnityLogCheckDelegatingCommand.cs(13,53): error CS0246: The type or namespace name 'DelegatingTestCommand' could not be found (are you missing a using directive or an assembly reference?)
Library\PackageCache\com.unity.test-framework@80f691d4262b\UnityEngine.TestRunner\TestRunner\ITestRunnerListener.cs(16,51): error CS0246: The type or namespace name 'ITestResult' could not be found (are you missing a using directive or an assembly reference?)
Library\PackageCache\com.unity.test-framework@80f691d4262b\UnityEngine.TestRunner\NUnitExtensions\Attributes\UnityTearDownAttribute.cs(34,43): error CS0246: The type or namespace name 'NUnitAttribute' could not be found (are you missing a using directive or an assembly reference?)
Library\PackageCache\com.unity.test-framework@80f691d4262b\UnityEngine.TestRunner\TestRunner\Callbacks\PlayModeRunnerCallback.cs(34,32): error CS0246: The type or namespace name 'ITest' could not be found (are you missing a using directive or an assembly reference?)
Library\PackageCache\com.unity.test-framework@80f691d4262b\UnityEngine.TestRunner\NUnitExtensions\Runner\UnityTestExecutionContext.cs(15,48): error CS0246: The type or namespace name 'ITestExecutionContext' could not be found (are you missing a using directive or an assembly reference?)
Library\PackageCache\com.unity.test-framework@80f691d4262b\UnityEngine.TestRunner\NUnitExtensions\Attributes\UnityTearDownAttribute.cs(33,6): error CS0641: Attribute 'AttributeUsage' is only valid on classes derived from System.Attribute
Library\PackageCache\com.unity.test-framework@80f691d4262b\UnityEngine.TestRunner\TestRunner\Callbacks\PlayModeRunnerCallback.cs(44,33): error CS0246: The type or namespace name 'ITest' could not be found (are you missing a using directive or an assembly reference?)
Library\PackageCache\com.unity.test-framework@80f691d4262b\UnityEngine.TestRunner\NUnitExtensions\Runner\UnityTestAssemblyRunner.cs(24,9): error CS0246: The type or namespace name 'ITest' could not be found (are you missing a using directive or an assembly reference?)
Library\PackageCache\com.unity.test-framework@80f691d4262b\UnityEngine.TestRunner\NUnitExtensions\Runner\UnityTestAssemblyRunner.cs(43,16): error CS0246: The type or namespace name 'ITest' could not be found (are you missing a using directive or an assembly reference?)
Library\PackageCache\com.unity.test-framework@80f691d4262b\UnityEngine.TestRunner\TestRunner\ITestRunnerListener.cs(19,50): error CS0246: The type or namespace name 'ITest' could not be found (are you missing a using directive or an assembly reference?)
Library\PackageCache\com.unity.test-framework@80f691d4262b\UnityEngine.TestRunner\NUnitExtensions\Runner\UnityTestAssemblyRunner.cs(25,27): error CS0246: The type or namespace name 'ITest' could not be found (are you missing a using directive or an assembly reference?)
Library\PackageCache\com.unity.test-framework@80f691d4262b\UnityEngine.TestRunner\NUnitExtensions\BaseDelegator.cs(13,19): error CS0246: The type or namespace name 'ITestExecutionContext' could not be found (are you missing a using directive or an assembly reference?)
Library\PackageCache\com.unity.test-framework@80f691d4262b\UnityEngine.TestRunner\NUnitExtensions\Runner\CompositeWorkItem.cs(32,34): error CS0246: The type or namespace name 'TestSuite' could not be found (are you missing a using directive or an assembly reference?)
Library\PackageCache\com.unity.test-framework@80f691d4262b\UnityEngine.TestRunner\NUnitExtensions\Runner\CompositeWorkItem.cs(32,51): error CS0246: The type or namespace name 'ITestFilter' could not be found (are you missing a using directive or an assembly reference?)
Library\PackageCache\com.unity.test-framework@80f691d4262b\UnityEngine.TestRunner\NUnitExtensions\Runner\UnityTestAssemblyRunner.cs(45,16): error CS0246: The type or namespace name 'ITestResult' could not be found (are you missing a using directive or an assembly reference?)
Library\PackageCache\com.unity.test-framework@80f691d4262b\UnityEngine.TestRunner\NUnitExtensions\Runner\UnityLogCheckDelegatingCommand.cs(28,44): error CS0246: The type or namespace name 'ITestExecutionContext' could not be found (are you missing a using directive or an assembly reference?)
Library\PackageCache\com.unity.test-framework@80f691d4262b\UnityEngine.TestRunner\NUnitExtensions\Runner\UnityLogCheckDelegatingCommand.cs(28,25): error CS0246: The type or namespace name 'TestResult' could not be found (are you missing a using directive or an assembly reference?)
Library\PackageCache\com.unity.test-framework@80f691d4262b\UnityEngine.TestRunner\TestRunner\ITestRunnerListener.cs(22,50): error CS0246: The type or namespace name 'ITestResult' could not be found (are you missing a using directive or an assembly reference?)
Library\PackageCache\com.unity.test-framework@80f691d4262b\UnityEngine.TestRunner\NUnitExtensions\Runner\UnityTestExecutionContext.cs(18,17): error CS0246: The type or namespace name 'TestResult' could not be found (are you missing a using directive or an assembly reference?)
Library\PackageCache\com.unity.test-framework@80f691d4262b\UnityEngine.TestRunner\NUnitExtensions\Attributes\UnityPlatformAttribute.cs(39,6): error CS0641: Attribute 'AttributeUsage' is only valid on classes derived from System.Attribute
Library\PackageCache\com.unity.test-framework@80f691d4262b\UnityEngine.TestRunner\TestRunner\Callbacks\PlayerQuitHandler.cs(30,32): error CS0246: The type or namespace name 'ITest' could not be found (are you missing a using directive or an assembly reference?)
Library\PackageCache\com.unity.test-framework@80f691d4262b\UnityEngine.TestRunner\TestRunner\ITestRunnerListener.cs(25,49): error CS0246: The type or namespace name 'ITest' could not be found (are you missing a using directive or an assembly reference?)
Library\PackageCache\com.unity.test-framework@80f691d4262b\UnityEngine.TestRunner\TestRunner\Callbacks\PlayerQuitHandler.cs(34,33): error CS0246: The type or namespace name 'ITestResult' could not be found (are you missing a using directive or an assembly reference?)
Library\PackageCache\com.unity.test-framework@80f691d4262b\UnityEngine.TestRunner\NUnitExtensions\Runner\UnityTestAssemblyRunner.cs(71,16): error CS0246: The type or namespace name 'ITest' could not be found (are you missing a using directive or an assembly reference?)
Library\PackageCache\com.unity.test-framework@80f691d4262b\UnityEngine.TestRunner\NUnitExtensions\ConstructDelegator.cs(22,19): error CS0246: The type or namespace name 'ITestExecutionContext' could not be found (are you missing a using directive or an assembly reference?)
Library\PackageCache\com.unity.test-framework@80f691d4262b\UnityEngine.TestRunner\NUnitExtensions\Runner\UnityLogCheckDelegatingCommand.cs(39,46): error CS0246: The type or namespace name 'ITestExecutionContext' could not be found (are you missing a using directive or an assembly reference?)
Library\PackageCache\com.unity.test-framework@80f691d4262b\UnityEngine.TestRunner\NUnitExtensions\Attributes\UnityCoreClrExplicitDisabledAttribute.cs(40,6): error CS0641: Attribute 'AttributeUsage' is only valid on classes derived from System.Attribute
Library\PackageCache\com.unity.test-framework@80f691d4262b\UnityEngine.TestRunner\NUnitExtensions\Attributes\UnityTestAttribute.cs(62,39): error CS0246: The type or namespace name 'CombiningStrategyAttribute' could not be found (are you missing a using directive or an assembly reference?)
Library\PackageCache\com.unity.test-framework@80f691d4262b\UnityEngine.TestRunner\NUnitExtensions\Attributes\UnityTestAttribute.cs(62,67): error CS0246: The type or namespace name 'IImplyFixture' could not be found (are you missing a using directive or an assembly reference?)
Library\PackageCache\com.unity.test-framework@80f691d4262b\UnityEngine.TestRunner\NUnitExtensions\Attributes\UnityTestAttribute.cs(62,82): error CS0246: The type or namespace name 'ISimpleTestBuilder' could not be found (are you missing a using directive or an assembly reference?)
Library\PackageCache\com.unity.test-framework@80f691d4262b\UnityEngine.TestRunner\NUnitExtensions\Attributes\UnityTestAttribute.cs(62,102): error CS0246: The type or namespace name 'ITestBuilder' could not be found (are you missing a using directive or an assembly reference?)
Library\PackageCache\com.unity.test-framework@80f691d4262b\UnityEngine.TestRunner\NUnitExtensions\Attributes\UnityTestAttribute.cs(62,116): error CS0246: The type or namespace name 'IApplyToTest' could not be found (are you missing a using directive or an assembly reference?)
Library\PackageCache\com.unity.test-framework@80f691d4262b\UnityEngine.TestRunner\NUnitExtensions\Runner\UnityTestAssemblyRunner.cs(26,25): error CS0246: The type or namespace name 'ITestListener' could not be found (are you missing a using directive or an assembly reference?)
Library\PackageCache\com.unity.test-framework@80f691d4262b\UnityEngine.TestRunner\NUnitExtensions\Runner\UnityTestAssemblyRunner.cs(26,49): error CS0246: The type or namespace name 'ITestFilter' could not be found (are you missing a using directive or an assembly reference?)
Library\PackageCache\com.unity.test-framework@80f691d4262b\UnityEngine.TestRunner\NUnitExtensions\Attributes\UnityPlatformAttribute.cs(76,33): error CS0246: The type or namespace name 'Test' could not be found (are you missing a using directive or an assembly reference?)
Library\PackageCache\com.unity.test-framework@80f691d4262b\UnityEngine.TestRunner\TestRunner\Callbacks\PlayerQuitHandler.cs(38,33): error CS0246: The type or namespace name 'ITest' could not be found (are you missing a using directive or an assembly reference?)
Library\PackageCache\com.unity.test-framework@80f691d4262b\UnityEngine.TestRunner\NUnitExtensions\Attributes\UnityCoreClrExplicitDisabledAttribute.cs(65,33): error CS0246: The type or namespace name 'Test' could not be found (are you missing a using directive or an assembly reference?)
Library\PackageCache\com.unity.test-framework@80f691d4262b\UnityEngine.TestRunner\TestRunner\Callbacks\PlayerQuitHandler.cs(42,34): error CS0246: The type or namespace name 'ITestResult' could not be found (are you missing a using directive or an assembly reference?)
Library\PackageCache\com.unity.test-framework@80f691d4262b\UnityEngine.TestRunner\NUnitExtensions\IAsyncTestAssemblyBuilder.cs(9,52): error CS0246: The type or namespace name 'ITestAssemblyBuilder' could not be found (are you missing a using directive or an assembly reference?)
Library\PackageCache\com.unity.test-framework@80f691d4262b\UnityEngine.TestRunner\NUnitExtensions\Runner\UnityLogCheckDelegatingCommand.cs(89,46): error CS0246: The type or namespace name 'TestResult' could not be found (are you missing a using directive or an assembly reference?)
Library\PackageCache\com.unity.test-framework@80f691d4262b\UnityEngine.TestRunner\NUnitExtensions\Runner\UnityTestExecutionContext.cs(35,16): error CS0246: The type or namespace name 'Test' could not be found (are you missing a using directive or an assembly reference?)
Library\PackageCache\com.unity.test-framework@80f691d4262b\UnityEngine.TestRunner\NUnitExtensions\Runner\UnityWorkItem.cs(44,45): error CS0246: The type or namespace name 'ITest' could not be found (are you missing a using directive or an assembly reference?)
Library\PackageCache\com.unity.test-framework@80f691d4262b\UnityEngine.TestRunner\NUnitExtensions\IAsyncTestAssemblyBuilder.cs(11,21): error CS0246: The type or namespace name 'ITest' could not be found (are you missing a using directive or an assembly reference?)
Library\PackageCache\com.unity.test-framework@80f691d4262b\UnityEngine.TestRunner\NUnitExtensions\Attributes\UnityOneTimeSetUpAttribute.cs(226,47): error CS0246: The type or namespace name 'NUnitAttribute' could not be found (are you missing a using directive or an assembly reference?)
Library\PackageCache\com.unity.test-framework@80f691d4262b\UnityEngine.TestRunner\NUnitExtensions\Commands\BeforeAfterTestCommandBase.cs(16,61): error CS0246: The type or namespace name 'DelegatingTestCommand' could not be found (are you missing a using directive or an assembly reference?)
Library\PackageCache\com.unity.test-framework@80f691d4262b\UnityEngine.TestRunner\NUnitExtensions\Runner\UnityLogCheckDelegatingCommand.cs(103,67): error CS0246: The type or namespace name 'TestResult' could not be found (are you missing a using directive or an assembly reference?)
Library\PackageCache\com.unity.test-framework@80f691d4262b\UnityEngine.TestRunner\NUnitExtensions\Runner\UnityTestAssemblyRunner.cs(88,34): error CS0246: The type or namespace name 'ITest' could not be found (are you missing a using directive or an assembly reference?)
Library\PackageCache\com.unity.test-framework@80f691d4262b\UnityEngine.TestRunner\NUnitExtensions\Runner\WorkItemFactory.cs(10,37): error CS0246: The type or namespace name 'ITest' could not be found (are you missing a using directive or an assembly reference?)
Library\PackageCache\com.unity.test-framework@80f691d4262b\UnityEngine.TestRunner\NUnitExtensions\Runner\WorkItemFactory.cs(10,55): error CS0246: The type or namespace name 'ITestFilter' could not be found (are you missing a using directive or an assembly reference?)
Library\PackageCache\com.unity.test-framework@80f691d4262b\UnityEngine.TestRunner\NUnitExtensions\Attributes\UnityOneTimeSetUpAttribute.cs(225,6): error CS0641: Attribute 'AttributeUsage' is only valid on classes derived from System.Attribute
Library\PackageCache\com.unity.test-framework@80f691d4262b\UnityEngine.TestRunner\NUnitExtensions\Runner\UnityTestExecutionContext.cs(38,16): error CS0246: The type or namespace name 'TestResult' could not be found (are you missing a using directive or an assembly reference?)
Library\PackageCache\com.unity.test-framework@80f691d4262b\UnityEngine.TestRunner\NUnitExtensions\Attributes\UnityTestAttribute.cs(79,20): error CS0246: The type or namespace name 'ISimpleTestBuilder' could not be found (are you missing a using directive or an assembly reference?)
Library\PackageCache\com.unity.test-framework@80f691d4262b\UnityEngine.TestRunner\NUnitExtensions\Attributes\UnityTestAttribute.cs(96,33): error CS0246: The type or namespace name 'ITestBuilder' could not be found (are you missing a using directive or an assembly reference?)
Library\PackageCache\com.unity.test-framework@80f691d4262b\UnityEngine.TestRunner\NUnitExtensions\Attributes\UnityTestAttribute.cs(61,6): error CS0641: Attribute 'AttributeUsage' is only valid on classes derived from System.Attribute
Library\PackageCache\com.unity.test-framework@80f691d4262b\UnityEngine.TestRunner\NUnitExtensions\Commands\BeforeAfterTestCommandState.cs(18,16): error CS0246: The type or namespace name 'TestStatus' could not be found (are you missing a using directive or an assembly reference?)
Library\PackageCache\com.unity.test-framework@80f691d4262b\UnityEngine.TestRunner\NUnitExtensions\Runner\UnityWorkItem.cs(33,33): error CS0246: The type or namespace name 'Test' could not be found (are you missing a using directive or an assembly reference?)
Library\PackageCache\com.unity.test-framework@80f691d4262b\UnityEngine.TestRunner\TestRunner\Callbacks\RemoteTestResultSender.cs(37,32): error CS0246: The type or namespace name 'ITest' could not be found (are you missing a using directive or an assembly reference?)
Library\PackageCache\com.unity.test-framework@80f691d4262b\UnityEngine.TestRunner\NUnitExtensions\Runner\UnityTestExecutionContext.cs(53,17): error CS0246: The type or namespace name 'TestExecutionStatus' could not be found (are you missing a using directive or an assembly reference?)
Library\PackageCache\com.unity.test-framework@80f691d4262b\UnityEngine.TestRunner\NUnitExtensions\UnityTestAssemblyBuilder.cs(15,47): error CS0246: The type or namespace name 'DefaultTestAssemblyBuilder' could not be found (are you missing a using directive or an assembly reference?)
Library\PackageCache\com.unity.test-framework@80f691d4262b\UnityEngine.TestRunner\NUnitExtensions\Runner\UnityLogCheckDelegatingCommand.cs(106,67): error CS0246: The type or namespace name 'TestCommand' could not be found (are you missing a using directive or an assembly reference?)
Library\PackageCache\com.unity.test-framework@80f691d4262b\UnityEngine.TestRunner\NUnitExtensions\Runner\UnityLogCheckDelegatingCommand.cs(106,88): error CS0246: The type or namespace name 'TestResult' could not be found (are you missing a using directive or an assembly reference?)
Library\PackageCache\com.unity.test-framework@80f691d4262b\UnityEngine.TestRunner\NUnitExtensions\Runner\UnityTestAssemblyRunner.cs(93,32): error CS0246: The type or namespace name 'ITestListener' could not be found (are you missing a using directive or an assembly reference?)
Library\PackageCache\com.unity.test-framework@80f691d4262b\UnityEngine.TestRunner\NUnitExtensions\Runner\UnityTestAssemblyRunner.cs(93,56): error CS0246: The type or namespace name 'ITestFilter' could not be found (are you missing a using directive or an assembly reference?)
Library\PackageCache\com.unity.test-framework@80f691d4262b\UnityEngine.TestRunner\NUnitExtensions\Attributes\UnityTestAttribute.cs(71,26): error CS0246: The type or namespace name 'NUnitTestCaseBuilder' could not be found (are you missing a using directive or an assembly reference?)
Library\PackageCache\com.unity.test-framework@80f691d4262b\UnityEngine.TestRunner\NUnitExtensions\Commands\BeforeAfterTestCommandState.cs(20,16): error CS0246: The type or namespace name 'FailureSite' could not be found (are you missing a using directive or an assembly reference?)
Library\PackageCache\com.unity.test-framework@80f691d4262b\UnityEngine.TestRunner\TestRunner\Callbacks\RemoteTestResultSender.cs(61,33): error CS0246: The type or namespace name 'ITestResult' could not be found (are you missing a using directive or an assembly reference?)
Library\PackageCache\com.unity.test-framework@80f691d4262b\UnityEngine.TestRunner\NUnitExtensions\Runner\UnityTestExecutionContext.cs(54,16): error CS0246: The type or namespace name 'TestExecutionStatus' could not be found (are you missing a using directive or an assembly reference?)
Library\PackageCache\com.unity.test-framework@80f691d4262b\UnityEngine.TestRunner\NUnitExtensions\Runner\UnityLogCheckDelegatingCommand.cs(112,39): error CS0246: The type or namespace name 'TestResult' could not be found (are you missing a using directive or an assembly reference?)
Library\PackageCache\com.unity.test-framework@80f691d4262b\UnityEngine.TestRunner\TestRunner\Callbacks\RemoteTestResultSender.cs(70,33): error CS0246: The type or namespace name 'ITest' could not be found (are you missing a using directive or an assembly reference?)
Library\PackageCache\com.unity.test-framework@80f691d4262b\UnityEngine.TestRunner\NUnitExtensions\UnityTestAssemblyBuilder.cs(28,16): error CS0246: The type or namespace name 'ITest' could not be found (are you missing a using directive or an assembly reference?)
Library\PackageCache\com.unity.test-framework@80f691d4262b\UnityEngine.TestRunner\NUnitExtensions\Runner\UnityTestExecutionContext.cs(75,21): error CS0246: The type or namespace name 'ITestAction' could not be found (are you missing a using directive or an assembly reference?)
Library\PackageCache\com.unity.test-framework@80f691d4262b\UnityEngine.TestRunner\NUnitExtensions\Attributes\UnityTestAttribute.cs(79,49): error CS0246: The type or namespace name 'IMethodInfo' could not be found (are you missing a using directive or an assembly reference?)
Library\PackageCache\com.unity.test-framework@80f691d4262b\UnityEngine.TestRunner\NUnitExtensions\Attributes\UnityTestAttribute.cs(79,69): error CS0246: The type or namespace name 'Test' could not be found (are you missing a using directive or an assembly reference?)
Library\PackageCache\com.unity.test-framework@80f691d4262b\UnityEngine.TestRunner\NUnitExtensions\Attributes\UnityTestAttribute.cs(79,9): error CS0246: The type or namespace name 'TestMethod' could not be found (are you missing a using directive or an assembly reference?)
Library\PackageCache\com.unity.test-framework@80f691d4262b\UnityEngine.TestRunner\NUnitExtensions\Attributes\UnityTestAttribute.cs(79,20): error CS0538: 'ISimpleTestBuilder' in explicit interface declaration is not an interface
Library\PackageCache\com.unity.test-framework@80f691d4262b\UnityEngine.TestRunner\NUnitExtensions\Runner\UnityLogCheckDelegatingCommand.cs(127,65): error CS0246: The type or namespace name 'TestResult' could not be found (are you missing a using directive or an assembly reference?)
Library\PackageCache\com.unity.test-framework@80f691d4262b\UnityEngine.TestRunner\TestRunner\Callbacks\RemoteTestResultSender.cs(83,34): error CS0246: The type or namespace name 'ITestResult' could not be found (are you missing a using directive or an assembly reference?)
Library\PackageCache\com.unity.test-framework@80f691d4262b\UnityEngine.TestRunner\NUnitExtensions\UnityTestAssemblyBuilder.cs(72,28): error CS0246: The type or namespace name 'ITest' could not be found (are you missing a using directive or an assembly reference?)
Library\PackageCache\com.unity.test-framework@80f691d4262b\UnityEngine.TestRunner\NUnitExtensions\Attributes\UnityTestAttribute.cs(96,56): error CS0246: The type or namespace name 'IMethodInfo' could not be found (are you missing a using directive or an assembly reference?)
Library\PackageCache\com.unity.test-framework@80f691d4262b\UnityEngine.TestRunner\NUnitExtensions\Attributes\UnityTestAttribute.cs(96,76): error CS0246: The type or namespace name 'Test' could not be found (are you missing a using directive or an assembly reference?)
Library\PackageCache\com.unity.test-framework@80f691d4262b\UnityEngine.TestRunner\NUnitExtensions\Attributes\UnityTestAttribute.cs(96,21): error CS0246: The type or namespace name 'TestMethod' could not be found (are you missing a using directive or an assembly reference?)
Library\PackageCache\com.unity.test-framework@80f691d4262b\UnityEngine.TestRunner\NUnitExtensions\Attributes\UnityTestAttribute.cs(96,33): error CS0538: 'ITestBuilder' in explicit interface declaration is not an interface
Library\PackageCache\com.unity.test-framework@80f691d4262b\UnityEngine.TestRunner\NUnitExtensions\Runner\UnityTestExecutionContext.cs(79,16): error CS0246: The type or namespace name 'ITestListener' could not be found (are you missing a using directive or an assembly reference?)
Library\PackageCache\com.unity.test-framework@80f691d4262b\UnityEngine.TestRunner\NUnitExtensions\Commands\EnumerableApplyChangesToContextCommand.cs(11,61): error CS0246: The type or namespace name 'ApplyChangesToContextCommand' could not be found (are you missing a using directive or an assembly reference?)
Library\PackageCache\com.unity.test-framework@80f691d4262b\UnityEngine.TestRunner\TestRunner\PlaymodeTestsControllerSettings.cs(51,18): error CS0246: The type or namespace name 'ITestFilter' could not be found (are you missing a using directive or an assembly reference?)
Library\PackageCache\com.unity.test-framework@80f691d4262b\UnityEngine.TestRunner\TestRunner\RuntimeTestRunnerFilter.cs(24,16): error CS0246: The type or namespace name 'ITestFilter' could not be found (are you missing a using directive or an assembly reference?)
Library\PackageCache\com.unity.test-framework@80f691d4262b\UnityEngine.TestRunner\NUnitExtensions\Attributes\UnityTestAttribute.cs(108,45): error CS0246: The type or namespace name 'IMethodInfo' could not be found (are you missing a using directive or an assembly reference?)
Library\PackageCache\com.unity.test-framework@80f691d4262b\UnityEngine.TestRunner\NUnitExtensions\Attributes\UnityTestAttribute.cs(108,65): error CS0246: The type or namespace name 'Test' could not be found (are you missing a using directive or an assembly reference?)
Library\PackageCache\com.unity.test-framework@80f691d4262b\UnityEngine.TestRunner\NUnitExtensions\Attributes\UnityTestAttribute.cs(108,17): error CS0246: The type or namespace name 'TestMethod' could not be found (are you missing a using directive or an assembly reference?)
Library\PackageCache\com.unity.test-framework@80f691d4262b\UnityEngine.TestRunner\NUnitExtensions\Runner\UnityLogCheckDelegatingCommand.cs(25,47): error CS0246: The type or namespace name 'TestCommand' could not be found (are you missing a using directive or an assembly reference?)
Library\PackageCache\com.unity.test-framework@80f691d4262b\UnityEngine.TestRunner\NUnitExtensions\Commands\EnumerableApplyChangesToContextCommand.cs(16,46): error CS0246: The type or namespace name 'ITestExecutionContext' could not be found (are you missing a using directive or an assembly reference?)
Library\PackageCache\com.unity.test-framework@80f691d4262b\UnityEngine.TestRunner\NUnitExtensions\UnityTestAssemblyBuilder.cs(62,53): error CS0246: The type or namespace name 'TestSuite' could not be found (are you missing a using directive or an assembly reference?)
Library\PackageCache\com.unity.test-framework@80f691d4262b\UnityEngine.TestRunner\NUnitExtensions\Commands\BeforeAfterTestCommandBase.cs(52,93): error CS0246: The type or namespace name 'ITest' could not be found (are you missing a using directive or an assembly reference?)
Library\PackageCache\com.unity.test-framework@80f691d4262b\UnityEngine.TestRunner\NUnitExtensions\Runner\UnityTestExecutionContext.cs(133,16): error CS0246: The type or namespace name 'IWorkItemDispatcher' could not be found (are you missing a using directive or an assembly reference?)
Library\PackageCache\com.unity.test-framework@80f691d4262b\UnityEngine.TestRunner\NUnitExtensions\Attributes\UnityTestAttribute.cs(120,52): error CS0246: The type or namespace name 'TestMethod' could not be found (are you missing a using directive or an assembly reference?)
Library\PackageCache\com.unity.test-framework@80f691d4262b\UnityEngine.TestRunner\TestRunner\Callbacks\TestResultRenderer.cs(46,37): error CS0246: The type or namespace name 'ITestResult' could not be found (are you missing a using directive or an assembly reference?)
Library\PackageCache\com.unity.test-framework@80f691d4262b\UnityEngine.TestRunner\NUnitExtensions\Attributes\UnityTestAttribute.cs(128,59): error CS0246: The type or namespace name 'IMethodInfo' could not be found (are you missing a using directive or an assembly reference?)
Library\PackageCache\com.unity.test-framework@80f691d4262b\UnityEngine.TestRunner\TestRunner\TestEnumeratorWrapper.cs(19,42): error CS0246: The type or namespace name 'ITestExecutionContext' could not be found (are you missing a using directive or an assembly reference?)
Library\PackageCache\com.unity.test-framework@80f691d4262b\UnityEngine.TestRunner\NUnitExtensions\Commands\BeforeAfterTestCommandBase.cs(103,76): error CS0246: The type or namespace name 'Test' could not be found (are you missing a using directive or an assembly reference?)
Library\PackageCache\com.unity.test-framework@80f691d4262b\UnityEngine.TestRunner\NUnitExtensions\Commands\EnumerableApplyChangesToContextCommand.cs(13,55): error CS0246: The type or namespace name 'TestCommand' could not be found (are you missing a using directive or an assembly reference?)
Library\PackageCache\com.unity.test-framework@80f691d4262b\UnityEngine.TestRunner\NUnitExtensions\Commands\EnumerableApplyChangesToContextCommand.cs(13,93): error CS0246: The type or namespace name 'IApplyToContext' could not be found (are you missing a using directive or an assembly reference?)
Library\PackageCache\com.unity.test-framework@80f691d4262b\UnityEngine.TestRunner\NUnitExtensions\Attributes\UnityTestAttribute.cs(138,37): error CS0246: The type or namespace name 'Test' could not be found (are you missing a using directive or an assembly reference?)
Library\PackageCache\com.unity.test-framework@80f691d4262b\UnityEngine.TestRunner\NUnitExtensions\Runner\UnityTestExecutionContext.cs(135,16): error CS0246: The type or namespace name 'ParallelScope' could not be found (are you missing a using directive or an assembly reference?)
Library\PackageCache\com.unity.test-framework@80f691d4262b\UnityEngine.TestRunner\TestRunner\Callbacks\TestResultRenderer.cs(33,31): error CS0246: The type or namespace name 'ITestResult' could not be found (are you missing a using directive or an assembly reference?)
Library\PackageCache\com.unity.test-framework@80f691d4262b\UnityEngine.TestRunner\NUnitExtensions\Commands\EnumerableOneTimeSetUpTearDownCommand.cs(53,77): error CS0246: The type or namespace name 'Test' could not be found (are you missing a using directive or an assembly reference?)
Library\PackageCache\com.unity.test-framework@80f691d4262b\UnityEngine.TestRunner\TestRunner\TestEnumeratorWrapper.cs(34,50): error CS0246: The type or namespace name 'ITestExecutionContext' could not be found (are you missing a using directive or an assembly reference?)
Library\PackageCache\com.unity.test-framework@80f691d4262b\UnityEngine.TestRunner\NUnitExtensions\Commands\BeforeAfterTestCommandBase.cs(94,63): error CS0246: The type or namespace name 'Test' could not be found (are you missing a using directive or an assembly reference?)
Library\PackageCache\com.unity.test-framework@80f691d4262b\UnityEngine.TestRunner\NUnitExtensions\Commands\EnumerableMaxTimeCommand.cs(11,47): error CS0246: The type or namespace name 'DelegatingTestCommand' could not be found (are you missing a using directive or an assembly reference?)
Library\PackageCache\com.unity.test-framework@80f691d4262b\UnityEngine.TestRunner\TestRunner\TestEnumeratorWrapper.cs(12,26): error CS0246: The type or namespace name 'TestMethod' could not be found (are you missing a using directive or an assembly reference?)
Library\PackageCache\com.unity.test-framework@80f691d4262b\UnityEngine.TestRunner\TestRunner\Callbacks\TestResultRenderer.cs(39,35): error CS0246: The type or namespace name 'ITestResult' could not be found (are you missing a using directive or an assembly reference?)
Library\PackageCache\com.unity.test-framework@80f691d4262b\UnityEngine.TestRunner\NUnitExtensions\Runner\UnityTestExecutionContext.cs(137,16): error CS0246: The type or namespace name 'Randomizer' could not be found (are you missing a using directive or an assembly reference?)
Library\PackageCache\com.unity.test-framework@80f691d4262b\UnityEngine.TestRunner\TestRunner\TestEnumeratorWrapper.cs(14,38): error CS0246: The type or namespace name 'TestMethod' could not be found (are you missing a using directive or an assembly reference?)
Library\PackageCache\com.unity.test-framework@80f691d4262b\UnityEngine.TestRunner\NUnitExtensions\Attributes\ConditionalIgnoreAttribute.cs(12,47): error CS0246: The type or namespace name 'NUnitAttribute' could not be found (are you missing a using directive or an assembly reference?)
Library\PackageCache\com.unity.test-framework@80f691d4262b\UnityEngine.TestRunner\NUnitExtensions\Attributes\ConditionalIgnoreAttribute.cs(12,63): error CS0246: The type or namespace name 'IApplyToTest' could not be found (are you missing a using directive or an assembly reference?)
Library\PackageCache\com.unity.test-framework@80f691d4262b\UnityEngine.TestRunner\NUnitExtensions\Commands\EnumerableSetUpTearDownCommand.cs(31,77): error CS0246: The type or namespace name 'Test' could not be found (are you missing a using directive or an assembly reference?)
Library\PackageCache\com.unity.test-framework@80f691d4262b\UnityEngine.TestRunner\NUnitExtensions\Commands\BeforeAfterTestCommandBase.cs(96,62): error CS0246: The type or namespace name 'Test' could not be found (are you missing a using directive or an assembly reference?)
Library\PackageCache\com.unity.test-framework@80f691d4262b\UnityEngine.TestRunner\TestRunner\RuntimeTestRunnerFilter.cs(68,45): error CS0246: The type or namespace name 'ITestFilter' could not be found (are you missing a using directive or an assembly reference?)
Library\PackageCache\com.unity.test-framework@80f691d4262b\UnityEngine.TestRunner\TestRunner\RuntimeTestRunnerFilter.cs(68,97): error CS0246: The type or namespace name 'TestFilter' could not be found (are you missing a using directive or an assembly reference?)
Library\PackageCache\com.unity.test-framework@80f691d4262b\UnityEngine.TestRunner\TestRunner\TestListenerWrapper.cs(6,42): error CS0246: The type or namespace name 'ITestListener' could not be found (are you missing a using directive or an assembly reference?)
Library\PackageCache\com.unity.test-framework@80f691d4262b\UnityEngine.TestRunner\NUnitExtensions\Runner\UnityTestExecutionContext.cs(138,16): error CS0246: The type or namespace name 'ValueFormatter' could not be found (are you missing a using directive or an assembly reference?)
Library\PackageCache\com.unity.test-framework@80f691d4262b\UnityEngine.TestRunner\NUnitExtensions\Commands\EnumerableMaxTimeCommand.cs(21,44): error CS0246: The type or namespace name 'ITestExecutionContext' could not be found (are you missing a using directive or an assembly reference?)
Library\PackageCache\com.unity.test-framework@80f691d4262b\UnityEngine.TestRunner\NUnitExtensions\Commands\EnumerableMaxTimeCommand.cs(21,25): error CS0246: The type or namespace name 'TestResult' could not be found (are you missing a using directive or an assembly reference?)
Library\PackageCache\com.unity.test-framework@80f691d4262b\UnityEngine.TestRunner\NUnitExtensions\Attributes\ConditionalIgnoreAttribute.cs(32,33): error CS0246: The type or namespace name 'Test' could not be found (are you missing a using directive or an assembly reference?)
Library\PackageCache\com.unity.test-framework@80f691d4262b\UnityEngine.TestRunner\NUnitExtensions\Commands\BeforeAfterTestCommandBase.cs(98,77): error CS0246: The type or namespace name 'Test' could not be found (are you missing a using directive or an assembly reference?)
Library\PackageCache\com.unity.test-framework@80f691d4262b\UnityEngine.TestRunner\NUnitExtensions\Commands\EnumerableOneTimeSetUpTearDownCommand.cs(61,78): error CS0246: The type or namespace name 'Test' could not be found (are you missing a using directive or an assembly reference?)
Library\PackageCache\com.unity.test-framework@80f691d4262b\UnityEngine.TestRunner\NUnitExtensions\Commands\EnumerableSetUpTearDownCommand.cs(37,78): error CS0246: The type or namespace name 'Test' could not be found (are you missing a using directive or an assembly reference?)
Library\PackageCache\com.unity.test-framework@80f691d4262b\UnityEngine.TestRunner\TestRunner\TestListenerWrapper.cs(17,33): error CS0246: The type or namespace name 'ITest' could not be found (are you missing a using directive or an assembly reference?)
Library\PackageCache\com.unity.test-framework@80f691d4262b\UnityEngine.TestRunner\TestRunner\Callbacks\TestResultRendererCallback.cs(9,32): error CS0246: The type or namespace name 'ITest' could not be found (are you missing a using directive or an assembly reference?)
Library\PackageCache\com.unity.test-framework@80f691d4262b\UnityEngine.TestRunner\NUnitExtensions\Commands\EnumerableMaxTimeCommand.cs(26,46): error CS0246: The type or namespace name 'ITestExecutionContext' could not be found (are you missing a using directive or an assembly reference?)
Library\PackageCache\com.unity.test-framework@80f691d4262b\UnityEngine.TestRunner\TestRunner\TestListenerWrapper.cs(22,34): error CS0246: The type or namespace name 'ITestResult' could not be found (are you missing a using directive or an assembly reference?)
Library\PackageCache\com.unity.test-framework@80f691d4262b\UnityEngine.TestRunner\TestRunner\Callbacks\TestResultRendererCallback.cs(13,33): error CS0246: The type or namespace name 'ITestResult' could not be found (are you missing a using directive or an assembly reference?)
Library\PackageCache\com.unity.test-framework@80f691d4262b\UnityEngine.TestRunner\TestRunner\TestListenerWrapper.cs(27,32): error CS0246: The type or namespace name 'TestOutput' could not be found (are you missing a using directive or an assembly reference?)
Library\PackageCache\com.unity.test-framework@80f691d4262b\UnityEngine.TestRunner\TestRunner\Callbacks\TestResultRendererCallback.cs(29,33): error CS0246: The type or namespace name 'ITest' could not be found (are you missing a using directive or an assembly reference?)
Library\PackageCache\com.unity.test-framework@80f691d4262b\UnityEngine.TestRunner\NUnitExtensions\Commands\EnumerableMaxTimeCommand.cs(14,41): error CS0246: The type or namespace name 'MaxTimeCommand' could not be found (are you missing a using directive or an assembly reference?)
Library\PackageCache\com.unity.test-framework@80f691d4262b\UnityEngine.TestRunner\TestRunner\SynchronousFilter.cs(13,20): error CS0246: The type or namespace name 'TNode' could not be found (are you missing a using directive or an assembly reference?)
Library\PackageCache\com.unity.test-framework@80f691d4262b\UnityEngine.TestRunner\NUnitExtensions\Commands\IgnoreTestCommand.cs(11,40): error CS0246: The type or namespace name 'DelegatingTestCommand' could not be found (are you missing a using directive or an assembly reference?)
Library\PackageCache\com.unity.test-framework@80f691d4262b\UnityEngine.TestRunner\NUnitExtensions\Commands\BeforeAfterTestCommandBase.cs(115,46): error CS0246: The type or namespace name 'ITestExecutionContext' could not be found (are you missing a using directive or an assembly reference?)
Library\PackageCache\com.unity.test-framework@80f691d4262b\UnityEngine.TestRunner\NUnitExtensions\Commands\EnumerableOneTimeSetUpTearDownCommand.cs(82,72): error CS0246: The type or namespace name 'Test' could not be found (are you missing a using directive or an assembly reference?)
Library\PackageCache\com.unity.test-framework@80f691d4262b\UnityEngine.TestRunner\TestRunner\Callbacks\TestResultRendererCallback.cs(33,34): error CS0246: The type or namespace name 'ITestResult' could not be found (are you missing a using directive or an assembly reference?)
Library\PackageCache\com.unity.test-framework@80f691d4262b\UnityEngine.TestRunner\NUnitExtensions\Runner\UnityTestExecutionContext.cs(167,34): error CS0246: The type or namespace name 'ValueFormatterFactory' could not be found (are you missing a using directive or an assembly reference?)
Library\PackageCache\com.unity.test-framework@80f691d4262b\UnityEngine.TestRunner\NUnitExtensions\Commands\EnumerableSetUpTearDownCommand.cs(43,72): error CS0246: The type or namespace name 'Test' could not be found (are you missing a using directive or an assembly reference?)
Library\PackageCache\com.unity.test-framework@80f691d4262b\UnityEngine.TestRunner\TestRunner\TestTaskWrapper.cs(21,36): error CS0246: The type or namespace name 'ITestExecutionContext' could not be found (are you missing a using directive or an assembly reference?)
Library\PackageCache\com.unity.test-framework@80f691d4262b\UnityEngine.TestRunner\TestRunner\SynchronousFilter.cs(18,40): error CS0246: The type or namespace name 'TNode' could not be found (are you missing a using directive or an assembly reference?)
Library\PackageCache\com.unity.test-framework@80f691d4262b\UnityEngine.TestRunner\TestRunner\SynchronousFilter.cs(18,25): error CS0246: The type or namespace name 'TNode' could not be found (are you missing a using directive or an assembly reference?)
Library\PackageCache\com.unity.test-framework@80f691d4262b\UnityEngine.TestRunner\NUnitExtensions\Commands\EnumerableOneTimeSetUpTearDownCommand.cs(88,71): error CS0246: The type or namespace name 'Test' could not be found (are you missing a using directive or an assembly reference?)
Library\PackageCache\com.unity.test-framework@80f691d4262b\UnityEngine.TestRunner\NUnitExtensions\Commands\OuterUnityTestActionCommand.cs(24,83): error CS0246: The type or namespace name 'Test' could not be found (are you missing a using directive or an assembly reference?)
Library\PackageCache\com.unity.test-framework@80f691d4262b\UnityEngine.TestRunner\NUnitExtensions\Commands\IgnoreTestCommand.cs(19,44): error CS0246: The type or namespace name 'ITestExecutionContext' could not be found (are you missing a using directive or an assembly reference?)
Library\PackageCache\com.unity.test-framework@80f691d4262b\UnityEngine.TestRunner\NUnitExtensions\Commands\IgnoreTestCommand.cs(19,25): error CS0246: The type or namespace name 'TestResult' could not be found (are you missing a using directive or an assembly reference?)
Library\PackageCache\com.unity.test-framework@80f691d4262b\UnityEngine.TestRunner\NUnitExtensions\Commands\BeforeAfterTestCommandBase.cs(120,46): error CS0246: The type or namespace name 'ITestExecutionContext' could not be found (are you missing a using directive or an assembly reference?)
Library\PackageCache\com.unity.test-framework@80f691d4262b\UnityEngine.TestRunner\NUnitExtensions\Commands\EnumerableSetUpTearDownCommand.cs(48,71): error CS0246: The type or namespace name 'Test' could not be found (are you missing a using directive or an assembly reference?)
Library\PackageCache\com.unity.test-framework@80f691d4262b\UnityEngine.TestRunner\TestRunner\SynchronousFilter.cs(23,36): error CS0246: The type or namespace name 'ITest' could not be found (are you missing a using directive or an assembly reference?)
Library\PackageCache\com.unity.test-framework@80f691d4262b\UnityEngine.TestRunner\NUnitExtensions\Commands\IgnoreTestCommand.cs(24,46): error CS0246: The type or namespace name 'ITestExecutionContext' could not be found (are you missing a using directive or an assembly reference?)
Library\PackageCache\com.unity.test-framework@80f691d4262b\UnityEngine.TestRunner\NUnitExtensions\Commands\OuterUnityTestActionCommand.cs(29,82): error CS0246: The type or namespace name 'Test' could not be found (are you missing a using directive or an assembly reference?)
Library\PackageCache\com.unity.test-framework@80f691d4262b\UnityEngine.TestRunner\TestRunner\TestTaskWrapper.cs(35,43): error CS0246: The type or namespace name 'ITestExecutionContext' could not be found (are you missing a using directive or an assembly reference?)
Library\PackageCache\com.unity.test-framework@80f691d4262b\UnityEngine.TestRunner\NUnitExtensions\Commands\EnumerableOneTimeSetUpTearDownCommand.cs(99,58): error CS0246: The type or namespace name 'ITestExecutionContext' could not be found (are you missing a using directive or an assembly reference?)
Library\PackageCache\com.unity.test-framework@80f691d4262b\UnityEngine.TestRunner\NUnitExtensions\Commands\IgnoreTestCommand.cs(13,17): error CS0246: The type or namespace name 'ITest' could not be found (are you missing a using directive or an assembly reference?)
Library\PackageCache\com.unity.test-framework@80f691d4262b\UnityEngine.TestRunner\TestRunner\TestTaskWrapper.cs(14,26): error CS0246: The type or namespace name 'TestMethod' could not be found (are you missing a using directive or an assembly reference?)
Library\PackageCache\com.unity.test-framework@80f691d4262b\UnityEngine.TestRunner\NUnitExtensions\Commands\EnumerableOneTimeSetUpTearDownCommand.cs(112,61): error CS0246: The type or namespace name 'ITestExecutionContext' could not be found (are you missing a using directive or an assembly reference?)
Library\PackageCache\com.unity.test-framework@80f691d4262b\UnityEngine.TestRunner\TestRunner\TestTaskWrapper.cs(16,32): error CS0246: The type or namespace name 'TestMethod' could not be found (are you missing a using directive or an assembly reference?)
Library\PackageCache\com.unity.test-framework@80f691d4262b\UnityEngine.TestRunner\NUnitExtensions\Commands\BeforeAfterTestCommandBase.cs(303,44): error CS0246: The type or namespace name 'ITestExecutionContext' could not be found (are you missing a using directive or an assembly reference?)
Library\PackageCache\com.unity.test-framework@80f691d4262b\UnityEngine.TestRunner\NUnitExtensions\Commands\BeforeAfterTestCommandBase.cs(303,25): error CS0246: The type or namespace name 'TestResult' could not be found (are you missing a using directive or an assembly reference?)
Library\PackageCache\com.unity.test-framework@80f691d4262b\UnityEngine.TestRunner\TestRunner\SynchronousFilter.cs(54,35): error CS0246: The type or namespace name 'ITest' could not be found (are you missing a using directive or an assembly reference?)
Library\PackageCache\com.unity.test-framework@80f691d4262b\UnityEngine.TestRunner\NUnitExtensions\Commands\IgnoreTestCommand.cs(14,34): error CS0246: The type or namespace name 'TestCommand' could not be found (are you missing a using directive or an assembly reference?)
Library\PackageCache\com.unity.test-framework@80f691d4262b\UnityEngine.TestRunner\NUnitExtensions\Commands\IgnoreTestCommand.cs(14,60): error CS0246: The type or namespace name 'ITest' could not be found (are you missing a using directive or an assembly reference?)
Library\PackageCache\com.unity.test-framework@80f691d4262b\UnityEngine.TestRunner\NUnitExtensions\Commands\ImmediateEnumerableCommand.cs(8,49): error CS0246: The type or namespace name 'DelegatingTestCommand' could not be found (are you missing a using directive or an assembly reference?)
Library\PackageCache\com.unity.test-framework@80f691d4262b\UnityEngine.TestRunner\NUnitExtensions\Commands\BeforeAfterTestCommandBase.cs(29,46): error CS0246: The type or namespace name 'TestCommand' could not be found (are you missing a using directive or an assembly reference?)
Library\PackageCache\com.unity.test-framework@80f691d4262b\UnityEngine.TestRunner\NUnitExtensions\Commands\EnumerableSetUpTearDownCommand.cs(18,47): error CS0246: The type or namespace name 'TestCommand' could not be found (are you missing a using directive or an assembly reference?)
Library\PackageCache\com.unity.test-framework@80f691d4262b\UnityEngine.TestRunner\NUnitExtensions\Commands\ImmediateEnumerableCommand.cs(10,43): error CS0246: The type or namespace name 'TestCommand' could not be found (are you missing a using directive or an assembly reference?)
Library\PackageCache\com.unity.test-framework@80f691d4262b\UnityEngine.TestRunner\NUnitExtensions\Commands\EnumerableTestMethodCommand.cs(12,50): error CS0246: The type or namespace name 'TestCommand' could not be found (are you missing a using directive or an assembly reference?)
Library\PackageCache\com.unity.test-framework@80f691d4262b\UnityEngine.TestRunner\NUnitExtensions\Commands\ImmediateEnumerableCommand.cs(13,44): error CS0246: The type or namespace name 'ITestExecutionContext' could not be found (are you missing a using directive or an assembly reference?)
Library\PackageCache\com.unity.test-framework@80f691d4262b\UnityEngine.TestRunner\NUnitExtensions\Commands\ImmediateEnumerableCommand.cs(13,25): error CS0246: The type or namespace name 'TestResult' could not be found (are you missing a using directive or an assembly reference?)
Library\PackageCache\com.unity.test-framework@80f691d4262b\UnityEngine.TestRunner\NUnitExtensions\Commands\OuterUnityTestActionCommand.cs(14,44): error CS0246: The type or namespace name 'TestCommand' could not be found (are you missing a using directive or an assembly reference?)
Library\PackageCache\com.unity.test-framework@80f691d4262b\UnityEngine.TestRunner\NUnitExtensions\Commands\EnumerableOneTimeSetUpTearDownCommand.cs(32,26): error CS0246: The type or namespace name 'TestSuite' could not be found (are you missing a using directive or an assembly reference?)
Library\PackageCache\com.unity.test-framework@80f691d4262b\UnityEngine.TestRunner\NUnitExtensions\Commands\EnumerableTestMethodCommand.cs(22,46): error CS0246: The type or namespace name 'ITestExecutionContext' could not be found (are you missing a using directive or an assembly reference?)
Library\PackageCache\com.unity.test-framework@80f691d4262b\UnityEngine.TestRunner\NUnitExtensions\Commands\RetryCommand.cs(12,36): error CS0246: The type or namespace name 'DelegatingTestCommand' could not be found (are you missing a using directive or an assembly reference?)
Library\PackageCache\com.unity.test-framework@80f691d4262b\UnityEngine.TestRunner\NUnitExtensions\Commands\ParametrizedIgnoreCommand.cs(10,48): error CS0246: The type or namespace name 'DelegatingTestCommand' could not be found (are you missing a using directive or an assembly reference?)
Library\PackageCache\com.unity.test-framework@80f691d4262b\UnityEngine.TestRunner\NUnitExtensions\Commands\TaskTestMethodCommand.cs(12,44): error CS0246: The type or namespace name 'TestCommand' could not be found (are you missing a using directive or an assembly reference?)
Library\PackageCache\com.unity.test-framework@80f691d4262b\UnityEngine.TestRunner\NUnitExtensions\Commands\TimeoutCommand.cs(12,37): error CS0246: The type or namespace name 'DelegatingTestCommand' could not be found (are you missing a using directive or an assembly reference?)
Library\PackageCache\com.unity.test-framework@80f691d4262b\UnityEngine.TestRunner\NUnitExtensions\Commands\EnumerableOneTimeSetUpTearDownCommand.cs(34,26): error CS0246: The type or namespace name 'ITypeInfo' could not be found (are you missing a using directive or an assembly reference?)
Library\PackageCache\com.unity.test-framework@80f691d4262b\UnityEngine.TestRunner\NUnitExtensions\Commands\ParametrizedIgnoreCommand.cs(24,44): error CS0246: The type or namespace name 'ITestExecutionContext' could not be found (are you missing a using directive or an assembly reference?)
Library\PackageCache\com.unity.test-framework@80f691d4262b\UnityEngine.TestRunner\NUnitExtensions\Commands\ParametrizedIgnoreCommand.cs(24,25): error CS0246: The type or namespace name 'TestResult' could not be found (are you missing a using directive or an assembly reference?)
Library\PackageCache\com.unity.test-framework@80f691d4262b\UnityEngine.TestRunner\NUnitExtensions\Commands\TaskTestMethodCommand.cs(22,46): error CS0246: The type or namespace name 'ITestExecutionContext' could not be found (are you missing a using directive or an assembly reference?)
Library\PackageCache\com.unity.test-framework@80f691d4262b\UnityEngine.TestRunner\NUnitExtensions\Commands\EnumerableTestMethodCommand.cs(145,44): error CS0246: The type or namespace name 'ITestExecutionContext' could not be found (are you missing a using directive or an assembly reference?)
Library\PackageCache\com.unity.test-framework@80f691d4262b\UnityEngine.TestRunner\NUnitExtensions\Commands\EnumerableTestMethodCommand.cs(145,25): error CS0246: The type or namespace name 'TestResult' could not be found (are you missing a using directive or an assembly reference?)
Library\PackageCache\com.unity.test-framework@80f691d4262b\UnityEngine.TestRunner\NUnitExtensions\Commands\EnumerableOneTimeSetUpTearDownCommand.cs(37,54): error CS0246: The type or namespace name 'Test' could not be found (are you missing a using directive or an assembly reference?)
Library\PackageCache\com.unity.test-framework@80f691d4262b\UnityEngine.TestRunner\NUnitExtensions\Commands\ParametrizedIgnoreCommand.cs(39,46): error CS0246: The type or namespace name 'ITestExecutionContext' could not be found (are you missing a using directive or an assembly reference?)
Library\PackageCache\com.unity.test-framework@80f691d4262b\UnityEngine.TestRunner\NUnitExtensions\Commands\TimeoutCommand.cs(20,44): error CS0246: The type or namespace name 'ITestExecutionContext' could not be found (are you missing a using directive or an assembly reference?)
Library\PackageCache\com.unity.test-framework@80f691d4262b\UnityEngine.TestRunner\NUnitExtensions\Commands\TimeoutCommand.cs(20,25): error CS0246: The type or namespace name 'TestResult' could not be found (are you missing a using directive or an assembly reference?)
Library\PackageCache\com.unity.test-framework@80f691d4262b\UnityEngine.TestRunner\NUnitExtensions\Commands\TaskTestMethodCommand.cs(76,97): error CS0246: The type or namespace name 'ITestExecutionContext' could not be found (are you missing a using directive or an assembly reference?)
Library\PackageCache\com.unity.test-framework@80f691d4262b\UnityEngine.TestRunner\NUnitExtensions\Commands\ParametrizedIgnoreCommand.cs(12,26): error CS0246: The type or namespace name 'TestCommand' could not be found (are you missing a using directive or an assembly reference?)
Library\PackageCache\com.unity.test-framework@80f691d4262b\UnityEngine.TestRunner\NUnitExtensions\Commands\EnumerableTestMethodCommand.cs(14,26): error CS0246: The type or namespace name 'TestMethod' could not be found (are you missing a using directive or an assembly reference?)
Library\PackageCache\com.unity.test-framework@80f691d4262b\UnityEngine.TestRunner\NUnitExtensions\Commands\RetryCommand.cs(19,44): error CS0246: The type or namespace name 'ITestExecutionContext' could not be found (are you missing a using directive or an assembly reference?)
Library\PackageCache\com.unity.test-framework@80f691d4262b\UnityEngine.TestRunner\NUnitExtensions\Commands\RetryCommand.cs(19,25): error CS0246: The type or namespace name 'TestResult' could not be found (are you missing a using directive or an assembly reference?)
Library\PackageCache\com.unity.test-framework@80f691d4262b\UnityEngine.TestRunner\NUnitExtensions\Commands\EnumerableTestMethodCommand.cs(16,44): error CS0246: The type or namespace name 'TestMethod' could not be found (are you missing a using directive or an assembly reference?)
Library\PackageCache\com.unity.test-framework@80f691d4262b\UnityEngine.TestRunner\NUnitExtensions\Commands\ParametrizedIgnoreCommand.cs(17,42): error CS0246: The type or namespace name 'TestCommand' could not be found (are you missing a using directive or an assembly reference?)
Library\PackageCache\com.unity.test-framework@80f691d4262b\UnityEngine.TestRunner\NUnitExtensions\Commands\RetryCommand.cs(24,46): error CS0246: The type or namespace name 'ITestExecutionContext' could not be found (are you missing a using directive or an assembly reference?)
Library\PackageCache\com.unity.test-framework@80f691d4262b\UnityEngine.TestRunner\NUnitExtensions\Commands\TaskTestMethodCommand.cs(105,44): error CS0246: The type or namespace name 'ITestExecutionContext' could not be found (are you missing a using directive or an assembly reference?)
Library\PackageCache\com.unity.test-framework@80f691d4262b\UnityEngine.TestRunner\NUnitExtensions\Commands\TaskTestMethodCommand.cs(105,25): error CS0246: The type or namespace name 'TestResult' could not be found (are you missing a using directive or an assembly reference?)
Library\PackageCache\com.unity.test-framework@80f691d4262b\UnityEngine.TestRunner\NUnitExtensions\Commands\TimeoutCommand.cs(25,46): error CS0246: The type or namespace name 'ITestExecutionContext' could not be found (are you missing a using directive or an assembly reference?)
Library\PackageCache\com.unity.test-framework@80f691d4262b\UnityEngine.TestRunner\NUnitExtensions\Commands\EnumerableTestMethodCommand.cs(121,30): error CS0246: The type or namespace name 'ITestExecutionContext' could not be found (are you missing a using directive or an assembly reference?)
Library\PackageCache\com.unity.test-framework@80f691d4262b\UnityEngine.TestRunner\NUnitExtensions\Commands\RepeatCommand.cs(11,36): error CS0246: The type or namespace name 'DelegatingTestCommand' could not be found (are you missing a using directive or an assembly reference?)
Library\PackageCache\com.unity.test-framework@80f691d4262b\UnityEngine.TestRunner\NUnitExtensions\Commands\TimeoutCommand.cs(51,41): error CS0246: The type or namespace name 'ITestExecutionContext' could not be found (are you missing a using directive or an assembly reference?)
Library\PackageCache\com.unity.test-framework@80f691d4262b\UnityEngine.TestRunner\NUnitExtensions\Commands\RetryCommand.cs(14,29): error CS0246: The type or namespace name 'TestCommand' could not be found (are you missing a using directive or an assembly reference?)
Library\PackageCache\com.unity.test-framework@80f691d4262b\UnityEngine.TestRunner\NUnitExtensions\Commands\TaskTestMethodCommand.cs(14,26): error CS0246: The type or namespace name 'TestMethod' could not be found (are you missing a using directive or an assembly reference?)
Library\PackageCache\com.unity.test-framework@80f691d4262b\UnityEngine.TestRunner\NUnitExtensions\Commands\EnumerableTestMethodCommand.cs(123,38): error CS0246: The type or namespace name 'ITestExecutionContext' could not be found (are you missing a using directive or an assembly reference?)
Library\PackageCache\com.unity.test-framework@80f691d4262b\UnityEngine.TestRunner\NUnitExtensions\Commands\EnumerableOneTimeSetUpTearDownCommand.cs(19,34): error CS0246: The type or namespace name 'TestCommand' could not be found (are you missing a using directive or an assembly reference?)
Library\PackageCache\com.unity.test-framework@80f691d4262b\UnityEngine.TestRunner\NUnitExtensions\Commands\RepeatCommand.cs(18,44): error CS0246: The type or namespace name 'ITestExecutionContext' could not be found (are you missing a using directive or an assembly reference?)
Library\PackageCache\com.unity.test-framework@80f691d4262b\UnityEngine.TestRunner\NUnitExtensions\Commands\RepeatCommand.cs(18,25): error CS0246: The type or namespace name 'TestResult' could not be found (are you missing a using directive or an assembly reference?)
Library\PackageCache\com.unity.test-framework@80f691d4262b\UnityEngine.TestRunner\NUnitExtensions\Commands\TaskTestMethodCommand.cs(16,38): error CS0246: The type or namespace name 'TestMethod' could not be found (are you missing a using directive or an assembly reference?)
Library\PackageCache\com.unity.test-framework@80f691d4262b\UnityEngine.TestRunner\NUnitExtensions\Commands\RepeatCommand.cs(23,46): error CS0246: The type or namespace name 'ITestExecutionContext' could not be found (are you missing a using directive or an assembly reference?)
Library\PackageCache\com.unity.test-framework@80f691d4262b\UnityEngine.TestRunner\NUnitExtensions\Commands\SetUpTearDownCommand.cs(39,72): error CS0246: The type or namespace name 'Test' could not be found (are you missing a using directive or an assembly reference?)
Library\PackageCache\com.unity.test-framework@80f691d4262b\UnityEngine.TestRunner\NUnitExtensions\Commands\TestActionCommand.cs(12,67): error CS0246: The type or namespace name 'ITestAction' could not be found (are you missing a using directive or an assembly reference?)
Library\PackageCache\com.unity.test-framework@80f691d4262b\UnityEngine.TestRunner\NUnitExtensions\Commands\RepeatCommand.cs(13,30): error CS0246: The type or namespace name 'TestCommand' could not be found (are you missing a using directive or an assembly reference?)
Library\PackageCache\com.unity.test-framework@80f691d4262b\UnityEngine.TestRunner\NUnitExtensions\Commands\TimeoutCommand.cs(16,31): error CS0246: The type or namespace name 'TestCommand' could not be found (are you missing a using directive or an assembly reference?)
Library\PackageCache\com.unity.test-framework@80f691d4262b\UnityEngine.TestRunner\NUnitExtensions\Commands\TestActionCommand.cs(26,59): error CS0246: The type or namespace name 'ITestAction' could not be found (are you missing a using directive or an assembly reference?)
Library\PackageCache\com.unity.test-framework@80f691d4262b\UnityEngine.TestRunner\NUnitExtensions\Commands\UnityTestMethodCommand.cs(10,45): error CS0246: The type or namespace name 'TestMethodCommand' could not be found (are you missing a using directive or an assembly reference?)
Library\PackageCache\com.unity.test-framework@80f691d4262b\UnityEngine.TestRunner\Utils\IOuterUnityTestAction.cs(122,32): error CS0246: The type or namespace name 'ITest' could not be found (are you missing a using directive or an assembly reference?)
Library\PackageCache\com.unity.test-framework@80f691d4262b\UnityEngine.TestRunner\NUnitExtensions\Commands\SetUpTearDownCommand.cs(64,71): error CS0246: The type or namespace name 'Test' could not be found (are you missing a using directive or an assembly reference?)
Library\PackageCache\com.unity.test-framework@80f691d4262b\UnityEngine.TestRunner\Utils\IOuterUnityTestAction.cs(127,31): error CS0246: The type or namespace name 'ITest' could not be found (are you missing a using directive or an assembly reference?)
Library\PackageCache\com.unity.test-framework@80f691d4262b\UnityEngine.TestRunner\NUnitExtensions\Commands\TestActionCommand.cs(31,53): error CS0246: The type or namespace name 'ITestAction' could not be found (are you missing a using directive or an assembly reference?)
Library\PackageCache\com.unity.test-framework@80f691d4262b\UnityEngine.TestRunner\NUnitExtensions\Commands\TestActionCommand.cs(31,73): error CS0246: The type or namespace name 'Test' could not be found (are you missing a using directive or an assembly reference?)
Library\PackageCache\com.unity.test-framework@80f691d4262b\UnityEngine.TestRunner\NUnitExtensions\Commands\UnityTestMethodCommand.cs(12,39): error CS0246: The type or namespace name 'TestMethod' could not be found (are you missing a using directive or an assembly reference?)
Library\PackageCache\com.unity.test-framework@80f691d4262b\UnityEngine.TestRunner\NUnitExtensions\Commands\EnumerableOneTimeSetUpTearDownCommand.cs(21,30): error CS0246: The type or namespace name 'Test' could not be found (are you missing a using directive or an assembly reference?)
Library\PackageCache\com.unity.test-framework@80f691d4262b\UnityEngine.TestRunner\NUnitExtensions\Commands\UnityTestMethodCommand.cs(15,44): error CS0246: The type or namespace name 'ITestExecutionContext' could not be found (are you missing a using directive or an assembly reference?)
Library\PackageCache\com.unity.test-framework@80f691d4262b\UnityEngine.TestRunner\NUnitExtensions\Commands\UnityTestMethodCommand.cs(15,25): error CS0246: The type or namespace name 'TestResult' could not be found (are you missing a using directive or an assembly reference?)
Library\PackageCache\com.unity.test-framework@80f691d4262b\UnityEngine.TestRunner\NUnitExtensions\Commands\SetUpTearDownCommand.cs(21,37): error CS0246: The type or namespace name 'TestCommand' could not be found (are you missing a using directive or an assembly reference?)
Library\PackageCache\com.unity.test-framework@80f691d4262b\UnityEngine.TestRunner\NUnitExtensions\Commands\EnumerableOneTimeSetUpTearDownCommand.cs(26,48): error CS0246: The type or namespace name 'ITestExecutionContext' could not be found (are you missing a using directive or an assembly reference?)
Library\PackageCache\com.unity.test-framework@80f691d4262b\UnityEngine.TestRunner\NUnitExtensions\Commands\EnumerableOneTimeSetUpTearDownCommand.cs(26,29): error CS0246: The type or namespace name 'TestResult' could not be found (are you missing a using directive or an assembly reference?)
Library\PackageCache\com.unity.test-framework@80f691d4262b\UnityEngine.TestRunner\NUnitExtensions\Commands\TestActionCommand.cs(42,52): error CS0246: The type or namespace name 'ITestAction' could not be found (are you missing a using directive or an assembly reference?)
Library\PackageCache\com.unity.test-framework@80f691d4262b\UnityEngine.TestRunner\NUnitExtensions\Commands\TestActionCommand.cs(42,72): error CS0246: The type or namespace name 'Test' could not be found (are you missing a using directive or an assembly reference?)
Library\PackageCache\com.unity.test-framework@80f691d4262b\UnityEngine.TestRunner\Utils\TestData.cs(19,89): error CS0246: The type or namespace name 'ITest' could not be found (are you missing a using directive or an assembly reference?)
Library\PackageCache\com.unity.test-framework@80f691d4262b\UnityEngine.TestRunner\NUnitExtensions\Commands\EnumerableRepeatedTestCommand.cs(12,52): error CS0246: The type or namespace name 'DelegatingTestCommand' could not be found (are you missing a using directive or an assembly reference?)
Library\PackageCache\com.unity.test-framework@80f691d4262b\UnityEngine.TestRunner\NUnitExtensions\Commands\TestActionCommand.cs(14,61): error CS0246: The type or namespace name 'ITestAction' could not be found (are you missing a using directive or an assembly reference?)
Library\PackageCache\com.unity.test-framework@80f691d4262b\UnityEngine.TestRunner\NUnitExtensions\Commands\TestActionCommand.cs(16,34): error CS0246: The type or namespace name 'TestCommand' could not be found (are you missing a using directive or an assembly reference?)
Library\PackageCache\com.unity.test-framework@80f691d4262b\UnityEngine.TestRunner\NUnitExtensions\Commands\EnumerableRepeatedTestCommand.cs(23,44): error CS0246: The type or namespace name 'ITestExecutionContext' could not be found (are you missing a using directive or an assembly reference?)
Library\PackageCache\com.unity.test-framework@80f691d4262b\UnityEngine.TestRunner\NUnitExtensions\Commands\EnumerableRepeatedTestCommand.cs(23,25): error CS0246: The type or namespace name 'TestResult' could not be found (are you missing a using directive or an assembly reference?)
Library\PackageCache\com.unity.test-framework@80f691d4262b\UnityEngine.TestRunner\NUnitExtensions\Commands\EnumerableRepeatedTestCommand.cs(28,46): error CS0246: The type or namespace name 'ITestExecutionContext' could not be found (are you missing a using directive or an assembly reference?)
Library\PackageCache\com.unity.test-framework@80f691d4262b\UnityEngine.TestRunner\NUnitExtensions\Commands\EnumerableRepeatedTestCommand.cs(16,46): error CS0246: The type or namespace name 'RepeatAttribute' could not be found (are you missing a using directive or an assembly reference?)
Library\PackageCache\com.unity.test-framework@80f691d4262b\UnityEngine.TestRunner\NUnitExtensions\Commands\EnumerableRetryTestCommand.cs(12,49): error CS0246: The type or namespace name 'DelegatingTestCommand' could not be found (are you missing a using directive or an assembly reference?)
Library\PackageCache\com.unity.test-framework@80f691d4262b\UnityEngine.TestRunner\NUnitExtensions\Commands\EnumerableRetryTestCommand.cs(23,44): error CS0246: The type or namespace name 'ITestExecutionContext' could not be found (are you missing a using directive or an assembly reference?)
Library\PackageCache\com.unity.test-framework@80f691d4262b\UnityEngine.TestRunner\NUnitExtensions\Commands\EnumerableRetryTestCommand.cs(23,25): error CS0246: The type or namespace name 'TestResult' could not be found (are you missing a using directive or an assembly reference?)
Library\PackageCache\com.unity.test-framework@80f691d4262b\UnityEngine.TestRunner\NUnitExtensions\Commands\EnumerableRetryTestCommand.cs(28,46): error CS0246: The type or namespace name 'ITestExecutionContext' could not be found (are you missing a using directive or an assembly reference?)
Library\PackageCache\com.unity.test-framework@80f691d4262b\UnityEngine.TestRunner\NUnitExtensions\Commands\EnumerableRetryTestCommand.cs(16,43): error CS0246: The type or namespace name 'RetryAttribute' could not be found (are you missing a using directive or an assembly reference?)
Library\PackageCache\com.unity.test-framework@80f691d4262b\UnityEngine.TestRunner\NUnitExtensions\Commands\StrictCheckCommand.cs(14,41): error CS0246: The type or namespace name 'DelegatingTestCommand' could not be found (are you missing a using directive or an assembly reference?)
Library\PackageCache\com.unity.test-framework@80f691d4262b\UnityEngine.TestRunner\NUnitExtensions\Commands\StrictCheckCommand.cs(20,44): error CS0246: The type or namespace name 'ITestExecutionContext' could not be found (are you missing a using directive or an assembly reference?)
Library\PackageCache\com.unity.test-framework@80f691d4262b\UnityEngine.TestRunner\NUnitExtensions\Commands\StrictCheckCommand.cs(20,25): error CS0246: The type or namespace name 'TestResult' could not be found (are you missing a using directive or an assembly reference?)
Library\PackageCache\com.unity.test-framework@80f691d4262b\UnityEngine.TestRunner\NUnitExtensions\Commands\StrictCheckCommand.cs(25,46): error CS0246: The type or namespace name 'ITestExecutionContext' could not be found (are you missing a using directive or an assembly reference?)
Library\PackageCache\com.unity.test-framework@80f691d4262b\UnityEngine.TestRunner\NUnitExtensions\Commands\StrictCheckCommand.cs(16,35): error CS0246: The type or namespace name 'TestCommand' could not be found (are you missing a using directive or an assembly reference?)

Library\PackageCache\com.unity.test-framework@80f691d4262b\UnityEngine.TestRunner\Assertions\AllocatingGCMemoryConstraint.cs(2,7): error CS0246: The type or namespace name 'NUnit' could not be found (are you missing a using directive or an assembly reference?)
Library\PackageCache\com.unity.test-framework@80f691d4262b\UnityEngine.TestRunner\Assertions\AllocatingGCMemoryConstraint.cs(3,7): error CS0246: The type or namespace name 'NUnit' could not be found (are you missing a using directive or an assembly reference?)
Library\PackageCache\com.unity.test-framework@80f691d4262b\UnityEngine.TestRunner\Assertions\ConstraintsExtensions.cs(2,7): error CS0246: The type or namespace name 'NUnit' could not be found (are you missing a using directive or an assembly reference?)
Library\PackageCache\com.unity.test-framework@80f691d4262b\UnityEngine.TestRunner\Assertions\InvalidSignatureException.cs(2,7): error CS0246: The type or namespace name 'NUnit' could not be found (are you missing a using directive or an assembly reference?)
Library\PackageCache\com.unity.test-framework@80f691d4262b\UnityEngine.TestRunner\Assertions\InvalidSignatureException.cs(3,7): error CS0246: The type or namespace name 'NUnit' could not be found (are you missing a using directive or an assembly reference?)
Library\PackageCache\com.unity.test-framework@80f691d4262b\UnityEngine.TestRunner\Assertions\OutOfOrderExpectedLogMessageException.cs(2,7): error CS0246: The type or namespace name 'NUnit' could not be found (are you missing a using directive or an assembly reference?)
Library\PackageCache\com.unity.test-framework@80f691d4262b\UnityEngine.TestRunner\Assertions\OutOfOrderExpectedLogMessageException.cs(3,7): error CS0246: The type or namespace name 'NUnit' could not be found (are you missing a using directive or an assembly reference?)
Library\PackageCache\com.unity.test-framework@80f691d4262b\UnityEngine.TestRunner\Assertions\UnexpectedLogMessageException.cs(2,7): error CS0246: The type or namespace name 'NUnit' could not be found (are you missing a using directive or an assembly reference?)
Library\PackageCache\com.unity.test-framework@80f691d4262b\UnityEngine.TestRunner\Assertions\UnexpectedLogMessageException.cs(3,7): error CS0246: The type or namespace name 'NUnit' could not be found (are you missing a using directive or an assembly reference?)
Library\PackageCache\com.unity.test-framework@80f691d4262b\UnityEngine.TestRunner\Assertions\UnhandledLogMessageException.cs(2,7): error CS0246: The type or namespace name 'NUnit' could not be found (are you missing a using directive or an assembly reference?)
Library\PackageCache\com.unity.test-framework@80f691d4262b\UnityEngine.TestRunner\Assertions\UnhandledLogMessageException.cs(3,7): error CS0246: The type or namespace name 'NUnit' could not be found (are you missing a using directive or an assembly reference?)
Library\PackageCache\com.unity.test-framework@80f691d4262b\UnityEngine.TestRunner\Assertions\UnityTestTimeoutException.cs(2,7): error CS0246: The type or namespace name 'NUnit' could not be found (are you missing a using directive or an assembly reference?)
Library\PackageCache\com.unity.test-framework@80f691d4262b\UnityEngine.TestRunner\Assertions\UnityTestTimeoutException.cs(3,7): error CS0246: The type or namespace name 'NUnit' could not be found (are you missing a using directive or an assembly reference?)
Library\PackageCache\com.unity.test-framework@80f691d4262b\UnityEngine.TestRunner\NUnitExtensions\Attributes\ConditionalIgnoreAttribute.cs(3,7): error CS0246: The type or namespace name 'NUnit' could not be found (are you missing a using directive or an assembly reference?)
Library\PackageCache\com.unity.test-framework@80f691d4262b\UnityEngine.TestRunner\NUnitExtensions\Attributes\ConditionalIgnoreAttribute.cs(4,7): error CS0246: The type or namespace name 'NUnit' could not be found (are you missing a using directive or an assembly reference?)
Library\PackageCache\com.unity.test-framework@80f691d4262b\UnityEngine.TestRunner\NUnitExtensions\Attributes\ConditionalIgnoreAttribute.cs(5,7): error CS0246: The type or namespace name 'NUnit' could not be found (are you missing a using directive or an assembly reference?)
Library\PackageCache\com.unity.test-framework@80f691d4262b\UnityEngine.TestRunner\NUnitExtensions\Attributes\ParametrizedIgnoreAttribute.cs(1,7): error CS0246: The type or namespace name 'NUnit' could not be found (are you missing a using directive or an assembly reference?)
Library\PackageCache\com.unity.test-framework@80f691d4262b\UnityEngine.TestRunner\NUnitExtensions\Attributes\ParametrizedIgnoreAttribute.cs(2,7): error CS0246: The type or namespace name 'NUnit' could not be found (are you missing a using directive or an assembly reference?)
Library\PackageCache\com.unity.test-framework@80f691d4262b\UnityEngine.TestRunner\NUnitExtensions\Attributes\ParametrizedIgnoreAttribute.cs(3,7): error CS0246: The type or namespace name 'NUnit' could not be found (are you missing a using directive or an assembly reference?)
Library\PackageCache\com.unity.test-framework@80f691d4262b\UnityEngine.TestRunner\NUnitExtensions\Attributes\PreservedValuesAttribute.cs(1,7): error CS0246: The type or namespace name 'NUnit' could not be found (are you missing a using directive or an assembly reference?)
Library\PackageCache\com.unity.test-framework@80f691d4262b\UnityEngine.TestRunner\NUnitExtensions\Attributes\TestEnumerator.cs(3,7): error CS0246: The type or namespace name 'NUnit' could not be found (are you missing a using directive or an assembly reference?)
Library\PackageCache\com.unity.test-framework@80f691d4262b\UnityEngine.TestRunner\NUnitExtensions\Attributes\TestEnumerator.cs(4,7): error CS0246: The type or namespace name 'NUnit' could not be found (are you missing a using directive or an assembly reference?)
Library\PackageCache\com.unity.test-framework@80f691d4262b\UnityEngine.TestRunner\NUnitExtensions\Attributes\UnityCombinatorialStrategy.cs(4,7): error CS0246: The type or namespace name 'NUnit' could not be found (are you missing a using directive or an assembly reference?)
Library\PackageCache\com.unity.test-framework@80f691d4262b\UnityEngine.TestRunner\NUnitExtensions\Attributes\UnityCombinatorialStrategy.cs(5,7): error CS0246: The type or namespace name 'NUnit' could not be found (are you missing a using directive or an assembly reference?)
Library\PackageCache\com.unity.test-framework@80f691d4262b\UnityEngine.TestRunner\NUnitExtensions\Attributes\UnityCoreClrExplicitDisabledAttribute.cs(5,7): error CS0246: The type or namespace name 'NUnit' could not be found (are you missing a using directive or an assembly reference?)
Library\PackageCache\com.unity.test-framework@80f691d4262b\UnityEngine.TestRunner\NUnitExtensions\Attributes\UnityCoreClrExplicitDisabledAttribute.cs(6,7): error CS0246: The type or namespace name 'NUnit' could not be found (are you missing a using directive or an assembly reference?)
Library\PackageCache\com.unity.test-framework@80f691d4262b\UnityEngine.TestRunner\NUnitExtensions\Attributes\UnityCoreClrExplicitDisabledAttribute.cs(7,7): error CS0246: The type or namespace name 'NUnit' could not be found (are you missing a using directive or an assembly reference?)
Library\PackageCache\com.unity.test-framework@80f691d4262b\UnityEngine.TestRunner\NUnitExtensions\Attributes\UnityOneTimeSetUpAttribute.cs(2,7): error CS0246: The type or namespace name 'NUnit' could not be found (are you missing a using directive or an assembly reference?)
Library\PackageCache\com.unity.test-framework@80f691d4262b\UnityEngine.TestRunner\NUnitExtensions\Attributes\UnityOneTimeTearDownAttribute.cs(2,7): error CS0246: The type or namespace name 'NUnit' could not be found (are you missing a using directive or an assembly reference?)
Library\PackageCache\com.unity.test-framework@80f691d4262b\UnityEngine.TestRunner\NUnitExtensions\Attributes\UnityPlatformAttribute.cs(4,7): error CS0246: The type or namespace name 'NUnit' could not be found (are you missing a using directive or an assembly reference?)
Library\PackageCache\com.unity.test-framework@80f691d4262b\UnityEngine.TestRunner\NUnitExtensions\Attributes\UnityPlatformAttribute.cs(5,7): error CS0246: The type or namespace name 'NUnit' could not be found (are you missing a using directive or an assembly reference?)
Library\PackageCache\com.unity.test-framework@80f691d4262b\UnityEngine.TestRunner\NUnitExtensions\Attributes\UnityPlatformAttribute.cs(6,7): error CS0246: The type or namespace name 'NUnit' could not be found (are you missing a using directive or an assembly reference?)
Library\PackageCache\com.unity.test-framework@80f691d4262b\UnityEngine.TestRunner\NUnitExtensions\Attributes\UnitySetUpAttribute.cs(2,7): error CS0246: The type or namespace name 'NUnit' could not be found (are you missing a using directive or an assembly reference?)
Library\PackageCache\com.unity.test-framework@80f691d4262b\UnityEngine.TestRunner\NUnitExtensions\Attributes\UnityTearDownAttribute.cs(2,7): error CS0246: The type or namespace name 'NUnit' could not be found (are you missing a using directive or an assembly reference?)
Library\PackageCache\com.unity.test-framework@80f691d4262b\UnityEngine.TestRunner\NUnitExtensions\Attributes\UnityTestAttribute.cs(4,7): error CS0246: The type or namespace name 'NUnit' could not be found (are you missing a using directive or an assembly reference?)
Library\PackageCache\com.unity.test-framework@80f691d4262b\UnityEngine.TestRunner\NUnitExtensions\Attributes\UnityTestAttribute.cs(5,7): error CS0246: The type or namespace name 'NUnit' could not be found (are you missing a using directive or an assembly reference?)
Library\PackageCache\com.unity.test-framework@80f691d4262b\UnityEngine.TestRunner\NUnitExtensions\Attributes\UnityTestAttribute.cs(6,7): error CS0246: The type or namespace name 'NUnit' could not be found (are you missing a using directive or an assembly reference?)
Library\PackageCache\com.unity.test-framework@80f691d4262b\UnityEngine.TestRunner\NUnitExtensions\Attributes\UnityTestAttribute.cs(7,7): error CS0246: The type or namespace name 'NUnit' could not be found (are you missing a using directive or an assembly reference?)
Library\PackageCache\com.unity.test-framework@80f691d4262b\UnityEngine.TestRunner\NUnitExtensions\BaseDelegator.cs(3,7): error CS0246: The type or namespace name 'NUnit' could not be found (are you missing a using directive or an assembly reference?)
Library\PackageCache\com.unity.test-framework@80f691d4262b\UnityEngine.TestRunner\NUnitExtensions\Commands\BeforeAfterTestCommandBase.cs(6,7): error CS0246: The type or namespace name 'NUnit' could not be found (are you missing a using directive or an assembly reference?)
Library\PackageCache\com.unity.test-framework@80f691d4262b\UnityEngine.TestRunner\NUnitExtensions\Commands\BeforeAfterTestCommandBase.cs(7,7): error CS0246: The type or namespace name 'NUnit' could not be found (are you missing a using directive or an assembly reference?)
Library\PackageCache\com.unity.test-framework@80f691d4262b\UnityEngine.TestRunner\NUnitExtensions\Commands\BeforeAfterTestCommandBase.cs(8,7): error CS0246: The type or namespace name 'NUnit' could not be found (are you missing a using directive or an assembly reference?)
Library\PackageCache\com.unity.test-framework@80f691d4262b\UnityEngine.TestRunner\NUnitExtensions\Commands\BeforeAfterTestCommandState.cs(4,7): error CS0246: The type or namespace name 'NUnit' could not be found (are you missing a using directive or an assembly reference?)
Library\PackageCache\com.unity.test-framework@80f691d4262b\UnityEngine.TestRunner\NUnitExtensions\Commands\EnumerableApplyChangesToContextCommand.cs(4,7): error CS0246: The type or namespace name 'NUnit' could not be found (are you missing a using directive or an assembly reference?)
Library\PackageCache\com.unity.test-framework@80f691d4262b\UnityEngine.TestRunner\NUnitExtensions\Commands\EnumerableApplyChangesToContextCommand.cs(5,7): error CS0246: The type or namespace name 'NUnit' could not be found (are you missing a using directive or an assembly reference?)
Library\PackageCache\com.unity.test-framework@80f691d4262b\UnityEngine.TestRunner\NUnitExtensions\Commands\EnumerableApplyChangesToContextCommand.cs(6,7): error CS0246: The type or namespace name 'NUnit' could not be found (are you missing a using directive or an assembly reference?)
Library\PackageCache\com.unity.test-framework@80f691d4262b\UnityEngine.TestRunner\NUnitExtensions\Commands\EnumerableMaxTimeCommand.cs(4,7): error CS0246: The type or namespace name 'NUnit' could not be found (are you missing a using directive or an assembly reference?)
Library\PackageCache\com.unity.test-framework@80f691d4262b\UnityEngine.TestRunner\NUnitExtensions\Commands\EnumerableMaxTimeCommand.cs(5,7): error CS0246: The type or namespace name 'NUnit' could not be found (are you missing a using directive or an assembly reference?)
Library\PackageCache\com.unity.test-framework@80f691d4262b\UnityEngine.TestRunner\NUnitExtensions\Commands\EnumerableMaxTimeCommand.cs(6,7): error CS0246: The type or namespace name 'NUnit' could not be found (are you missing a using directive or an assembly reference?)
Library\PackageCache\com.unity.test-framework@80f691d4262b\UnityEngine.TestRunner\NUnitExtensions\Commands\EnumerableOneTimeSetUpTearDownCommand.cs(6,7): error CS0246: The type or namespace name 'NUnit' could not be found (are you missing a using directive or an assembly reference?)
Library\PackageCache\com.unity.test-framework@80f691d4262b\UnityEngine.TestRunner\NUnitExtensions\Commands\EnumerableOneTimeSetUpTearDownCommand.cs(7,7): error CS0246: The type or namespace name 'NUnit' could not be found (are you missing a using directive or an assembly reference?)
Library\PackageCache\com.unity.test-framework@80f691d4262b\UnityEngine.TestRunner\NUnitExtensions\Commands\EnumerableOneTimeSetUpTearDownCommand.cs(8,7): error CS0246: The type or namespace name 'NUnit' could not be found (are you missing a using directive or an assembly reference?)
Library\PackageCache\com.unity.test-framework@80f691d4262b\UnityEngine.TestRunner\NUnitExtensions\Commands\EnumerableRepeatedTestCommand.cs(4,7): error CS0246: The type or namespace name 'NUnit' could not be found (are you missing a using directive or an assembly reference?)
Library\PackageCache\com.unity.test-framework@80f691d4262b\UnityEngine.TestRunner\NUnitExtensions\Commands\EnumerableRepeatedTestCommand.cs(5,7): error CS0246: The type or namespace name 'NUnit' could not be found (are you missing a using directive or an assembly reference?)
Library\PackageCache\com.unity.test-framework@80f691d4262b\UnityEngine.TestRunner\NUnitExtensions\Commands\EnumerableRepeatedTestCommand.cs(6,7): error CS0246: The type or namespace name 'NUnit' could not be found (are you missing a using directive or an assembly reference?)
Library\PackageCache\com.unity.test-framework@80f691d4262b\UnityEngine.TestRunner\NUnitExtensions\Commands\EnumerableRepeatedTestCommand.cs(7,7): error CS0246: The type or namespace name 'NUnit' could not be found (are you missing a using directive or an assembly reference?)
Library\PackageCache\com.unity.test-framework@80f691d4262b\UnityEngine.TestRunner\NUnitExtensions\Commands\EnumerableRetryTestCommand.cs(4,7): error CS0246: The type or namespace name 'NUnit' could not be found (are you missing a using directive or an assembly reference?)
Library\PackageCache\com.unity.test-framework@80f691d4262b\UnityEngine.TestRunner\NUnitExtensions\Commands\EnumerableRetryTestCommand.cs(5,7): error CS0246: The type or namespace name 'NUnit' could not be found (are you missing a using directive or an assembly reference?)
Library\PackageCache\com.unity.test-framework@80f691d4262b\UnityEngine.TestRunner\NUnitExtensions\Commands\EnumerableRetryTestCommand.cs(6,7): error CS0246: The type or namespace name 'NUnit' could not be found (are you missing a using directive or an assembly reference?)
Library\PackageCache\com.unity.test-framework@80f691d4262b\UnityEngine.TestRunner\NUnitExtensions\Commands\EnumerableRetryTestCommand.cs(7,7): error CS0246: The type or namespace name 'NUnit' could not be found (are you missing a using directive or an assembly reference?)
Library\PackageCache\com.unity.test-framework@80f691d4262b\UnityEngine.TestRunner\NUnitExtensions\Commands\EnumerableSetUpTearDownCommand.cs(6,7): error CS0246: The type or namespace name 'NUnit' could not be found (are you missing a using directive or an assembly reference?)
Library\PackageCache\com.unity.test-framework@80f691d4262b\UnityEngine.TestRunner\NUnitExtensions\Commands\EnumerableSetUpTearDownCommand.cs(7,7): error CS0246: The type or namespace name 'NUnit' could not be found (are you missing a using directive or an assembly reference?)
Library\PackageCache\com.unity.test-framework@80f691d4262b\UnityEngine.TestRunner\NUnitExtensions\Commands\EnumerableTestMethodCommand.cs(3,7): error CS0246: The type or namespace name 'NUnit' could not be found (are you missing a using directive or an assembly reference?)
Library\PackageCache\com.unity.test-framework@80f691d4262b\UnityEngine.TestRunner\NUnitExtensions\Commands\EnumerableTestMethodCommand.cs(4,7): error CS0246: The type or namespace name 'NUnit' could not be found (are you missing a using directive or an assembly reference?)
Library\PackageCache\com.unity.test-framework@80f691d4262b\UnityEngine.TestRunner\NUnitExtensions\Commands\EnumerableTestMethodCommand.cs(5,7): error CS0246: The type or namespace name 'NUnit' could not be found (are you missing a using directive or an assembly reference?)
Library\PackageCache\com.unity.test-framework@80f691d4262b\UnityEngine.TestRunner\NUnitExtensions\Commands\IgnoreTestCommand.cs(3,7): error CS0246: The type or namespace name 'NUnit' could not be found (are you missing a using directive or an assembly reference?)
Library\PackageCache\com.unity.test-framework@80f691d4262b\UnityEngine.TestRunner\NUnitExtensions\Commands\IgnoreTestCommand.cs(4,7): error CS0246: The type or namespace name 'NUnit' could not be found (are you missing a using directive or an assembly reference?)
Library\PackageCache\com.unity.test-framework@80f691d4262b\UnityEngine.TestRunner\NUnitExtensions\Commands\IgnoreTestCommand.cs(5,7): error CS0246: The type or namespace name 'NUnit' could not be found (are you missing a using directive or an assembly reference?)
Library\PackageCache\com.unity.test-framework@80f691d4262b\UnityEngine.TestRunner\NUnitExtensions\Commands\ImmediateEnumerableCommand.cs(2,7): error CS0246: The type or namespace name 'NUnit' could not be found (are you missing a using directive or an assembly reference?)
Library\PackageCache\com.unity.test-framework@80f691d4262b\UnityEngine.TestRunner\NUnitExtensions\Commands\ImmediateEnumerableCommand.cs(3,7): error CS0246: The type or namespace name 'NUnit' could not be found (are you missing a using directive or an assembly reference?)
Library\PackageCache\com.unity.test-framework@80f691d4262b\UnityEngine.TestRunner\NUnitExtensions\Commands\OuterUnityTestActionCommand.cs(5,7): error CS0246: The type or namespace name 'NUnit' could not be found (are you missing a using directive or an assembly reference?)
Library\PackageCache\com.unity.test-framework@80f691d4262b\UnityEngine.TestRunner\NUnitExtensions\Commands\OuterUnityTestActionCommand.cs(6,7): error CS0246: The type or namespace name 'NUnit' could not be found (are you missing a using directive or an assembly reference?)
Library\PackageCache\com.unity.test-framework@80f691d4262b\UnityEngine.TestRunner\NUnitExtensions\Commands\ParametrizedIgnoreCommand.cs(2,7): error CS0246: The type or namespace name 'NUnit' could not be found (are you missing a using directive or an assembly reference?)
Library\PackageCache\com.unity.test-framework@80f691d4262b\UnityEngine.TestRunner\NUnitExtensions\Commands\ParametrizedIgnoreCommand.cs(3,7): error CS0246: The type or namespace name 'NUnit' could not be found (are you missing a using directive or an assembly reference?)
Library\PackageCache\com.unity.test-framework@80f691d4262b\UnityEngine.TestRunner\NUnitExtensions\Commands\ParametrizedIgnoreCommand.cs(4,7): error CS0246: The type or namespace name 'NUnit' could not be found (are you missing a using directive or an assembly reference?)
Library\PackageCache\com.unity.test-framework@80f691d4262b\UnityEngine.TestRunner\NUnitExtensions\Commands\RepeatCommand.cs(4,7): error CS0246: The type or namespace name 'NUnit' could not be found (are you missing a using directive or an assembly reference?)
Library\PackageCache\com.unity.test-framework@80f691d4262b\UnityEngine.TestRunner\NUnitExtensions\Commands\RepeatCommand.cs(5,7): error CS0246: The type or namespace name 'NUnit' could not be found (are you missing a using directive or an assembly reference?)
Library\PackageCache\com.unity.test-framework@80f691d4262b\UnityEngine.TestRunner\NUnitExtensions\Commands\RepeatCommand.cs(6,7): error CS0246: The type or namespace name 'NUnit' could not be found (are you missing a using directive or an assembly reference?)
Library\PackageCache\com.unity.test-framework@80f691d4262b\UnityEngine.TestRunner\NUnitExtensions\Commands\RetryCommand.cs(4,7): error CS0246: The type or namespace name 'NUnit' could not be found (are you missing a using directive or an assembly reference?)
Library\PackageCache\com.unity.test-framework@80f691d4262b\UnityEngine.TestRunner\NUnitExtensions\Commands\RetryCommand.cs(5,7): error CS0246: The type or namespace name 'NUnit' could not be found (are you missing a using directive or an assembly reference?)
Library\PackageCache\com.unity.test-framework@80f691d4262b\UnityEngine.TestRunner\NUnitExtensions\Commands\RetryCommand.cs(6,7): error CS0246: The type or namespace name 'NUnit' could not be found (are you missing a using directive or an assembly reference?)
Library\PackageCache\com.unity.test-framework@80f691d4262b\UnityEngine.TestRunner\NUnitExtensions\Commands\SetUpTearDownCommand.cs(8,7): error CS0246: The type or namespace name 'NUnit' could not be found (are you missing a using directive or an assembly reference?)
Library\PackageCache\com.unity.test-framework@80f691d4262b\UnityEngine.TestRunner\NUnitExtensions\Commands\SetUpTearDownCommand.cs(9,7): error CS0246: The type or namespace name 'NUnit' could not be found (are you missing a using directive or an assembly reference?)
Library\PackageCache\com.unity.test-framework@80f691d4262b\UnityEngine.TestRunner\NUnitExtensions\Commands\SetUpTearDownCommand.cs(10,7): error CS0246: The type or namespace name 'NUnit' could not be found (are you missing a using directive or an assembly reference?)
Library\PackageCache\com.unity.test-framework@80f691d4262b\UnityEngine.TestRunner\NUnitExtensions\Commands\StrictCheckCommand.cs(3,7): error CS0246: The type or namespace name 'NUnit' could not be found (are you missing a using directive or an assembly reference?)
Library\PackageCache\com.unity.test-framework@80f691d4262b\UnityEngine.TestRunner\NUnitExtensions\Commands\StrictCheckCommand.cs(4,7): error CS0246: The type or namespace name 'NUnit' could not be found (are you missing a using directive or an assembly reference?)
Library\PackageCache\com.unity.test-framework@80f691d4262b\UnityEngine.TestRunner\NUnitExtensions\Commands\StrictCheckCommand.cs(5,7): error CS0246: The type or namespace name 'NUnit' could not be found (are you missing a using directive or an assembly reference?)
Library\PackageCache\com.unity.test-framework@80f691d4262b\UnityEngine.TestRunner\NUnitExtensions\Commands\TaskTestMethodCommand.cs(3,7): error CS0246: The type or namespace name 'NUnit' could not be found (are you missing a using directive or an assembly reference?)
Library\PackageCache\com.unity.test-framework@80f691d4262b\UnityEngine.TestRunner\NUnitExtensions\Commands\TaskTestMethodCommand.cs(4,7): error CS0246: The type or namespace name 'NUnit' could not be found (are you missing a using directive or an assembly reference?)
Library\PackageCache\com.unity.test-framework@80f691d4262b\UnityEngine.TestRunner\NUnitExtensions\Commands\TaskTestMethodCommand.cs(5,7): error CS0246: The type or namespace name 'NUnit' could not be found (are you missing a using directive or an assembly reference?)
Library\PackageCache\com.unity.test-framework@80f691d4262b\UnityEngine.TestRunner\NUnitExtensions\Commands\TestActionCommand.cs(5,7): error CS0246: The type or namespace name 'NUnit' could not be found (are you missing a using directive or an assembly reference?)
Library\PackageCache\com.unity.test-framework@80f691d4262b\UnityEngine.TestRunner\NUnitExtensions\Commands\TestActionCommand.cs(6,7): error CS0246: The type or namespace name 'NUnit' could not be found (are you missing a using directive or an assembly reference?)
Library\PackageCache\com.unity.test-framework@80f691d4262b\UnityEngine.TestRunner\NUnitExtensions\Commands\TestActionCommand.cs(7,7): error CS0246: The type or namespace name 'NUnit' could not be found (are you missing a using directive or an assembly reference?)
Library\PackageCache\com.unity.test-framework@80f691d4262b\UnityEngine.TestRunner\NUnitExtensions\Commands\TimeoutCommand.cs(4,7): error CS0246: The type or namespace name 'NUnit' could not be found (are you missing a using directive or an assembly reference?)
Library\PackageCache\com.unity.test-framework@80f691d4262b\UnityEngine.TestRunner\NUnitExtensions\Commands\TimeoutCommand.cs(5,7): error CS0246: The type or namespace name 'NUnit' could not be found (are you missing a using directive or an assembly reference?)
Library\PackageCache\com.unity.test-framework@80f691d4262b\UnityEngine.TestRunner\NUnitExtensions\Commands\TimeoutCommand.cs(6,7): error CS0246: The type or namespace name 'NUnit' could not be found (are you missing a using directive or an assembly reference?)
Library\PackageCache\com.unity.test-framework@80f691d4262b\UnityEngine.TestRunner\NUnitExtensions\Commands\UnityTestMethodCommand.cs(1,7): error CS0246: The type or namespace name 'NUnit' could not be found (are you missing a using directive or an assembly reference?)
Library\PackageCache\com.unity.test-framework@80f691d4262b\UnityEngine.TestRunner\NUnitExtensions\Commands\UnityTestMethodCommand.cs(2,7): error CS0246: The type or namespace name 'NUnit' could not be found (are you missing a using directive or an assembly reference?)
Library\PackageCache\com.unity.test-framework@80f691d4262b\UnityEngine.TestRunner\NUnitExtensions\Commands\UnityTestMethodCommand.cs(3,7): error CS0246: The type or namespace name 'NUnit' could not be found (are you missing a using directive or an assembly reference?)
Library\PackageCache\com.unity.test-framework@80f691d4262b\UnityEngine.TestRunner\NUnitExtensions\ConstructDelegator.cs(2,7): error CS0246: The type or namespace name 'NUnit' could not be found (are you missing a using directive or an assembly reference?)
Library\PackageCache\com.unity.test-framework@80f691d4262b\UnityEngine.TestRunner\NUnitExtensions\Filters\AndFilterExtended.cs(3,7): error CS0246: The type or namespace name 'NUnit' could not be found (are you missing a using directive or an assembly reference?)
Library\PackageCache\com.unity.test-framework@80f691d4262b\UnityEngine.TestRunner\NUnitExtensions\Filters\AndFilterExtended.cs(4,7): error CS0246: The type or namespace name 'NUnit' could not be found (are you missing a using directive or an assembly reference?)
Library\PackageCache\com.unity.test-framework@80f691d4262b\UnityEngine.TestRunner\NUnitExtensions\Filters\AndFilterExtended.cs(5,7): error CS0246: The type or namespace name 'NUnit' could not be found (are you missing a using directive or an assembly reference?)
Library\PackageCache\com.unity.test-framework@80f691d4262b\UnityEngine.TestRunner\NUnitExtensions\Filters\AssemblyNameFilter.cs(2,7): error CS0246: The type or namespace name 'NUnit' could not be found (are you missing a using directive or an assembly reference?)
Library\PackageCache\com.unity.test-framework@80f691d4262b\UnityEngine.TestRunner\NUnitExtensions\Filters\AssemblyNameFilter.cs(3,7): error CS0246: The type or namespace name 'NUnit' could not be found (are you missing a using directive or an assembly reference?)
Library\PackageCache\com.unity.test-framework@80f691d4262b\UnityEngine.TestRunner\NUnitExtensions\Filters\CategoryFilterExtended.cs(5,7): error CS0246: The type or namespace name 'NUnit' could not be found (are you missing a using directive or an assembly reference?)
Library\PackageCache\com.unity.test-framework@80f691d4262b\UnityEngine.TestRunner\NUnitExtensions\Filters\CategoryFilterExtended.cs(6,7): error CS0246: The type or namespace name 'NUnit' could not be found (are you missing a using directive or an assembly reference?)
Library\PackageCache\com.unity.test-framework@80f691d4262b\UnityEngine.TestRunner\NUnitExtensions\Filters\CategoryFilterExtended.cs(7,7): error CS0246: The type or namespace name 'NUnit' could not be found (are you missing a using directive or an assembly reference?)
Library\PackageCache\com.unity.test-framework@80f691d4262b\UnityEngine.TestRunner\NUnitExtensions\Filters\EditorOnlyFilter.cs(2,7): error CS0246: The type or namespace name 'NUnit' could not be found (are you missing a using directive or an assembly reference?)
Library\PackageCache\com.unity.test-framework@80f691d4262b\UnityEngine.TestRunner\NUnitExtensions\Filters\FullNameFilter.cs(2,7): error CS0246: The type or namespace name 'NUnit' could not be found (are you missing a using directive or an assembly reference?)
Library\PackageCache\com.unity.test-framework@80f691d4262b\UnityEngine.TestRunner\NUnitExtensions\Filters\NonExplicitFilter.cs(2,7): error CS0246: The type or namespace name 'NUnit' could not be found (are you missing a using directive or an assembly reference?)
Library\PackageCache\com.unity.test-framework@80f691d4262b\UnityEngine.TestRunner\NUnitExtensions\IAsyncTestAssemblyBuilder.cs(4,7): error CS0246: The type or namespace name 'NUnit' could not be found (are you missing a using directive or an assembly reference?)
Library\PackageCache\com.unity.test-framework@80f691d4262b\UnityEngine.TestRunner\NUnitExtensions\IAsyncTestAssemblyBuilder.cs(5,7): error CS0246: The type or namespace name 'NUnit' could not be found (are you missing a using directive or an assembly reference?)
Library\PackageCache\com.unity.test-framework@80f691d4262b\UnityEngine.TestRunner\NUnitExtensions\ITestSuiteModifier.cs(1,7): error CS0246: The type or namespace name 'NUnit' could not be found (are you missing a using directive or an assembly reference?)
Library\PackageCache\com.unity.test-framework@80f691d4262b\UnityEngine.TestRunner\NUnitExtensions\OrderedTestSuiteModifier.cs(6,7): error CS0246: The type or namespace name 'NUnit' could not be found (are you missing a using directive or an assembly reference?)
Library\PackageCache\com.unity.test-framework@80f691d4262b\UnityEngine.TestRunner\NUnitExtensions\OrderedTestSuiteModifier.cs(7,7): error CS0246: The type or namespace name 'NUnit' could not be found (are you missing a using directive or an assembly reference?)
Library\PackageCache\com.unity.test-framework@80f691d4262b\UnityEngine.TestRunner\NUnitExtensions\Runner\CompositeWorkItem.cs(7,7): error CS0246: The type or namespace name 'NUnit' could not be found (are you missing a using directive or an assembly reference?)
Library\PackageCache\com.unity.test-framework@80f691d4262b\UnityEngine.TestRunner\NUnitExtensions\Runner\CompositeWorkItem.cs(8,7): error CS0246: The type or namespace name 'NUnit' could not be found (are you missing a using directive or an assembly reference?)
Library\PackageCache\com.unity.test-framework@80f691d4262b\UnityEngine.TestRunner\NUnitExtensions\Runner\CompositeWorkItem.cs(9,7): error CS0246: The type or namespace name 'NUnit' could not be found (are you missing a using directive or an assembly reference?)
Library\PackageCache\com.unity.test-framework@80f691d4262b\UnityEngine.TestRunner\NUnitExtensions\Runner\CompositeWorkItem.cs(10,7): error CS0246: The type or namespace name 'NUnit' could not be found (are you missing a using directive or an assembly reference?)
Library\PackageCache\com.unity.test-framework@80f691d4262b\UnityEngine.TestRunner\NUnitExtensions\Runner\CompositeWorkItem.cs(11,7): error CS0246: The type or namespace name 'NUnit' could not be found (are you missing a using directive or an assembly reference?)
Library\PackageCache\com.unity.test-framework@80f691d4262b\UnityEngine.TestRunner\NUnitExtensions\Runner\CoroutineTestWorkItem.cs(3,7): error CS0246: The type or namespace name 'NUnit' could not be found (are you missing a using directive or an assembly reference?)
Library\PackageCache\com.unity.test-framework@80f691d4262b\UnityEngine.TestRunner\NUnitExtensions\Runner\CoroutineTestWorkItem.cs(4,7): error CS0246: The type or namespace name 'NUnit' could not be found (are you missing a using directive or an assembly reference?)
Library\PackageCache\com.unity.test-framework@80f691d4262b\UnityEngine.TestRunner\NUnitExtensions\Runner\CoroutineTestWorkItem.cs(5,7): error CS0246: The type or namespace name 'NUnit' could not be found (are you missing a using directive or an assembly reference?)
Library\PackageCache\com.unity.test-framework@80f691d4262b\UnityEngine.TestRunner\NUnitExtensions\Runner\DefaultTestWorkItem.cs(3,7): error CS0246: The type or namespace name 'NUnit' could not be found (are you missing a using directive or an assembly reference?)
Library\PackageCache\com.unity.test-framework@80f691d4262b\UnityEngine.TestRunner\NUnitExtensions\Runner\DefaultTestWorkItem.cs(4,7): error CS0246: The type or namespace name 'NUnit' could not be found (are you missing a using directive or an assembly reference?)
Library\PackageCache\com.unity.test-framework@80f691d4262b\UnityEngine.TestRunner\NUnitExtensions\Runner\DefaultTestWorkItem.cs(5,7): error CS0246: The type or namespace name 'NUnit' could not be found (are you missing a using directive or an assembly reference?)
Library\PackageCache\com.unity.test-framework@80f691d4262b\UnityEngine.TestRunner\NUnitExtensions\Runner\FailCommand.cs(3,7): error CS0246: The type or namespace name 'NUnit' could not be found (are you missing a using directive or an assembly reference?)
Library\PackageCache\com.unity.test-framework@80f691d4262b\UnityEngine.TestRunner\NUnitExtensions\Runner\FailCommand.cs(4,7): error CS0246: The type or namespace name 'NUnit' could not be found (are you missing a using directive or an assembly reference?)
Library\PackageCache\com.unity.test-framework@80f691d4262b\UnityEngine.TestRunner\NUnitExtensions\Runner\FailCommand.cs(5,7): error CS0246: The type or namespace name 'NUnit' could not be found (are you missing a using directive or an assembly reference?)
Library\PackageCache\com.unity.test-framework@80f691d4262b\UnityEngine.TestRunner\NUnitExtensions\Runner\IEnumerableTestMethodCommand.cs(3,7): error CS0246: The type or namespace name 'NUnit' could not be found (are you missing a using directive or an assembly reference?)
Library\PackageCache\com.unity.test-framework@80f691d4262b\UnityEngine.TestRunner\NUnitExtensions\Runner\ITestCommandWrapper.cs(1,7): error CS0246: The type or namespace name 'NUnit' could not be found (are you missing a using directive or an assembly reference?)
Library\PackageCache\com.unity.test-framework@80f691d4262b\UnityEngine.TestRunner\NUnitExtensions\Runner\ITestCommandWrapper.cs(2,7): error CS0246: The type or namespace name 'NUnit' could not be found (are you missing a using directive or an assembly reference?)
Library\PackageCache\com.unity.test-framework@80f691d4262b\UnityEngine.TestRunner\NUnitExtensions\Runner\PlaymodeWorkItemFactory.cs(2,7): error CS0246: The type or namespace name 'NUnit' could not be found (are you missing a using directive or an assembly reference?)
Library\PackageCache\com.unity.test-framework@80f691d4262b\UnityEngine.TestRunner\NUnitExtensions\Runner\PlaymodeWorkItemFactory.cs(3,7): error CS0246: The type or namespace name 'NUnit' could not be found (are you missing a using directive or an assembly reference?)
Library\PackageCache\com.unity.test-framework@80f691d4262b\UnityEngine.TestRunner\NUnitExtensions\Runner\TestCommandBuilder.cs(5,7): error CS0246: The type or namespace name 'NUnit' could not be found (are you missing a using directive or an assembly reference?)
Library\PackageCache\com.unity.test-framework@80f691d4262b\UnityEngine.TestRunner\NUnitExtensions\Runner\TestCommandBuilder.cs(6,7): error CS0246: The type or namespace name 'NUnit' could not be found (are you missing a using directive or an assembly reference?)
Library\PackageCache\com.unity.test-framework@80f691d4262b\UnityEngine.TestRunner\NUnitExtensions\Runner\TestCommandBuilder.cs(7,7): error CS0246: The type or namespace name 'NUnit' could not be found (are you missing a using directive or an assembly reference?)
Library\PackageCache\com.unity.test-framework@80f691d4262b\UnityEngine.TestRunner\NUnitExtensions\Runner\TestCommandBuilder.cs(8,7): error CS0246: The type or namespace name 'NUnit' could not be found (are you missing a using directive or an assembly reference?)
Library\PackageCache\com.unity.test-framework@80f691d4262b\UnityEngine.TestRunner\NUnitExtensions\Runner\UnityLogCheckDelegatingCommand.cs(6,7): error CS0246: The type or namespace name 'NUnit' could not be found (are you missing a using directive or an assembly reference?)
Library\PackageCache\com.unity.test-framework@80f691d4262b\UnityEngine.TestRunner\NUnitExtensions\Runner\UnityLogCheckDelegatingCommand.cs(7,7): error CS0246: The type or namespace name 'NUnit' could not be found (are you missing a using directive or an assembly reference?)
Library\PackageCache\com.unity.test-framework@80f691d4262b\UnityEngine.TestRunner\NUnitExtensions\Runner\UnityTestAssemblyRunner.cs(6,7): error CS0246: The type or namespace name 'NUnit' could not be found (are you missing a using directive or an assembly reference?)
Library\PackageCache\com.unity.test-framework@80f691d4262b\UnityEngine.TestRunner\NUnitExtensions\Runner\UnityTestAssemblyRunner.cs(7,7): error CS0246: The type or namespace name 'NUnit' could not be found (are you missing a using directive or an assembly reference?)
Library\PackageCache\com.unity.test-framework@80f691d4262b\UnityEngine.TestRunner\NUnitExtensions\Runner\UnityTestAssemblyRunner.cs(8,7): error CS0246: The type or namespace name 'NUnit' could not be found (are you missing a using directive or an assembly reference?)
Library\PackageCache\com.unity.test-framework@80f691d4262b\UnityEngine.TestRunner\NUnitExtensions\Runner\UnityTestAssemblyRunner.cs(9,7): error CS0246: The type or namespace name 'NUnit' could not be found (are you missing a using directive or an assembly reference?)
Library\PackageCache\com.unity.test-framework@80f691d4262b\UnityEngine.TestRunner\NUnitExtensions\Runner\UnityTestExecutionContext.cs(6,7): error CS0246: The type or namespace name 'NUnit' could not be found (are you missing a using directive or an assembly reference?)
Library\PackageCache\com.unity.test-framework@80f691d4262b\UnityEngine.TestRunner\NUnitExtensions\Runner\UnityTestExecutionContext.cs(7,7): error CS0246: The type or namespace name 'NUnit' could not be found (are you missing a using directive or an assembly reference?)
Library\PackageCache\com.unity.test-framework@80f691d4262b\UnityEngine.TestRunner\NUnitExtensions\Runner\UnityTestExecutionContext.cs(8,7): error CS0246: The type or namespace name 'NUnit' could not be found (are you missing a using directive or an assembly reference?)
Library\PackageCache\com.unity.test-framework@80f691d4262b\UnityEngine.TestRunner\NUnitExtensions\Runner\UnityTestExecutionContext.cs(9,7): error CS0246: The type or namespace name 'NUnit' could not be found (are you missing a using directive or an assembly reference?)
Library\PackageCache\com.unity.test-framework@80f691d4262b\UnityEngine.TestRunner\NUnitExtensions\Runner\UnityTestExecutionContext.cs(10,7): error CS0246: The type or namespace name 'NUnit' could not be found (are you missing a using directive or an assembly reference?)
Library\PackageCache\com.unity.test-framework@80f691d4262b\UnityEngine.TestRunner\NUnitExtensions\Runner\UnityWorkItem.cs(6,7): error CS0246: The type or namespace name 'NUnit' could not be found (are you missing a using directive or an assembly reference?)
Library\PackageCache\com.unity.test-framework@80f691d4262b\UnityEngine.TestRunner\NUnitExtensions\Runner\UnityWorkItem.cs(7,7): error CS0246: The type or namespace name 'NUnit' could not be found (are you missing a using directive or an assembly reference?)
Library\PackageCache\com.unity.test-framework@80f691d4262b\UnityEngine.TestRunner\NUnitExtensions\Runner\UnityWorkItem.cs(8,7): error CS0246: The type or namespace name 'NUnit' could not be found (are you missing a using directive or an assembly reference?)
Library\PackageCache\com.unity.test-framework@80f691d4262b\UnityEngine.TestRunner\NUnitExtensions\Runner\UnityWorkItem.cs(9,7): error CS0246: The type or namespace name 'NUnit' could not be found (are you missing a using directive or an assembly reference?)
Library\PackageCache\com.unity.test-framework@80f691d4262b\UnityEngine.TestRunner\NUnitExtensions\Runner\WorkItemFactory.cs(3,7): error CS0246: The type or namespace name 'NUnit' could not be found (are you missing a using directive or an assembly reference?)
Library\PackageCache\com.unity.test-framework@80f691d4262b\UnityEngine.TestRunner\NUnitExtensions\Runner\WorkItemFactory.cs(4,7): error CS0246: The type or namespace name 'NUnit' could not be found (are you missing a using directive or an assembly reference?)
Library\PackageCache\com.unity.test-framework@80f691d4262b\UnityEngine.TestRunner\NUnitExtensions\TestExtensions.cs(4,7): error CS0246: The type or namespace name 'NUnit' could not be found (are you missing a using directive or an assembly reference?)
Library\PackageCache\com.unity.test-framework@80f691d4262b\UnityEngine.TestRunner\NUnitExtensions\TestExtensions.cs(5,7): error CS0246: The type or namespace name 'NUnit' could not be found (are you missing a using directive or an assembly reference?)
Library\PackageCache\com.unity.test-framework@80f691d4262b\UnityEngine.TestRunner\NUnitExtensions\TestResultExtensions.cs(2,7): error CS0246: The type or namespace name 'NUnit' could not be found (are you missing a using directive or an assembly reference?)
Library\PackageCache\com.unity.test-framework@80f691d4262b\UnityEngine.TestRunner\NUnitExtensions\TestResultExtensions.cs(3,7): error CS0246: The type or namespace name 'NUnit' could not be found (are you missing a using directive or an assembly reference?)
Library\PackageCache\com.unity.test-framework@80f691d4262b\UnityEngine.TestRunner\NUnitExtensions\TestResultExtensions.cs(4,7): error CS0246: The type or namespace name 'NUnit' could not be found (are you missing a using directive or an assembly reference?)
Library\PackageCache\com.unity.test-framework@80f691d4262b\UnityEngine.TestRunner\NUnitExtensions\TestResultExtensions.cs(5,7): error CS0246: The type or namespace name 'NUnit' could not be found (are you missing a using directive or an assembly reference?)
Library\PackageCache\com.unity.test-framework@80f691d4262b\UnityEngine.TestRunner\NUnitExtensions\UnityTestAssemblyBuilder.cs(5,7): error CS0246: The type or namespace name 'NUnit' could not be found (are you missing a using directive or an assembly reference?)
Library\PackageCache\com.unity.test-framework@80f691d4262b\UnityEngine.TestRunner\NUnitExtensions\UnityTestAssemblyBuilder.cs(6,7): error CS0246: The type or namespace name 'NUnit' could not be found (are you missing a using directive or an assembly reference?)
Library\PackageCache\com.unity.test-framework@80f691d4262b\UnityEngine.TestRunner\NUnitExtensions\UnityTestAssemblyBuilder.cs(7,7): error CS0246: The type or namespace name 'NUnit' could not be found (are you missing a using directive or an assembly reference?)
Library\PackageCache\com.unity.test-framework@80f691d4262b\UnityEngine.TestRunner\NUnitExtensions\UnityTestAssemblyBuilder.cs(8,7): error CS0246: The type or namespace name 'NUnit' could not be found (are you missing a using directive or an assembly reference?)
Library\PackageCache\com.unity.test-framework@80f691d4262b\UnityEngine.TestRunner\TestRunner\Callbacks\PlayModeRunnerCallback.cs(2,7): error CS0246: The type or namespace name 'NUnit' could not be found (are you missing a using directive or an assembly reference?)
Library\PackageCache\com.unity.test-framework@80f691d4262b\UnityEngine.TestRunner\TestRunner\Callbacks\PlayModeRunnerCallback.cs(3,7): error CS0246: The type or namespace name 'NUnit' could not be found (are you missing a using directive or an assembly reference?)
Library\PackageCache\com.unity.test-framework@80f691d4262b\UnityEngine.TestRunner\TestRunner\Callbacks\PlayerQuitHandler.cs(2,7): error CS0246: The type or namespace name 'NUnit' could not be found (are you missing a using directive or an assembly reference?)
Library\PackageCache\com.unity.test-framework@80f691d4262b\UnityEngine.TestRunner\TestRunner\Callbacks\RemoteTestResultSender.cs(5,7): error CS0246: The type or namespace name 'NUnit' could not be found (are you missing a using directive or an assembly reference?)
Library\PackageCache\com.unity.test-framework@80f691d4262b\UnityEngine.TestRunner\TestRunner\Callbacks\TestResultRenderer.cs(4,7): error CS0246: The type or namespace name 'NUnit' could not be found (are you missing a using directive or an assembly reference?)
Library\PackageCache\com.unity.test-framework@80f691d4262b\UnityEngine.TestRunner\TestRunner\Callbacks\TestResultRenderer.cs(5,7): error CS0246: The type or namespace name 'NUnit' could not be found (are you missing a using directive or an assembly reference?)
Library\PackageCache\com.unity.test-framework@80f691d4262b\UnityEngine.TestRunner\TestRunner\Callbacks\TestResultRendererCallback.cs(2,7): error CS0246: The type or namespace name 'NUnit' could not be found (are you missing a using directive or an assembly reference?)
Library\PackageCache\com.unity.test-framework@80f691d4262b\UnityEngine.TestRunner\TestRunner\ITestRunnerListener.cs(2,7): error CS0246: The type or namespace name 'NUnit' could not be found (are you missing a using directive or an assembly reference?)
Library\PackageCache\com.unity.test-framework@80f691d4262b\UnityEngine.TestRunner\TestRunner\PlaymodeTestsControllerSettings.cs(3,7): error CS0246: The type or namespace name 'NUnit' could not be found (are you missing a using directive or an assembly reference?)
Library\PackageCache\com.unity.test-framework@80f691d4262b\UnityEngine.TestRunner\TestRunner\PlaymodeTestsControllerSettings.cs(4,7): error CS0246: The type or namespace name 'NUnit' could not be found (are you missing a using directive or an assembly reference?)
Library\PackageCache\com.unity.test-framework@80f691d4262b\UnityEngine.TestRunner\TestRunner\RemoteHelpers\IRemoteTestResultDataFactory.cs(2,7): error CS0246: The type or namespace name 'NUnit' could not be found (are you missing a using directive or an assembly reference?)
Library\PackageCache\com.unity.test-framework@80f691d4262b\UnityEngine.TestRunner\TestRunner\RemoteHelpers\RemoteTestData.cs(3,7): error CS0246: The type or namespace name 'NUnit' could not be found (are you missing a using directive or an assembly reference?)
Library\PackageCache\com.unity.test-framework@80f691d4262b\UnityEngine.TestRunner\TestRunner\RemoteHelpers\RemoteTestData.cs(4,7): error CS0246: The type or namespace name 'NUnit' could not be found (are you missing a using directive or an assembly reference?)
Library\PackageCache\com.unity.test-framework@80f691d4262b\UnityEngine.TestRunner\TestRunner\RemoteHelpers\RemoteTestResultData.cs(3,7): error CS0246: The type or namespace name 'NUnit' could not be found (are you missing a using directive or an assembly reference?)
Library\PackageCache\com.unity.test-framework@80f691d4262b\UnityEngine.TestRunner\TestRunner\RemoteHelpers\RemoteTestResultDataFactory.cs(4,7): error CS0246: The type or namespace name 'NUnit' could not be found (are you missing a using directive or an assembly reference?)
Library\PackageCache\com.unity.test-framework@80f691d4262b\UnityEngine.TestRunner\TestRunner\RuntimeTestRunnerFilter.cs(5,7): error CS0246: The type or namespace name 'NUnit' could not be found (are you missing a using directive or an assembly reference?)
Library\PackageCache\com.unity.test-framework@80f691d4262b\UnityEngine.TestRunner\TestRunner\RuntimeTestRunnerFilter.cs(6,7): error CS0246: The type or namespace name 'NUnit' could not be found (are you missing a using directive or an assembly reference?)
Library\PackageCache\com.unity.test-framework@80f691d4262b\UnityEngine.TestRunner\TestRunner\RuntimeTestRunnerFilter.cs(7,7): error CS0246: The type or namespace name 'NUnit' could not be found (are you missing a using directive or an assembly reference?)
Library\PackageCache\com.unity.test-framework@80f691d4262b\UnityEngine.TestRunner\TestRunner\SynchronousFilter.cs(5,7): error CS0246: The type or namespace name 'NUnit' could not be found (are you missing a using directive or an assembly reference?)
Library\PackageCache\com.unity.test-framework@80f691d4262b\UnityEngine.TestRunner\TestRunner\SynchronousFilter.cs(6,7): error CS0246: The type or namespace name 'NUnit' could not be found (are you missing a using directive or an assembly reference?)
Library\PackageCache\com.unity.test-framework@80f691d4262b\UnityEngine.TestRunner\TestRunner\TestEnumeratorWrapper.cs(4,7): error CS0246: The type or namespace name 'NUnit' could not be found (are you missing a using directive or an assembly reference?)
Library\PackageCache\com.unity.test-framework@80f691d4262b\UnityEngine.TestRunner\TestRunner\TestEnumeratorWrapper.cs(5,7): error CS0246: The type or namespace name 'NUnit' could not be found (are you missing a using directive or an assembly reference?)
Library\PackageCache\com.unity.test-framework@80f691d4262b\UnityEngine.TestRunner\TestRunner\TestEnumeratorWrapper.cs(6,7): error CS0246: The type or namespace name 'NUnit' could not be found (are you missing a using directive or an assembly reference?)
Library\PackageCache\com.unity.test-framework@80f691d4262b\UnityEngine.TestRunner\TestRunner\TestListenerWrapper.cs(2,7): error CS0246: The type or namespace name 'NUnit' could not be found (are you missing a using directive or an assembly reference?)
Library\PackageCache\com.unity.test-framework@80f691d4262b\UnityEngine.TestRunner\TestRunner\TestTaskWrapper.cs(6,7): error CS0246: The type or namespace name 'NUnit' could not be found (are you missing a using directive or an assembly reference?)
Library\PackageCache\com.unity.test-framework@80f691d4262b\UnityEngine.TestRunner\TestRunner\TestTaskWrapper.cs(7,7): error CS0246: The type or namespace name 'NUnit' could not be found (are you missing a using directive or an assembly reference?)
Library\PackageCache\com.unity.test-framework@80f691d4262b\UnityEngine.TestRunner\TestRunner\TestTaskWrapper.cs(8,7): error CS0246: The type or namespace name 'NUnit' could not be found (are you missing a using directive or an assembly reference?)
Library\PackageCache\com.unity.test-framework@80f691d4262b\UnityEngine.TestRunner\Utils\CoroutineRunner.cs(3,7): error CS0246: The type or namespace name 'NUnit' could not be found (are you missing a using directive or an assembly reference?)
Library\PackageCache\com.unity.test-framework@80f691d4262b\UnityEngine.TestRunner\Utils\IOuterUnityTestAction.cs(3,7): error CS0246: The type or namespace name 'NUnit' could not be found (are you missing a using directive or an assembly reference?)
Library\PackageCache\com.unity.test-framework@80f691d4262b\UnityEngine.TestRunner\Utils\ITestRunCallback.cs(2,7): error CS0246: The type or namespace name 'NUnit' could not be found (are you missing a using directive or an assembly reference?)
Library\PackageCache\com.unity.test-framework@80f691d4262b\UnityEngine.TestRunner\Utils\TestData.cs(3,7): error CS0246: The type or namespace name 'NUnit' could not be found (are you missing a using directive or an assembly reference?)
Library\PackageCache\com.unity.test-framework@80f691d4262b\UnityEngine.TestRunner\Utils\TestRunCallbackListener.cs(3,7): error CS0246: The type or namespace name 'NUnit' could not be found (are you missing a using directive or an assembly reference?)
Library\PackageCache\com.unity.test-framework@80f691d4262b\UnityEngine.TestRunner\Utils\ITestRunCallback.cs(15,25): error CS0246: The type or namespace name 'ITest' could not be found (are you missing a using directive or an assembly reference?)
Library\PackageCache\com.unity.test-framework@80f691d4262b\UnityEngine.TestRunner\TestRunner\RemoteHelpers\IRemoteTestResultDataFactory.cs(8,63): error CS0246: The type or namespace name 'ITestResult' could not be found (are you missing a using directive or an assembly reference?)
Library\PackageCache\com.unity.test-framework@80f691d4262b\UnityEngine.TestRunner\NUnitExtensions\Filters\AndFilterExtended.cs(9,40): error CS0246: The type or namespace name 'AndFilter' could not be found (are you missing a using directive or an assembly reference?)
Library\PackageCache\com.unity.test-framework@80f691d4262b\UnityEngine.TestRunner\NUnitExtensions\ITestSuiteModifier.cs(7,31): error CS0246: The type or namespace name 'TestSuite' could not be found (are you missing a using directive or an assembly reference?)
Library\PackageCache\com.unity.test-framework@80f691d4262b\UnityEngine.TestRunner\NUnitExtensions\ITestSuiteModifier.cs(7,9): error CS0246: The type or namespace name 'TestSuite' could not be found (are you missing a using directive or an assembly reference?)
Library\PackageCache\com.unity.test-framework@80f691d4262b\UnityEngine.TestRunner\TestRunner\RemoteHelpers\IRemoteTestResultDataFactory.cs(9,57): error CS0246: The type or namespace name 'ITest' could not be found (are you missing a using directive or an assembly reference?)
Library\PackageCache\com.unity.test-framework@80f691d4262b\UnityEngine.TestRunner\Utils\ITestRunCallback.cs(20,26): error CS0246: The type or namespace name 'ITestResult' could not be found (are you missing a using directive or an assembly reference?)
Library\PackageCache\com.unity.test-framework@80f691d4262b\UnityEngine.TestRunner\Assertions\AllocatingGCMemoryConstraint.cs(34,49): error CS0246: The type or namespace name 'Constraint' could not be found (are you missing a using directive or an assembly reference?)
Library\PackageCache\com.unity.test-framework@80f691d4262b\UnityEngine.TestRunner\Utils\ITestRunCallback.cs(25,26): error CS0246: The type or namespace name 'ITest' could not be found (are you missing a using directive or an assembly reference?)
Library\PackageCache\com.unity.test-framework@80f691d4262b\UnityEngine.TestRunner\Utils\ITestRunCallback.cs(30,27): error CS0246: The type or namespace name 'ITestResult' could not be found (are you missing a using directive or an assembly reference?)
Library\PackageCache\com.unity.test-framework@80f691d4262b\UnityEngine.TestRunner\TestRunner\RemoteHelpers\RemoteTestResultDataFactory.cs(11,70): error CS0246: The type or namespace name 'ITestResult' could not be found (are you missing a using directive or an assembly reference?)
Library\PackageCache\com.unity.test-framework@80f691d4262b\UnityEngine.TestRunner\NUnitExtensions\Filters\AssemblyNameFilter.cs(7,41): error CS0246: The type or namespace name 'ValueMatchFilter' could not be found (are you missing a using directive or an assembly reference?)
Library\PackageCache\com.unity.test-framework@80f691d4262b\UnityEngine.TestRunner\TestRunner\RemoteHelpers\RemoteTestResultDataFactory.cs(22,64): error CS0246: The type or namespace name 'ITest' could not be found (are you missing a using directive or an assembly reference?)
Library\PackageCache\com.unity.test-framework@80f691d4262b\UnityEngine.TestRunner\NUnitExtensions\Filters\AndFilterExtended.cs(11,41): error CS0246: The type or namespace name 'ITestFilter' could not be found (are you missing a using directive or an assembly reference?)
Library\PackageCache\com.unity.test-framework@80f691d4262b\UnityEngine.TestRunner\NUnitExtensions\Filters\AndFilterExtended.cs(13,46): error CS0246: The type or namespace name 'ITest' could not be found (are you missing a using directive or an assembly reference?)
Library\PackageCache\com.unity.test-framework@80f691d4262b\UnityEngine.TestRunner\NUnitExtensions\Filters\AssemblyNameFilter.cs(11,36): error CS0246: The type or namespace name 'ITest' could not be found (are you missing a using directive or an assembly reference?)
Library\PackageCache\com.unity.test-framework@80f691d4262b\UnityEngine.TestRunner\TestRunner\RemoteHelpers\RemoteTestData.cs(23,16): error CS0246: The type or namespace name 'RunState' could not be found (are you missing a using directive or an assembly reference?)
Library\PackageCache\com.unity.test-framework@80f691d4262b\UnityEngine.TestRunner\TestRunner\RemoteHelpers\RemoteTestResultData.cs(14,16): error CS0246: The type or namespace name 'TestStatus' could not be found (are you missing a using directive or an assembly reference?)
Library\PackageCache\com.unity.test-framework@80f691d4262b\UnityEngine.TestRunner\Assertions\AllocatingGCMemoryConstraint.cs(53,17): error CS0246: The type or namespace name 'ConstraintResult' could not be found (are you missing a using directive or an assembly reference?)
Library\PackageCache\com.unity.test-framework@80f691d4262b\UnityEngine.TestRunner\NUnitExtensions\Filters\NonExplicitFilter.cs(6,49): error CS0246: The type or namespace name 'TestFilter' could not be found (are you missing a using directive or an assembly reference?)
Library\PackageCache\com.unity.test-framework@80f691d4262b\UnityEngine.TestRunner\Utils\TestRunCallbackListener.cs(14,32): error CS0246: The type or namespace name 'ITest' could not be found (are you missing a using directive or an assembly reference?)
Library\PackageCache\com.unity.test-framework@80f691d4262b\UnityEngine.TestRunner\NUnitExtensions\Filters\CategoryFilterExtended.cs(11,45): error CS0246: The type or namespace name 'CategoryFilter' could not be found (are you missing a using directive or an assembly reference?)
Library\PackageCache\com.unity.test-framework@80f691d4262b\UnityEngine.TestRunner\TestRunner\RemoteHelpers\RemoteTestData.cs(31,33): error CS0246: The type or namespace name 'ITest' could not be found (are you missing a using directive or an assembly reference?)
Library\PackageCache\com.unity.test-framework@80f691d4262b\UnityEngine.TestRunner\Assertions\AllocatingGCMemoryConstraint.cs(90,25): error CS0246: The type or namespace name 'ConstraintResult' could not be found (are you missing a using directive or an assembly reference?)
Library\PackageCache\com.unity.test-framework@80f691d4262b\UnityEngine.TestRunner\TestRunner\RemoteHelpers\RemoteTestResultDataFactory.cs(36,53): error CS0246: The type or namespace name 'ITest' could not be found (are you missing a using directive or an assembly reference?)
Library\PackageCache\com.unity.test-framework@80f691d4262b\UnityEngine.TestRunner\TestRunner\RemoteHelpers\RemoteTestResultDataFactory.cs(44,72): error CS0246: The type or namespace name 'ITestResult' could not be found (are you missing a using directive or an assembly reference?)
Library\PackageCache\com.unity.test-framework@80f691d4262b\UnityEngine.TestRunner\TestRunner\RemoteHelpers\RemoteTestResultData.cs(30,39): error CS0246: The type or namespace name 'ITestResult' could not be found (are you missing a using directive or an assembly reference?)
Library\PackageCache\com.unity.test-framework@80f691d4262b\UnityEngine.TestRunner\Utils\TestRunCallbackListener.cs(52,33): error CS0246: The type or namespace name 'ITestResult' could not be found (are you missing a using directive or an assembly reference?)
Library\PackageCache\com.unity.test-framework@80f691d4262b\UnityEngine.TestRunner\Utils\TestRunCallbackListener.cs(57,33): error CS0246: The type or namespace name 'ITest' could not be found (are you missing a using directive or an assembly reference?)
Library\PackageCache\com.unity.test-framework@80f691d4262b\UnityEngine.TestRunner\Utils\TestRunCallbackListener.cs(62,34): error CS0246: The type or namespace name 'ITestResult' could not be found (are you missing a using directive or an assembly reference?)
Library\PackageCache\com.unity.test-framework@80f691d4262b\UnityEngine.TestRunner\TestRunner\ITestRunnerListener.cs(9,25): error CS0246: The type or namespace name 'ITest' could not be found (are you missing a using directive or an assembly reference?)
Library\PackageCache\com.unity.test-framework@80f691d4262b\UnityEngine.TestRunner\Assertions\AllocatingGCMemoryConstraint.cs(112,59): error CS0246: The type or namespace name 'ActualValueDelegate<>' could not be found (are you missing a using directive or an assembly reference?)
Library\PackageCache\com.unity.test-framework@80f691d4262b\UnityEngine.TestRunner\Assertions\AllocatingGCMemoryConstraint.cs(112,25): error CS0246: The type or namespace name 'ConstraintResult' could not be found (are you missing a using directive or an assembly reference?)
Library\PackageCache\com.unity.test-framework@80f691d4262b\UnityEngine.TestRunner\NUnitExtensions\Filters\EditorOnlyFilter.cs(16,36): error CS0246: The type or namespace name 'ITest' could not be found (are you missing a using directive or an assembly reference?)
Library\PackageCache\com.unity.test-framework@80f691d4262b\UnityEngine.TestRunner\NUnitExtensions\Filters\CategoryFilterExtended.cs(19,36): error CS0246: The type or namespace name 'ITest' could not be found (are you missing a using directive or an assembly reference?)
Library\PackageCache\com.unity.test-framework@80f691d4262b\UnityEngine.TestRunner\Assertions\AllocatingGCMemoryConstraint.cs(36,50): error CS0246: The type or namespace name 'ConstraintResult' could not be found (are you missing a using directive or an assembly reference?)
Library\PackageCache\com.unity.test-framework@80f691d4262b\UnityEngine.TestRunner\NUnitExtensions\OrderedTestSuiteModifier.cs(23,38): error CS0246: The type or namespace name 'TestSuite' could not be found (are you missing a using directive or an assembly reference?)
Library\PackageCache\com.unity.test-framework@80f691d4262b\UnityEngine.TestRunner\NUnitExtensions\OrderedTestSuiteModifier.cs(23,16): error CS0246: The type or namespace name 'TestSuite' could not be found (are you missing a using directive or an assembly reference?)
Library\PackageCache\com.unity.test-framework@80f691d4262b\UnityEngine.TestRunner\NUnitExtensions\Filters\EditorOnlyFilter.cs(32,40): error CS0246: The type or namespace name 'TNode' could not be found (are you missing a using directive or an assembly reference?)
Library\PackageCache\com.unity.test-framework@80f691d4262b\UnityEngine.TestRunner\NUnitExtensions\Filters\EditorOnlyFilter.cs(32,25): error CS0246: The type or namespace name 'TNode' could not be found (are you missing a using directive or an assembly reference?)
Library\PackageCache\com.unity.test-framework@80f691d4262b\UnityEngine.TestRunner\NUnitExtensions\OrderedTestSuiteModifier.cs(75,60): error CS0246: The type or namespace name 'ITest' could not be found (are you missing a using directive or an assembly reference?)
Library\PackageCache\com.unity.test-framework@80f691d4262b\UnityEngine.TestRunner\NUnitExtensions\Filters\EditorOnlyFilter.cs(37,48): error CS0246: The type or namespace name 'ITest' could not be found (are you missing a using directive or an assembly reference?)
Library\PackageCache\com.unity.test-framework@80f691d4262b\UnityEngine.TestRunner\Assertions\AllocatingGCMemoryConstraint.cs(39,45): error CS0246: The type or namespace name 'IConstraint' could not be found (are you missing a using directive or an assembly reference?)
Library\PackageCache\com.unity.test-framework@80f691d4262b\UnityEngine.TestRunner\NUnitExtensions\OrderedTestSuiteModifier.cs(81,60): error CS0246: The type or namespace name 'ITest' could not be found (are you missing a using directive or an assembly reference?)
Library\PackageCache\com.unity.test-framework@80f691d4262b\UnityEngine.TestRunner\Assertions\AllocatingGCMemoryConstraint.cs(44,49): error CS0246: The type or namespace name 'MessageWriter' could not be found (are you missing a using directive or an assembly reference?)
Library\PackageCache\com.unity.test-framework@80f691d4262b\UnityEngine.TestRunner\TestRunner\ITestRunnerListener.cs(10,26): error CS0246: The type or namespace name 'ITestResult' could not be found (are you missing a using directive or an assembly reference?)
Library\PackageCache\com.unity.test-framework@80f691d4262b\UnityEngine.TestRunner\TestRunner\ITestRunnerListener.cs(11,26): error CS0246: The type or namespace name 'ITest' could not be found (are you missing a using directive or an assembly reference?)
Library\PackageCache\com.unity.test-framework@80f691d4262b\UnityEngine.TestRunner\NUnitExtensions\OrderedTestSuiteModifier.cs(98,89): error CS0246: The type or namespace name 'ITest' could not be found (are you missing a using directive or an assembly reference?)
Library\PackageCache\com.unity.test-framework@80f691d4262b\UnityEngine.TestRunner\NUnitExtensions\OrderedTestSuiteModifier.cs(98,106): error CS0246: The type or namespace name 'ITest' could not be found (are you missing a using directive or an assembly reference?)
Library\PackageCache\com.unity.test-framework@80f691d4262b\UnityEngine.TestRunner\NUnitExtensions\OrderedTestSuiteModifier.cs(98,29): error CS0246: The type or namespace name 'ITest' could not be found (are you missing a using directive or an assembly reference?)
Library\PackageCache\com.unity.test-framework@80f691d4262b\UnityEngine.TestRunner\TestRunner\ITestRunnerListener.cs(12,27): error CS0246: The type or namespace name 'ITestResult' could not be found (are you missing a using directive or an assembly reference?)
Library\PackageCache\com.unity.test-framework@80f691d4262b\UnityEngine.TestRunner\NUnitExtensions\OrderedTestSuiteModifier.cs(126,53): error CS0246: The type or namespace name 'ITest' could not be found (are you missing a using directive or an assembly reference?)
Library\PackageCache\com.unity.test-framework@80f691d4262b\UnityEngine.TestRunner\NUnitExtensions\OrderedTestSuiteModifier.cs(126,83): error CS0246: The type or namespace name 'ITest' could not be found (are you missing a using directive or an assembly reference?)
Library\PackageCache\com.unity.test-framework@80f691d4262b\UnityEngine.TestRunner\NUnitExtensions\Filters\FullNameFilter.cs(6,37): error CS0246: The type or namespace name 'NUnit' could not be found (are you missing a using directive or an assembly reference?)
Library\PackageCache\com.unity.test-framework@80f691d4262b\UnityEngine.TestRunner\NUnitExtensions\OrderedTestSuiteModifier.cs(131,39): error CS0246: The type or namespace name 'ITest' could not be found (are you missing a using directive or an assembly reference?)
Library\PackageCache\com.unity.test-framework@80f691d4262b\UnityEngine.TestRunner\NUnitExtensions\OrderedTestSuiteModifier.cs(131,24): error CS0246: The type or namespace name 'Test' could not be found (are you missing a using directive or an assembly reference?)
Library\PackageCache\com.unity.test-framework@80f691d4262b\UnityEngine.TestRunner\NUnitExtensions\Filters\FullNameFilter.cs(12,36): error CS0246: The type or namespace name 'ITest' could not be found (are you missing a using directive or an assembly reference?)
Library\PackageCache\com.unity.test-framework@80f691d4262b\UnityEngine.TestRunner\NUnitExtensions\OrderedTestSuiteModifier.cs(183,45): error CS0246: The type or namespace name 'ITest' could not be found (are you missing a using directive or an assembly reference?)
Library\PackageCache\com.unity.test-framework@80f691d4262b\UnityEngine.TestRunner\NUnitExtensions\OrderedTestSuiteModifier.cs(183,59): error CS0246: The type or namespace name 'ITest' could not be found (are you missing a using directive or an assembly reference?)
Library\PackageCache\com.unity.test-framework@80f691d4262b\UnityEngine.TestRunner\NUnitExtensions\OrderedTestSuiteModifier.cs(200,53): error CS0246: The type or namespace name 'ITest' could not be found (are you missing a using directive or an assembly reference?)
Library\PackageCache\com.unity.test-framework@80f691d4262b\UnityEngine.TestRunner\NUnitExtensions\OrderedTestSuiteModifier.cs(200,29): error CS0246: The type or namespace name 'ITest' could not be found (are you missing a using directive or an assembly reference?)
Library\PackageCache\com.unity.test-framework@80f691d4262b\UnityEngine.TestRunner\Assertions\ConstraintsExtensions.cs(17,76): error CS0246: The type or namespace name 'ConstraintExpression' could not be found (are you missing a using directive or an assembly reference?)
Library\PackageCache\com.unity.test-framework@80f691d4262b\UnityEngine.TestRunner\Assertions\Is.cs(10,23): error CS0246: The type or namespace name 'NUnit' could not be found (are you missing a using directive or an assembly reference?)
Library\PackageCache\com.unity.test-framework@80f691d4262b\UnityEngine.TestRunner\NUnitExtensions\OrderedTestSuiteModifier.cs(212,52): error CS0246: The type or namespace name 'ITest' could not be found (are you missing a using directive or an assembly reference?)
Library\PackageCache\com.unity.test-framework@80f691d4262b\UnityEngine.TestRunner\NUnitExtensions\OrderedTestSuiteModifier.cs(238,39): error CS0246: The type or namespace name 'ITest' could not be found (are you missing a using directive or an assembly reference?)
Library\PackageCache\com.unity.test-framework@80f691d4262b\UnityEngine.TestRunner\NUnitExtensions\OrderedTestSuiteModifier.cs(238,24): error CS0246: The type or namespace name 'ITest' could not be found (are you missing a using directive or an assembly reference?)
Library\PackageCache\com.unity.test-framework@80f691d4262b\UnityEngine.TestRunner\Assertions\InvalidSignatureException.cs(7,48): error CS0246: The type or namespace name 'ResultStateException' could not be found (are you missing a using directive or an assembly reference?)
Library\PackageCache\com.unity.test-framework@80f691d4262b\UnityEngine.TestRunner\NUnitExtensions\Attributes\PreservedValuesAttribute.cs(12,45): error CS0246: The type or namespace name 'ValuesAttribute' could not be found (are you missing a using directive or an assembly reference?)
Library\PackageCache\com.unity.test-framework@80f691d4262b\UnityEngine.TestRunner\Assertions\InvalidSignatureException.cs(14,25): error CS0246: The type or namespace name 'ResultState' could not be found (are you missing a using directive or an assembly reference?)
Library\PackageCache\com.unity.test-framework@80f691d4262b\UnityEngine.TestRunner\NUnitExtensions\TestExtensions.cs(13,62): error CS0246: The type or namespace name 'ITest' could not be found (are you missing a using directive or an assembly reference?)
Library\PackageCache\com.unity.test-framework@80f691d4262b\UnityEngine.TestRunner\NUnitExtensions\TestResultExtensions.cs(11,57): error CS0246: The type or namespace name 'TestResult' could not be found (are you missing a using directive or an assembly reference?)
Library\PackageCache\com.unity.test-framework@80f691d4262b\UnityEngine.TestRunner\NUnitExtensions\TestResultExtensions.cs(11,109): error CS0246: The type or namespace name 'ResultState' could not be found (are you missing a using directive or an assembly reference?)
Library\PackageCache\com.unity.test-framework@80f691d4262b\UnityEngine.TestRunner\Assertions\OutOfOrderExpectedLogMessageException.cs(8,60): error CS0246: The type or namespace name 'ResultStateException' could not be found (are you missing a using directive or an assembly reference?)
Library\PackageCache\com.unity.test-framework@80f691d4262b\UnityEngine.TestRunner\NUnitExtensions\TestExtensions.cs(24,66): error CS0246: The type or namespace name 'ITest' could not be found (are you missing a using directive or an assembly reference?)
Library\PackageCache\com.unity.test-framework@80f691d4262b\UnityEngine.TestRunner\NUnitExtensions\TestResultExtensions.cs(54,53): error CS0246: The type or namespace name 'TestResult' could not be found (are you missing a using directive or an assembly reference?)
Library\PackageCache\com.unity.test-framework@80f691d4262b\UnityEngine.TestRunner\NUnitExtensions\TestResultExtensions.cs(54,105): error CS0246: The type or namespace name 'ResultState' could not be found (are you missing a using directive or an assembly reference?)
Library\PackageCache\com.unity.test-framework@80f691d4262b\UnityEngine.TestRunner\Assertions\OutOfOrderExpectedLogMessageException.cs(20,25): error CS0246: The type or namespace name 'ResultState' could not be found (are you missing a using directive or an assembly reference?)
Library\PackageCache\com.unity.test-framework@80f691d4262b\UnityEngine.TestRunner\NUnitExtensions\TestExtensions.cs(38,56): error CS0246: The type or namespace name 'ITest' could not be found (are you missing a using directive or an assembly reference?)
Library\PackageCache\com.unity.test-framework@80f691d4262b\UnityEngine.TestRunner\NUnitExtensions\Runner\CompositeWorkItem.cs(276,34): error CS0246: The type or namespace name 'ResultState' could not be found (are you missing a using directive or an assembly reference?)
Library\PackageCache\com.unity.test-framework@80f691d4262b\UnityEngine.TestRunner\NUnitExtensions\Runner\CoroutineTestWorkItem.cs(14,17): error CS0246: The type or namespace name 'TestCommand' could not be found (are you missing a using directive or an assembly reference?)
Library\PackageCache\com.unity.test-framework@80f691d4262b\UnityEngine.TestRunner\NUnitExtensions\Attributes\TestEnumerator.cs(10,26): error CS0246: The type or namespace name 'ITestExecutionContext' could not be found (are you missing a using directive or an assembly reference?)
Library\PackageCache\com.unity.test-framework@80f691d4262b\UnityEngine.TestRunner\NUnitExtensions\TestExtensions.cs(59,60): error CS0246: The type or namespace name 'ITest' could not be found (are you missing a using directive or an assembly reference?)
Library\PackageCache\com.unity.test-framework@80f691d4262b\UnityEngine.TestRunner\Assertions\UnexpectedLogMessageException.cs(8,52): error CS0246: The type or namespace name 'ResultStateException' could not be found (are you missing a using directive or an assembly reference?)
Library\PackageCache\com.unity.test-framework@80f691d4262b\UnityEngine.TestRunner\NUnitExtensions\Attributes\TestEnumerator.cs(28,31): error CS0246: The type or namespace name 'ITestExecutionContext' could not be found (are you missing a using directive or an assembly reference?)
Library\PackageCache\com.unity.test-framework@80f691d4262b\UnityEngine.TestRunner\NUnitExtensions\Attributes\ParametrizedIgnoreAttribute.cs(52,48): error CS0246: The type or namespace name 'NUnitAttribute' could not be found (are you missing a using directive or an assembly reference?)
Library\PackageCache\com.unity.test-framework@80f691d4262b\UnityEngine.TestRunner\NUnitExtensions\Attributes\ParametrizedIgnoreAttribute.cs(52,64): error CS0246: The type or namespace name 'IWrapTestMethod' could not be found (are you missing a using directive or an assembly reference?)
Library\PackageCache\com.unity.test-framework@80f691d4262b\UnityEngine.TestRunner\NUnitExtensions\TestExtensions.cs(68,46): error CS0246: The type or namespace name 'ITest' could not be found (are you missing a using directive or an assembly reference?)
Library\PackageCache\com.unity.test-framework@80f691d4262b\UnityEngine.TestRunner\NUnitExtensions\Runner\CoroutineTestWorkItem.cs(37,38): error CS0246: The type or namespace name 'TestMethod' could not be found (are you missing a using directive or an assembly reference?)
Library\PackageCache\com.unity.test-framework@80f691d4262b\UnityEngine.TestRunner\NUnitExtensions\Runner\CoroutineTestWorkItem.cs(37,55): error CS0246: The type or namespace name 'ITestFilter' could not be found (are you missing a using directive or an assembly reference?)
Library\PackageCache\com.unity.test-framework@80f691d4262b\UnityEngine.TestRunner\Assertions\UnexpectedLogMessageException.cs(23,25): error CS0246: The type or namespace name 'ResultState' could not be found (are you missing a using directive or an assembly reference?)
Library\PackageCache\com.unity.test-framework@80f691d4262b\UnityEngine.TestRunner\NUnitExtensions\Attributes\TestEnumerator.cs(76,30): error CS0246: The type or namespace name 'ITestExecutionContext' could not be found (are you missing a using directive or an assembly reference?)
Library\PackageCache\com.unity.test-framework@80f691d4262b\UnityEngine.TestRunner\NUnitExtensions\Runner\CompositeWorkItem.cs(282,35): error CS0246: The type or namespace name 'TestSuite' could not be found (are you missing a using directive or an assembly reference?)
Library\PackageCache\com.unity.test-framework@80f691d4262b\UnityEngine.TestRunner\NUnitExtensions\Runner\CompositeWorkItem.cs(282,52): error CS0246: The type or namespace name 'ResultState' could not be found (are you missing a using directive or an assembly reference?)
Library\PackageCache\com.unity.test-framework@80f691d4262b\UnityEngine.TestRunner\NUnitExtensions\Attributes\TestEnumerator.cs(78,38): error CS0246: The type or namespace name 'ITestExecutionContext' could not be found (are you missing a using directive or an assembly reference?)
Library\PackageCache\com.unity.test-framework@80f691d4262b\UnityEngine.TestRunner\NUnitExtensions\TestExtensions.cs(74,47): error CS0246: The type or namespace name 'ITest' could not be found (are you missing a using directive or an assembly reference?)
Library\PackageCache\com.unity.test-framework@80f691d4262b\UnityEngine.TestRunner\NUnitExtensions\Runner\UnityWorkItem.cs(25,16): error CS0246: The type or namespace name 'Test' could not be found (are you missing a using directive or an assembly reference?)
Library\PackageCache\com.unity.test-framework@80f691d4262b\UnityEngine.TestRunner\NUnitExtensions\Runner\CompositeWorkItem.cs(306,49): error CS0246: The type or namespace name 'Test' could not be found (are you missing a using directive or an assembly reference?)
Library\PackageCache\com.unity.test-framework@80f691d4262b\UnityEngine.TestRunner\Assertions\UnhandledLogMessageException.cs(9,51): error CS0246: The type or namespace name 'ResultStateException' could not be found (are you missing a using directive or an assembly reference?)
Library\PackageCache\com.unity.test-framework@80f691d4262b\UnityEngine.TestRunner\NUnitExtensions\TestExtensions.cs(80,47): error CS0246: The type or namespace name 'ITest' could not be found (are you missing a using directive or an assembly reference?)
Library\PackageCache\com.unity.test-framework@80f691d4262b\UnityEngine.TestRunner\NUnitExtensions\Runner\DefaultTestWorkItem.cs(25,17): error CS0246: The type or namespace name 'TestCommand' could not be found (are you missing a using directive or an assembly reference?)
Library\PackageCache\com.unity.test-framework@80f691d4262b\UnityEngine.TestRunner\NUnitExtensions\Runner\UnityWorkItem.cs(27,16): error CS0246: The type or namespace name 'TestResult' could not be found (are you missing a using directive or an assembly reference?)
Library\PackageCache\com.unity.test-framework@80f691d4262b\UnityEngine.TestRunner\Assertions\UnhandledLogMessageException.cs(26,25): error CS0246: The type or namespace name 'ResultState' could not be found (are you missing a using directive or an assembly reference?)
Library\PackageCache\com.unity.test-framework@80f691d4262b\UnityEngine.TestRunner\NUnitExtensions\TestExtensions.cs(101,49): error CS0246: The type or namespace name 'ITest' could not be found (are you missing a using directive or an assembly reference?)
Library\PackageCache\com.unity.test-framework@80f691d4262b\UnityEngine.TestRunner\NUnitExtensions\Runner\UnityWorkItem.cs(29,16): error CS0246: The type or namespace name 'WorkItemState' could not be found (are you missing a using directive or an assembly reference?)
Library\PackageCache\com.unity.test-framework@80f691d4262b\UnityEngine.TestRunner\NUnitExtensions\Attributes\ParametrizedIgnoreAttribute.cs(51,6): error CS0641: Attribute 'AttributeUsage' is only valid on classes derived from System.Attribute
Library\PackageCache\com.unity.test-framework@80f691d4262b\UnityEngine.TestRunner\NUnitExtensions\Runner\CompositeWorkItem.cs(19,26): error CS0246: The type or namespace name 'TestSuite' could not be found (are you missing a using directive or an assembly reference?)
Library\PackageCache\com.unity.test-framework@80f691d4262b\UnityEngine.TestRunner\NUnitExtensions\Runner\DefaultTestWorkItem.cs(26,36): error CS0246: The type or namespace name 'TestMethod' could not be found (are you missing a using directive or an assembly reference?)
Library\PackageCache\com.unity.test-framework@80f691d4262b\UnityEngine.TestRunner\NUnitExtensions\Runner\DefaultTestWorkItem.cs(26,53): error CS0246: The type or namespace name 'ITestFilter' could not be found (are you missing a using directive or an assembly reference?)
Library\PackageCache\com.unity.test-framework@80f691d4262b\UnityEngine.TestRunner\NUnitExtensions\TestExtensions.cs(117,50): error CS0246: The type or namespace name 'ITest' could not be found (are you missing a using directive or an assembly reference?)
Library\PackageCache\com.unity.test-framework@80f691d4262b\UnityEngine.TestRunner\Assertions\UnityTestTimeoutException.cs(7,48): error CS0246: The type or namespace name 'ResultStateException' could not be found (are you missing a using directive or an assembly reference?)
Library\PackageCache\com.unity.test-framework@80f691d4262b\UnityEngine.TestRunner\NUnitExtensions\Runner\UnityWorkItem.cs(31,21): error CS0246: The type or namespace name 'ITestAction' could not be found (are you missing a using directive or an assembly reference?)
Library\PackageCache\com.unity.test-framework@80f691d4262b\UnityEngine.TestRunner\Assertions\UnityTestTimeoutException.cs(19,25): error CS0246: The type or namespace name 'ResultState' could not be found (are you missing a using directive or an assembly reference?)
Library\PackageCache\com.unity.test-framework@80f691d4262b\UnityEngine.TestRunner\NUnitExtensions\Attributes\ParametrizedIgnoreAttribute.cs(77,33): error CS0246: The type or namespace name 'TestCommand' could not be found (are you missing a using directive or an assembly reference?)
Library\PackageCache\com.unity.test-framework@80f691d4262b\UnityEngine.TestRunner\NUnitExtensions\Attributes\ParametrizedIgnoreAttribute.cs(77,16): error CS0246: The type or namespace name 'TestCommand' could not be found (are you missing a using directive or an assembly reference?)
Library\PackageCache\com.unity.test-framework@80f691d4262b\UnityEngine.TestRunner\NUnitExtensions\TestExtensions.cs(127,51): error CS0246: The type or namespace name 'ITest' could not be found (are you missing a using directive or an assembly reference?)
Library\PackageCache\com.unity.test-framework@80f691d4262b\UnityEngine.TestRunner\NUnitExtensions\Runner\FailCommand.cs(9,34): error CS0246: The type or namespace name 'TestCommand' could not be found (are you missing a using directive or an assembly reference?)
Library\PackageCache\com.unity.test-framework@80f691d4262b\UnityEngine.TestRunner\NUnitExtensions\Runner\CompositeWorkItem.cs(20,26): error CS0246: The type or namespace name 'TestSuiteResult' could not be found (are you missing a using directive or an assembly reference?)
Library\PackageCache\com.unity.test-framework@80f691d4262b\UnityEngine.TestRunner\NUnitExtensions\TestExtensions.cs(137,47): error CS0246: The type or namespace name 'ITest' could not be found (are you missing a using directive or an assembly reference?)
Library\PackageCache\com.unity.test-framework@80f691d4262b\UnityEngine.TestRunner\NUnitExtensions\Runner\IEnumerableTestMethodCommand.cs(17,39): error CS0246: The type or namespace name 'ITestExecutionContext' could not be found (are you missing a using directive or an assembly reference?)
Library\PackageCache\com.unity.test-framework@80f691d4262b\UnityEngine.TestRunner\NUnitExtensions\Attributes\UnityCombinatorialStrategy.cs(9,49): error CS0246: The type or namespace name 'CombinatorialStrategy' could not be found (are you missing a using directive or an assembly reference?)
Library\PackageCache\com.unity.test-framework@80f691d4262b\UnityEngine.TestRunner\NUnitExtensions\Attributes\UnityCombinatorialStrategy.cs(9,72): error CS0246: The type or namespace name 'ICombiningStrategy' could not be found (are you missing a using directive or an assembly reference?)
Library\PackageCache\com.unity.test-framework@80f691d4262b\UnityEngine.TestRunner\NUnitExtensions\Runner\ITestCommandWrapper.cs(22,25): error CS0246: The type or namespace name 'TestMethod' could not be found (are you missing a using directive or an assembly reference?)
Library\PackageCache\com.unity.test-framework@80f691d4262b\UnityEngine.TestRunner\NUnitExtensions\Runner\ITestCommandWrapper.cs(28,26): error CS0246: The type or namespace name 'TestCommand' could not be found (are you missing a using directive or an assembly reference?)
Library\PackageCache\com.unity.test-framework@80f691d4262b\UnityEngine.TestRunner\NUnitExtensions\Runner\ITestCommandWrapper.cs(28,9): error CS0246: The type or namespace name 'TestCommand' could not be found (are you missing a using directive or an assembly reference?)
Library\PackageCache\com.unity.test-framework@80f691d4262b\UnityEngine.TestRunner\NUnitExtensions\Runner\FailCommand.cs(21,44): error CS0246: The type or namespace name 'ITestExecutionContext' could not be found (are you missing a using directive or an assembly reference?)
Library\PackageCache\com.unity.test-framework@80f691d4262b\UnityEngine.TestRunner\NUnitExtensions\Runner\FailCommand.cs(21,25): error CS0246: The type or namespace name 'TestResult' could not be found (are you missing a using directive or an assembly reference?)
Library\PackageCache\com.unity.test-framework@80f691d4262b\UnityEngine.TestRunner\NUnitExtensions\TestExtensions.cs(154,61): error CS0246: The type or namespace name 'ITest' could not be found (are you missing a using directive or an assembly reference?)
Library\PackageCache\com.unity.test-framework@80f691d4262b\UnityEngine.TestRunner\NUnitExtensions\Runner\FailCommand.cs(27,46): error CS0246: The type or namespace name 'ITestExecutionContext' could not be found (are you missing a using directive or an assembly reference?)
Library\PackageCache\com.unity.test-framework@80f691d4262b\UnityEngine.TestRunner\NUnitExtensions\TestExtensions.cs(169,45): error CS0246: The type or namespace name 'ITest' could not be found (are you missing a using directive or an assembly reference?)
Library\PackageCache\com.unity.test-framework@80f691d4262b\UnityEngine.TestRunner\NUnitExtensions\Runner\FailCommand.cs(11,17): error CS0246: The type or namespace name 'ResultState' could not be found (are you missing a using directive or an assembly reference?)
Library\PackageCache\com.unity.test-framework@80f691d4262b\UnityEngine.TestRunner\NUnitExtensions\TestExtensions.cs(174,49): error CS0246: The type or namespace name 'ITest' could not be found (are you missing a using directive or an assembly reference?)
Library\PackageCache\com.unity.test-framework@80f691d4262b\UnityEngine.TestRunner\NUnitExtensions\Attributes\UnityCoreClrExplicitDisabledAttribute.cs(41,58): error CS0246: The type or namespace name 'NUnitAttribute' could not be found (are you missing a using directive or an assembly reference?)
Library\PackageCache\com.unity.test-framework@80f691d4262b\UnityEngine.TestRunner\NUnitExtensions\Attributes\UnityCoreClrExplicitDisabledAttribute.cs(41,74): error CS0246: The type or namespace name 'IApplyToTest' could not be found (are you missing a using directive or an assembly reference?)
Library\PackageCache\com.unity.test-framework@80f691d4262b\UnityEngine.TestRunner\NUnitExtensions\Runner\FailCommand.cs(14,28): error CS0246: The type or namespace name 'Test' could not be found (are you missing a using directive or an assembly reference?)
Library\PackageCache\com.unity.test-framework@80f691d4262b\UnityEngine.TestRunner\NUnitExtensions\Runner\FailCommand.cs(14,39): error CS0246: The type or namespace name 'ResultState' could not be found (are you missing a using directive or an assembly reference?)
Library\PackageCache\com.unity.test-framework@80f691d4262b\UnityEngine.TestRunner\NUnitExtensions\Runner\WorkItemFactory.cs(27,49): error CS0246: The type or namespace name 'TestMethod' could not be found (are you missing a using directive or an assembly reference?)
Library\PackageCache\com.unity.test-framework@80f691d4262b\UnityEngine.TestRunner\NUnitExtensions\Runner\WorkItemFactory.cs(27,68): error CS0246: The type or namespace name 'ITestFilter' could not be found (are you missing a using directive or an assembly reference?)
Library\PackageCache\com.unity.test-framework@80f691d4262b\UnityEngine.TestRunner\NUnitExtensions\Runner\WorkItemFactory.cs(27,88): error CS0246: The type or namespace name 'ITest' could not be found (are you missing a using directive or an assembly reference?)
Library\PackageCache\com.unity.test-framework@80f691d4262b\UnityEngine.TestRunner\NUnitExtensions\Runner\PlaymodeWorkItemFactory.cs(9,49): error CS0246: The type or namespace name 'TestMethod' could not be found (are you missing a using directive or an assembly reference?)
Library\PackageCache\com.unity.test-framework@80f691d4262b\UnityEngine.TestRunner\NUnitExtensions\Runner\PlaymodeWorkItemFactory.cs(9,68): error CS0246: The type or namespace name 'ITestFilter' could not be found (are you missing a using directive or an assembly reference?)
Library\PackageCache\com.unity.test-framework@80f691d4262b\UnityEngine.TestRunner\NUnitExtensions\Runner\PlaymodeWorkItemFactory.cs(9,88): error CS0246: The type or namespace name 'ITest' could not be found (are you missing a using directive or an assembly reference?)
Library\PackageCache\com.unity.test-framework@80f691d4262b\UnityEngine.TestRunner\NUnitExtensions\TestExtensions.cs(182,47): error CS0246: The type or namespace name 'ITest' could not be found (are you missing a using directive or an assembly reference?)
Library\PackageCache\com.unity.test-framework@80f691d4262b\UnityEngine.TestRunner\NUnitExtensions\Runner\CompositeWorkItem.cs(21,26): error CS0246: The type or namespace name 'ITestFilter' could not be found (are you missing a using directive or an assembly reference?)
Library\PackageCache\com.unity.test-framework@80f691d4262b\UnityEngine.TestRunner\NUnitExtensions\Runner\TestCommandBuilder.cs(17,52): error CS0246: The type or namespace name 'TestMethod' could not be found (are you missing a using directive or an assembly reference?)
Library\PackageCache\com.unity.test-framework@80f691d4262b\UnityEngine.TestRunner\NUnitExtensions\Runner\TestCommandBuilder.cs(17,69): error CS0246: The type or namespace name 'ITestFilter' could not be found (are you missing a using directive or an assembly reference?)
Library\PackageCache\com.unity.test-framework@80f691d4262b\UnityEngine.TestRunner\NUnitExtensions\Runner\TestCommandBuilder.cs(17,23): error CS0246: The type or namespace name 'TestCommand' could not be found (are you missing a using directive or an assembly reference?)
Library\PackageCache\com.unity.test-framework@80f691d4262b\UnityEngine.TestRunner\NUnitExtensions\Attributes\UnityCombinatorialStrategy.cs(11,32): error CS0246: The type or namespace name 'ITestCaseData' could not be found (are you missing a using directive or an assembly reference?)
Library\PackageCache\com.unity.test-framework@80f691d4262b\UnityEngine.TestRunner\NUnitExtensions\TestExtensions.cs(190,53): error CS0246: The type or namespace name 'ITest' could not be found (are you missing a using directive or an assembly reference?)
Library\PackageCache\com.unity.test-framework@80f691d4262b\UnityEngine.TestRunner\NUnitExtensions\Attributes\UnityOneTimeTearDownAttribute.cs(226,50): error CS0246: The type or namespace name 'NUnitAttribute' could not be found (are you missing a using directive or an assembly reference?)
Library\PackageCache\com.unity.test-framework@80f691d4262b\UnityEngine.TestRunner\NUnitExtensions\TestExtensions.cs(198,55): error CS0246: The type or namespace name 'ITest' could not be found (are you missing a using directive or an assembly reference?)
Library\PackageCache\com.unity.test-framework@80f691d4262b\UnityEngine.TestRunner\NUnitExtensions\Attributes\UnityOneTimeTearDownAttribute.cs(225,6): error CS0641: Attribute 'AttributeUsage' is only valid on classes derived from System.Attribute
Library\PackageCache\com.unity.test-framework@80f691d4262b\UnityEngine.TestRunner\NUnitExtensions\Runner\CompositeWorkItem.cs(23,17): error CS0246: The type or namespace name 'TestCommand' could not be found (are you missing a using directive or an assembly reference?)
Library\PackageCache\com.unity.test-framework@80f691d4262b\UnityEngine.TestRunner\NUnitExtensions\Runner\TestCommandBuilder.cs(131,50): error CS0246: The type or namespace name 'TestMethod' could not be found (are you missing a using directive or an assembly reference?)
Library\PackageCache\com.unity.test-framework@80f691d4262b\UnityEngine.TestRunner\NUnitExtensions\Runner\UnityTestAssemblyRunner.cs(17,9): error CS0246: The type or namespace name 'ITest' could not be found (are you missing a using directive or an assembly reference?)
Library\PackageCache\com.unity.test-framework@80f691d4262b\UnityEngine.TestRunner\NUnitExtensions\Runner\CompositeWorkItem.cs(24,17): error CS0246: The type or namespace name 'TestCommand' could not be found (are you missing a using directive or an assembly reference?)
Library\PackageCache\com.unity.test-framework@80f691d4262b\UnityEngine.TestRunner\NUnitExtensions\Attributes\UnityPlatformAttribute.cs(40,43): error CS0246: The type or namespace name 'NUnitAttribute' could not be found (are you missing a using directive or an assembly reference?)
Library\PackageCache\com.unity.test-framework@80f691d4262b\UnityEngine.TestRunner\NUnitExtensions\Attributes\UnityPlatformAttribute.cs(40,59): error CS0246: The type or namespace name 'IApplyToTest' could not be found (are you missing a using directive or an assembly reference?)
Library\PackageCache\com.unity.test-framework@80f691d4262b\UnityEngine.TestRunner\NUnitExtensions\Runner\UnityTestAssemblyRunner.cs(18,9): error CS0246: The type or namespace name 'ITestResult' could not be found (are you missing a using directive or an assembly reference?)
Library\PackageCache\com.unity.test-framework@80f691d4262b\UnityEngine.TestRunner\NUnitExtensions\Runner\TestCommandBuilder.cs(140,68): error CS0246: The type or namespace name 'TestCommand' could not be found (are you missing a using directive or an assembly reference?)
Library\PackageCache\com.unity.test-framework@80f691d4262b\UnityEngine.TestRunner\NUnitExtensions\Runner\TestCommandBuilder.cs(140,24): error CS0246: The type or namespace name 'TestCommand' could not be found (are you missing a using directive or an assembly reference?)
Library\PackageCache\com.unity.test-framework@80f691d4262b\UnityEngine.TestRunner\NUnitExtensions\Attributes\UnitySetUpAttribute.cs(226,40): error CS0246: The type or namespace name 'NUnitAttribute' could not be found (are you missing a using directive or an assembly reference?)
Library\PackageCache\com.unity.test-framework@80f691d4262b\UnityEngine.TestRunner\TestRunner\Callbacks\PlayModeRunnerCallback.cs(12,33): error CS0246: The type or namespace name 'ITestResult' could not be found (are you missing a using directive or an assembly reference?)
Library\PackageCache\com.unity.test-framework@80f691d4262b\UnityEngine.TestRunner\NUnitExtensions\Attributes\UnitySetUpAttribute.cs(225,6): error CS0641: Attribute 'AttributeUsage' is only valid on classes derived from System.Attribute
Library\PackageCache\com.unity.test-framework@80f691d4262b\UnityEngine.TestRunner\TestRunner\Callbacks\PlayModeRunnerCallback.cs(23,34): error CS0246: The type or namespace name 'ITestResult' could not be found (are you missing a using directive or an assembly reference?)
Library\PackageCache\com.unity.test-framework@80f691d4262b\UnityEngine.TestRunner\NUnitExtensions\Runner\UnityLogCheckDelegatingCommand.cs(13,53): error CS0246: The type or namespace name 'DelegatingTestCommand' could not be found (are you missing a using directive or an assembly reference?)
Library\PackageCache\com.unity.test-framework@80f691d4262b\UnityEngine.TestRunner\TestRunner\ITestRunnerListener.cs(16,51): error CS0246: The type or namespace name 'ITestResult' could not be found (are you missing a using directive or an assembly reference?)
Library\PackageCache\com.unity.test-framework@80f691d4262b\UnityEngine.TestRunner\NUnitExtensions\Attributes\UnityTearDownAttribute.cs(34,43): error CS0246: The type or namespace name 'NUnitAttribute' could not be found (are you missing a using directive or an assembly reference?)
Library\PackageCache\com.unity.test-framework@80f691d4262b\UnityEngine.TestRunner\TestRunner\Callbacks\PlayModeRunnerCallback.cs(34,32): error CS0246: The type or namespace name 'ITest' could not be found (are you missing a using directive or an assembly reference?)
Library\PackageCache\com.unity.test-framework@80f691d4262b\UnityEngine.TestRunner\NUnitExtensions\Runner\UnityTestExecutionContext.cs(15,48): error CS0246: The type or namespace name 'ITestExecutionContext' could not be found (are you missing a using directive or an assembly reference?)
Library\PackageCache\com.unity.test-framework@80f691d4262b\UnityEngine.TestRunner\NUnitExtensions\Attributes\UnityTearDownAttribute.cs(33,6): error CS0641: Attribute 'AttributeUsage' is only valid on classes derived from System.Attribute
Library\PackageCache\com.unity.test-framework@80f691d4262b\UnityEngine.TestRunner\TestRunner\Callbacks\PlayModeRunnerCallback.cs(44,33): error CS0246: The type or namespace name 'ITest' could not be found (are you missing a using directive or an assembly reference?)
Library\PackageCache\com.unity.test-framework@80f691d4262b\UnityEngine.TestRunner\NUnitExtensions\Runner\UnityTestAssemblyRunner.cs(24,9): error CS0246: The type or namespace name 'ITest' could not be found (are you missing a using directive or an assembly reference?)
Library\PackageCache\com.unity.test-framework@80f691d4262b\UnityEngine.TestRunner\NUnitExtensions\Runner\UnityTestAssemblyRunner.cs(43,16): error CS0246: The type or namespace name 'ITest' could not be found (are you missing a using directive or an assembly reference?)
Library\PackageCache\com.unity.test-framework@80f691d4262b\UnityEngine.TestRunner\TestRunner\ITestRunnerListener.cs(19,50): error CS0246: The type or namespace name 'ITest' could not be found (are you missing a using directive or an assembly reference?)
Library\PackageCache\com.unity.test-framework@80f691d4262b\UnityEngine.TestRunner\NUnitExtensions\Runner\UnityTestAssemblyRunner.cs(25,27): error CS0246: The type or namespace name 'ITest' could not be found (are you missing a using directive or an assembly reference?)
Library\PackageCache\com.unity.test-framework@80f691d4262b\UnityEngine.TestRunner\NUnitExtensions\BaseDelegator.cs(13,19): error CS0246: The type or namespace name 'ITestExecutionContext' could not be found (are you missing a using directive or an assembly reference?)
Library\PackageCache\com.unity.test-framework@80f691d4262b\UnityEngine.TestRunner\NUnitExtensions\Runner\CompositeWorkItem.cs(32,34): error CS0246: The type or namespace name 'TestSuite' could not be found (are you missing a using directive or an assembly reference?)
Library\PackageCache\com.unity.test-framework@80f691d4262b\UnityEngine.TestRunner\NUnitExtensions\Runner\CompositeWorkItem.cs(32,51): error CS0246: The type or namespace name 'ITestFilter' could not be found (are you missing a using directive or an assembly reference?)
Library\PackageCache\com.unity.test-framework@80f691d4262b\UnityEngine.TestRunner\NUnitExtensions\Runner\UnityTestAssemblyRunner.cs(45,16): error CS0246: The type or namespace name 'ITestResult' could not be found (are you missing a using directive or an assembly reference?)
Library\PackageCache\com.unity.test-framework@80f691d4262b\UnityEngine.TestRunner\NUnitExtensions\Runner\UnityLogCheckDelegatingCommand.cs(28,44): error CS0246: The type or namespace name 'ITestExecutionContext' could not be found (are you missing a using directive or an assembly reference?)
Library\PackageCache\com.unity.test-framework@80f691d4262b\UnityEngine.TestRunner\NUnitExtensions\Runner\UnityLogCheckDelegatingCommand.cs(28,25): error CS0246: The type or namespace name 'TestResult' could not be found (are you missing a using directive or an assembly reference?)
Library\PackageCache\com.unity.test-framework@80f691d4262b\UnityEngine.TestRunner\TestRunner\ITestRunnerListener.cs(22,50): error CS0246: The type or namespace name 'ITestResult' could not be found (are you missing a using directive or an assembly reference?)
Library\PackageCache\com.unity.test-framework@80f691d4262b\UnityEngine.TestRunner\NUnitExtensions\Runner\UnityTestExecutionContext.cs(18,17): error CS0246: The type or namespace name 'TestResult' could not be found (are you missing a using directive or an assembly reference?)
Library\PackageCache\com.unity.test-framework@80f691d4262b\UnityEngine.TestRunner\NUnitExtensions\Attributes\UnityPlatformAttribute.cs(39,6): error CS0641: Attribute 'AttributeUsage' is only valid on classes derived from System.Attribute
Library\PackageCache\com.unity.test-framework@80f691d4262b\UnityEngine.TestRunner\TestRunner\Callbacks\PlayerQuitHandler.cs(30,32): error CS0246: The type or namespace name 'ITest' could not be found (are you missing a using directive or an assembly reference?)
Library\PackageCache\com.unity.test-framework@80f691d4262b\UnityEngine.TestRunner\TestRunner\ITestRunnerListener.cs(25,49): error CS0246: The type or namespace name 'ITest' could not be found (are you missing a using directive or an assembly reference?)
Library\PackageCache\com.unity.test-framework@80f691d4262b\UnityEngine.TestRunner\TestRunner\Callbacks\PlayerQuitHandler.cs(34,33): error CS0246: The type or namespace name 'ITestResult' could not be found (are you missing a using directive or an assembly reference?)
Library\PackageCache\com.unity.test-framework@80f691d4262b\UnityEngine.TestRunner\NUnitExtensions\Runner\UnityTestAssemblyRunner.cs(71,16): error CS0246: The type or namespace name 'ITest' could not be found (are you missing a using directive or an assembly reference?)
Library\PackageCache\com.unity.test-framework@80f691d4262b\UnityEngine.TestRunner\NUnitExtensions\ConstructDelegator.cs(22,19): error CS0246: The type or namespace name 'ITestExecutionContext' could not be found (are you missing a using directive or an assembly reference?)
Library\PackageCache\com.unity.test-framework@80f691d4262b\UnityEngine.TestRunner\NUnitExtensions\Runner\UnityLogCheckDelegatingCommand.cs(39,46): error CS0246: The type or namespace name 'ITestExecutionContext' could not be found (are you missing a using directive or an assembly reference?)
Library\PackageCache\com.unity.test-framework@80f691d4262b\UnityEngine.TestRunner\NUnitExtensions\Attributes\UnityCoreClrExplicitDisabledAttribute.cs(40,6): error CS0641: Attribute 'AttributeUsage' is only valid on classes derived from System.Attribute
Library\PackageCache\com.unity.test-framework@80f691d4262b\UnityEngine.TestRunner\NUnitExtensions\Attributes\UnityTestAttribute.cs(62,39): error CS0246: The type or namespace name 'CombiningStrategyAttribute' could not be found (are you missing a using directive or an assembly reference?)
Library\PackageCache\com.unity.test-framework@80f691d4262b\UnityEngine.TestRunner\NUnitExtensions\Attributes\UnityTestAttribute.cs(62,67): error CS0246: The type or namespace name 'IImplyFixture' could not be found (are you missing a using directive or an assembly reference?)
Library\PackageCache\com.unity.test-framework@80f691d4262b\UnityEngine.TestRunner\NUnitExtensions\Attributes\UnityTestAttribute.cs(62,82): error CS0246: The type or namespace name 'ISimpleTestBuilder' could not be found (are you missing a using directive or an assembly reference?)
Library\PackageCache\com.unity.test-framework@80f691d4262b\UnityEngine.TestRunner\NUnitExtensions\Attributes\UnityTestAttribute.cs(62,102): error CS0246: The type or namespace name 'ITestBuilder' could not be found (are you missing a using directive or an assembly reference?)
Library\PackageCache\com.unity.test-framework@80f691d4262b\UnityEngine.TestRunner\NUnitExtensions\Attributes\UnityTestAttribute.cs(62,116): error CS0246: The type or namespace name 'IApplyToTest' could not be found (are you missing a using directive or an assembly reference?)
Library\PackageCache\com.unity.test-framework@80f691d4262b\UnityEngine.TestRunner\NUnitExtensions\Runner\UnityTestAssemblyRunner.cs(26,25): error CS0246: The type or namespace name 'ITestListener' could not be found (are you missing a using directive or an assembly reference?)
Library\PackageCache\com.unity.test-framework@80f691d4262b\UnityEngine.TestRunner\NUnitExtensions\Runner\UnityTestAssemblyRunner.cs(26,49): error CS0246: The type or namespace name 'ITestFilter' could not be found (are you missing a using directive or an assembly reference?)
Library\PackageCache\com.unity.test-framework@80f691d4262b\UnityEngine.TestRunner\NUnitExtensions\Attributes\UnityPlatformAttribute.cs(76,33): error CS0246: The type or namespace name 'Test' could not be found (are you missing a using directive or an assembly reference?)
Library\PackageCache\com.unity.test-framework@80f691d4262b\UnityEngine.TestRunner\TestRunner\Callbacks\PlayerQuitHandler.cs(38,33): error CS0246: The type or namespace name 'ITest' could not be found (are you missing a using directive or an assembly reference?)
Library\PackageCache\com.unity.test-framework@80f691d4262b\UnityEngine.TestRunner\NUnitExtensions\Attributes\UnityCoreClrExplicitDisabledAttribute.cs(65,33): error CS0246: The type or namespace name 'Test' could not be found (are you missing a using directive or an assembly reference?)
Library\PackageCache\com.unity.test-framework@80f691d4262b\UnityEngine.TestRunner\TestRunner\Callbacks\PlayerQuitHandler.cs(42,34): error CS0246: The type or namespace name 'ITestResult' could not be found (are you missing a using directive or an assembly reference?)
Library\PackageCache\com.unity.test-framework@80f691d4262b\UnityEngine.TestRunner\NUnitExtensions\IAsyncTestAssemblyBuilder.cs(9,52): error CS0246: The type or namespace name 'ITestAssemblyBuilder' could not be found (are you missing a using directive or an assembly reference?)
Library\PackageCache\com.unity.test-framework@80f691d4262b\UnityEngine.TestRunner\NUnitExtensions\Runner\UnityLogCheckDelegatingCommand.cs(89,46): error CS0246: The type or namespace name 'TestResult' could not be found (are you missing a using directive or an assembly reference?)
Library\PackageCache\com.unity.test-framework@80f691d4262b\UnityEngine.TestRunner\NUnitExtensions\Runner\UnityTestExecutionContext.cs(35,16): error CS0246: The type or namespace name 'Test' could not be found (are you missing a using directive or an assembly reference?)
Library\PackageCache\com.unity.test-framework@80f691d4262b\UnityEngine.TestRunner\NUnitExtensions\Runner\UnityWorkItem.cs(44,45): error CS0246: The type or namespace name 'ITest' could not be found (are you missing a using directive or an assembly reference?)
Library\PackageCache\com.unity.test-framework@80f691d4262b\UnityEngine.TestRunner\NUnitExtensions\IAsyncTestAssemblyBuilder.cs(11,21): error CS0246: The type or namespace name 'ITest' could not be found (are you missing a using directive or an assembly reference?)
Library\PackageCache\com.unity.test-framework@80f691d4262b\UnityEngine.TestRunner\NUnitExtensions\Attributes\UnityOneTimeSetUpAttribute.cs(226,47): error CS0246: The type or namespace name 'NUnitAttribute' could not be found (are you missing a using directive or an assembly reference?)
Library\PackageCache\com.unity.test-framework@80f691d4262b\UnityEngine.TestRunner\NUnitExtensions\Commands\BeforeAfterTestCommandBase.cs(16,61): error CS0246: The type or namespace name 'DelegatingTestCommand' could not be found (are you missing a using directive or an assembly reference?)
Library\PackageCache\com.unity.test-framework@80f691d4262b\UnityEngine.TestRunner\NUnitExtensions\Runner\UnityLogCheckDelegatingCommand.cs(103,67): error CS0246: The type or namespace name 'TestResult' could not be found (are you missing a using directive or an assembly reference?)
Library\PackageCache\com.unity.test-framework@80f691d4262b\UnityEngine.TestRunner\NUnitExtensions\Runner\UnityTestAssemblyRunner.cs(88,34): error CS0246: The type or namespace name 'ITest' could not be found (are you missing a using directive or an assembly reference?)
Library\PackageCache\com.unity.test-framework@80f691d4262b\UnityEngine.TestRunner\NUnitExtensions\Runner\WorkItemFactory.cs(10,37): error CS0246: The type or namespace name 'ITest' could not be found (are you missing a using directive or an assembly reference?)
Library\PackageCache\com.unity.test-framework@80f691d4262b\UnityEngine.TestRunner\NUnitExtensions\Runner\WorkItemFactory.cs(10,55): error CS0246: The type or namespace name 'ITestFilter' could not be found (are you missing a using directive or an assembly reference?)
Library\PackageCache\com.unity.test-framework@80f691d4262b\UnityEngine.TestRunner\NUnitExtensions\Attributes\UnityOneTimeSetUpAttribute.cs(225,6): error CS0641: Attribute 'AttributeUsage' is only valid on classes derived from System.Attribute
Library\PackageCache\com.unity.test-framework@80f691d4262b\UnityEngine.TestRunner\NUnitExtensions\Runner\UnityTestExecutionContext.cs(38,16): error CS0246: The type or namespace name 'TestResult' could not be found (are you missing a using directive or an assembly reference?)
Library\PackageCache\com.unity.test-framework@80f691d4262b\UnityEngine.TestRunner\NUnitExtensions\Attributes\UnityTestAttribute.cs(79,20): error CS0246: The type or namespace name 'ISimpleTestBuilder' could not be found (are you missing a using directive or an assembly reference?)
Library\PackageCache\com.unity.test-framework@80f691d4262b\UnityEngine.TestRunner\NUnitExtensions\Attributes\UnityTestAttribute.cs(96,33): error CS0246: The type or namespace name 'ITestBuilder' could not be found (are you missing a using directive or an assembly reference?)
Library\PackageCache\com.unity.test-framework@80f691d4262b\UnityEngine.TestRunner\NUnitExtensions\Attributes\UnityTestAttribute.cs(61,6): error CS0641: Attribute 'AttributeUsage' is only valid on classes derived from System.Attribute
Library\PackageCache\com.unity.test-framework@80f691d4262b\UnityEngine.TestRunner\NUnitExtensions\Commands\BeforeAfterTestCommandState.cs(18,16): error CS0246: The type or namespace name 'TestStatus' could not be found (are you missing a using directive or an assembly reference?)
Library\PackageCache\com.unity.test-framework@80f691d4262b\UnityEngine.TestRunner\NUnitExtensions\Runner\UnityWorkItem.cs(33,33): error CS0246: The type or namespace name 'Test' could not be found (are you missing a using directive or an assembly reference?)
Library\PackageCache\com.unity.test-framework@80f691d4262b\UnityEngine.TestRunner\TestRunner\Callbacks\RemoteTestResultSender.cs(37,32): error CS0246: The type or namespace name 'ITest' could not be found (are you missing a using directive or an assembly reference?)
Library\PackageCache\com.unity.test-framework@80f691d4262b\UnityEngine.TestRunner\NUnitExtensions\Runner\UnityTestExecutionContext.cs(53,17): error CS0246: The type or namespace name 'TestExecutionStatus' could not be found (are you missing a using directive or an assembly reference?)
Library\PackageCache\com.unity.test-framework@80f691d4262b\UnityEngine.TestRunner\NUnitExtensions\UnityTestAssemblyBuilder.cs(15,47): error CS0246: The type or namespace name 'DefaultTestAssemblyBuilder' could not be found (are you missing a using directive or an assembly reference?)
Library\PackageCache\com.unity.test-framework@80f691d4262b\UnityEngine.TestRunner\NUnitExtensions\Runner\UnityLogCheckDelegatingCommand.cs(106,67): error CS0246: The type or namespace name 'TestCommand' could not be found (are you missing a using directive or an assembly reference?)
Library\PackageCache\com.unity.test-framework@80f691d4262b\UnityEngine.TestRunner\NUnitExtensions\Runner\UnityLogCheckDelegatingCommand.cs(106,88): error CS0246: The type or namespace name 'TestResult' could not be found (are you missing a using directive or an assembly reference?)
Library\PackageCache\com.unity.test-framework@80f691d4262b\UnityEngine.TestRunner\NUnitExtensions\Runner\UnityTestAssemblyRunner.cs(93,32): error CS0246: The type or namespace name 'ITestListener' could not be found (are you missing a using directive or an assembly reference?)
Library\PackageCache\com.unity.test-framework@80f691d4262b\UnityEngine.TestRunner\NUnitExtensions\Runner\UnityTestAssemblyRunner.cs(93,56): error CS0246: The type or namespace name 'ITestFilter' could not be found (are you missing a using directive or an assembly reference?)
Library\PackageCache\com.unity.test-framework@80f691d4262b\UnityEngine.TestRunner\NUnitExtensions\Attributes\UnityTestAttribute.cs(71,26): error CS0246: The type or namespace name 'NUnitTestCaseBuilder' could not be found (are you missing a using directive or an assembly reference?)
Library\PackageCache\com.unity.test-framework@80f691d4262b\UnityEngine.TestRunner\NUnitExtensions\Commands\BeforeAfterTestCommandState.cs(20,16): error CS0246: The type or namespace name 'FailureSite' could not be found (are you missing a using directive or an assembly reference?)
Library\PackageCache\com.unity.test-framework@80f691d4262b\UnityEngine.TestRunner\TestRunner\Callbacks\RemoteTestResultSender.cs(61,33): error CS0246: The type or namespace name 'ITestResult' could not be found (are you missing a using directive or an assembly reference?)
Library\PackageCache\com.unity.test-framework@80f691d4262b\UnityEngine.TestRunner\NUnitExtensions\Runner\UnityTestExecutionContext.cs(54,16): error CS0246: The type or namespace name 'TestExecutionStatus' could not be found (are you missing a using directive or an assembly reference?)
Library\PackageCache\com.unity.test-framework@80f691d4262b\UnityEngine.TestRunner\NUnitExtensions\Runner\UnityLogCheckDelegatingCommand.cs(112,39): error CS0246: The type or namespace name 'TestResult' could not be found (are you missing a using directive or an assembly reference?)
Library\PackageCache\com.unity.test-framework@80f691d4262b\UnityEngine.TestRunner\TestRunner\Callbacks\RemoteTestResultSender.cs(70,33): error CS0246: The type or namespace name 'ITest' could not be found (are you missing a using directive or an assembly reference?)
Library\PackageCache\com.unity.test-framework@80f691d4262b\UnityEngine.TestRunner\NUnitExtensions\UnityTestAssemblyBuilder.cs(28,16): error CS0246: The type or namespace name 'ITest' could not be found (are you missing a using directive or an assembly reference?)
Library\PackageCache\com.unity.test-framework@80f691d4262b\UnityEngine.TestRunner\NUnitExtensions\Runner\UnityTestExecutionContext.cs(75,21): error CS0246: The type or namespace name 'ITestAction' could not be found (are you missing a using directive or an assembly reference?)
Library\PackageCache\com.unity.test-framework@80f691d4262b\UnityEngine.TestRunner\NUnitExtensions\Attributes\UnityTestAttribute.cs(79,49): error CS0246: The type or namespace name 'IMethodInfo' could not be found (are you missing a using directive or an assembly reference?)
Library\PackageCache\com.unity.test-framework@80f691d4262b\UnityEngine.TestRunner\NUnitExtensions\Attributes\UnityTestAttribute.cs(79,69): error CS0246: The type or namespace name 'Test' could not be found (are you missing a using directive or an assembly reference?)
Library\PackageCache\com.unity.test-framework@80f691d4262b\UnityEngine.TestRunner\NUnitExtensions\Attributes\UnityTestAttribute.cs(79,9): error CS0246: The type or namespace name 'TestMethod' could not be found (are you missing a using directive or an assembly reference?)
Library\PackageCache\com.unity.test-framework@80f691d4262b\UnityEngine.TestRunner\NUnitExtensions\Attributes\UnityTestAttribute.cs(79,20): error CS0538: 'ISimpleTestBuilder' in explicit interface declaration is not an interface
Library\PackageCache\com.unity.test-framework@80f691d4262b\UnityEngine.TestRunner\NUnitExtensions\Runner\UnityLogCheckDelegatingCommand.cs(127,65): error CS0246: The type or namespace name 'TestResult' could not be found (are you missing a using directive or an assembly reference?)
Library\PackageCache\com.unity.test-framework@80f691d4262b\UnityEngine.TestRunner\TestRunner\Callbacks\RemoteTestResultSender.cs(83,34): error CS0246: The type or namespace name 'ITestResult' could not be found (are you missing a using directive or an assembly reference?)
Library\PackageCache\com.unity.test-framework@80f691d4262b\UnityEngine.TestRunner\NUnitExtensions\UnityTestAssemblyBuilder.cs(72,28): error CS0246: The type or namespace name 'ITest' could not be found (are you missing a using directive or an assembly reference?)
Library\PackageCache\com.unity.test-framework@80f691d4262b\UnityEngine.TestRunner\NUnitExtensions\Attributes\UnityTestAttribute.cs(96,56): error CS0246: The type or namespace name 'IMethodInfo' could not be found (are you missing a using directive or an assembly reference?)
Library\PackageCache\com.unity.test-framework@80f691d4262b\UnityEngine.TestRunner\NUnitExtensions\Attributes\UnityTestAttribute.cs(96,76): error CS0246: The type or namespace name 'Test' could not be found (are you missing a using directive or an assembly reference?)
Library\PackageCache\com.unity.test-framework@80f691d4262b\UnityEngine.TestRunner\NUnitExtensions\Attributes\UnityTestAttribute.cs(96,21): error CS0246: The type or namespace name 'TestMethod' could not be found (are you missing a using directive or an assembly reference?)
Library\PackageCache\com.unity.test-framework@80f691d4262b\UnityEngine.TestRunner\NUnitExtensions\Attributes\UnityTestAttribute.cs(96,33): error CS0538: 'ITestBuilder' in explicit interface declaration is not an interface
Library\PackageCache\com.unity.test-framework@80f691d4262b\UnityEngine.TestRunner\NUnitExtensions\Runner\UnityTestExecutionContext.cs(79,16): error CS0246: The type or namespace name 'ITestListener' could not be found (are you missing a using directive or an assembly reference?)
Library\PackageCache\com.unity.test-framework@80f691d4262b\UnityEngine.TestRunner\NUnitExtensions\Commands\EnumerableApplyChangesToContextCommand.cs(11,61): error CS0246: The type or namespace name 'ApplyChangesToContextCommand' could not be found (are you missing a using directive or an assembly reference?)
Library\PackageCache\com.unity.test-framework@80f691d4262b\UnityEngine.TestRunner\TestRunner\PlaymodeTestsControllerSettings.cs(51,18): error CS0246: The type or namespace name 'ITestFilter' could not be found (are you missing a using directive or an assembly reference?)
Library\PackageCache\com.unity.test-framework@80f691d4262b\UnityEngine.TestRunner\TestRunner\RuntimeTestRunnerFilter.cs(24,16): error CS0246: The type or namespace name 'ITestFilter' could not be found (are you missing a using directive or an assembly reference?)
Library\PackageCache\com.unity.test-framework@80f691d4262b\UnityEngine.TestRunner\NUnitExtensions\Attributes\UnityTestAttribute.cs(108,45): error CS0246: The type or namespace name 'IMethodInfo' could not be found (are you missing a using directive or an assembly reference?)
Library\PackageCache\com.unity.test-framework@80f691d4262b\UnityEngine.TestRunner\NUnitExtensions\Attributes\UnityTestAttribute.cs(108,65): error CS0246: The type or namespace name 'Test' could not be found (are you missing a using directive or an assembly reference?)
Library\PackageCache\com.unity.test-framework@80f691d4262b\UnityEngine.TestRunner\NUnitExtensions\Attributes\UnityTestAttribute.cs(108,17): error CS0246: The type or namespace name 'TestMethod' could not be found (are you missing a using directive or an assembly reference?)
Library\PackageCache\com.unity.test-framework@80f691d4262b\UnityEngine.TestRunner\NUnitExtensions\Runner\UnityLogCheckDelegatingCommand.cs(25,47): error CS0246: The type or namespace name 'TestCommand' could not be found (are you missing a using directive or an assembly reference?)
Library\PackageCache\com.unity.test-framework@80f691d4262b\UnityEngine.TestRunner\NUnitExtensions\Commands\EnumerableApplyChangesToContextCommand.cs(16,46): error CS0246: The type or namespace name 'ITestExecutionContext' could not be found (are you missing a using directive or an assembly reference?)
Library\PackageCache\com.unity.test-framework@80f691d4262b\UnityEngine.TestRunner\NUnitExtensions\UnityTestAssemblyBuilder.cs(62,53): error CS0246: The type or namespace name 'TestSuite' could not be found (are you missing a using directive or an assembly reference?)
Library\PackageCache\com.unity.test-framework@80f691d4262b\UnityEngine.TestRunner\NUnitExtensions\Commands\BeforeAfterTestCommandBase.cs(52,93): error CS0246: The type or namespace name 'ITest' could not be found (are you missing a using directive or an assembly reference?)
Library\PackageCache\com.unity.test-framework@80f691d4262b\UnityEngine.TestRunner\NUnitExtensions\Runner\UnityTestExecutionContext.cs(133,16): error CS0246: The type or namespace name 'IWorkItemDispatcher' could not be found (are you missing a using directive or an assembly reference?)
Library\PackageCache\com.unity.test-framework@80f691d4262b\UnityEngine.TestRunner\NUnitExtensions\Attributes\UnityTestAttribute.cs(120,52): error CS0246: The type or namespace name 'TestMethod' could not be found (are you missing a using directive or an assembly reference?)
Library\PackageCache\com.unity.test-framework@80f691d4262b\UnityEngine.TestRunner\TestRunner\Callbacks\TestResultRenderer.cs(46,37): error CS0246: The type or namespace name 'ITestResult' could not be found (are you missing a using directive or an assembly reference?)
Library\PackageCache\com.unity.test-framework@80f691d4262b\UnityEngine.TestRunner\NUnitExtensions\Attributes\UnityTestAttribute.cs(128,59): error CS0246: The type or namespace name 'IMethodInfo' could not be found (are you missing a using directive or an assembly reference?)
Library\PackageCache\com.unity.test-framework@80f691d4262b\UnityEngine.TestRunner\TestRunner\TestEnumeratorWrapper.cs(19,42): error CS0246: The type or namespace name 'ITestExecutionContext' could not be found (are you missing a using directive or an assembly reference?)
Library\PackageCache\com.unity.test-framework@80f691d4262b\UnityEngine.TestRunner\NUnitExtensions\Commands\BeforeAfterTestCommandBase.cs(103,76): error CS0246: The type or namespace name 'Test' could not be found (are you missing a using directive or an assembly reference?)
Library\PackageCache\com.unity.test-framework@80f691d4262b\UnityEngine.TestRunner\NUnitExtensions\Commands\EnumerableApplyChangesToContextCommand.cs(13,55): error CS0246: The type or namespace name 'TestCommand' could not be found (are you missing a using directive or an assembly reference?)
Library\PackageCache\com.unity.test-framework@80f691d4262b\UnityEngine.TestRunner\NUnitExtensions\Commands\EnumerableApplyChangesToContextCommand.cs(13,93): error CS0246: The type or namespace name 'IApplyToContext' could not be found (are you missing a using directive or an assembly reference?)
Library\PackageCache\com.unity.test-framework@80f691d4262b\UnityEngine.TestRunner\NUnitExtensions\Attributes\UnityTestAttribute.cs(138,37): error CS0246: The type or namespace name 'Test' could not be found (are you missing a using directive or an assembly reference?)
Library\PackageCache\com.unity.test-framework@80f691d4262b\UnityEngine.TestRunner\NUnitExtensions\Runner\UnityTestExecutionContext.cs(135,16): error CS0246: The type or namespace name 'ParallelScope' could not be found (are you missing a using directive or an assembly reference?)
Library\PackageCache\com.unity.test-framework@80f691d4262b\UnityEngine.TestRunner\TestRunner\Callbacks\TestResultRenderer.cs(33,31): error CS0246: The type or namespace name 'ITestResult' could not be found (are you missing a using directive or an assembly reference?)
Library\PackageCache\com.unity.test-framework@80f691d4262b\UnityEngine.TestRunner\NUnitExtensions\Commands\EnumerableOneTimeSetUpTearDownCommand.cs(53,77): error CS0246: The type or namespace name 'Test' could not be found (are you missing a using directive or an assembly reference?)
Library\PackageCache\com.unity.test-framework@80f691d4262b\UnityEngine.TestRunner\TestRunner\TestEnumeratorWrapper.cs(34,50): error CS0246: The type or namespace name 'ITestExecutionContext' could not be found (are you missing a using directive or an assembly reference?)
Library\PackageCache\com.unity.test-framework@80f691d4262b\UnityEngine.TestRunner\NUnitExtensions\Commands\BeforeAfterTestCommandBase.cs(94,63): error CS0246: The type or namespace name 'Test' could not be found (are you missing a using directive or an assembly reference?)
Library\PackageCache\com.unity.test-framework@80f691d4262b\UnityEngine.TestRunner\NUnitExtensions\Commands\EnumerableMaxTimeCommand.cs(11,47): error CS0246: The type or namespace name 'DelegatingTestCommand' could not be found (are you missing a using directive or an assembly reference?)
Library\PackageCache\com.unity.test-framework@80f691d4262b\UnityEngine.TestRunner\TestRunner\TestEnumeratorWrapper.cs(12,26): error CS0246: The type or namespace name 'TestMethod' could not be found (are you missing a using directive or an assembly reference?)
Library\PackageCache\com.unity.test-framework@80f691d4262b\UnityEngine.TestRunner\TestRunner\Callbacks\TestResultRenderer.cs(39,35): error CS0246: The type or namespace name 'ITestResult' could not be found (are you missing a using directive or an assembly reference?)
Library\PackageCache\com.unity.test-framework@80f691d4262b\UnityEngine.TestRunner\NUnitExtensions\Runner\UnityTestExecutionContext.cs(137,16): error CS0246: The type or namespace name 'Randomizer' could not be found (are you missing a using directive or an assembly reference?)
Library\PackageCache\com.unity.test-framework@80f691d4262b\UnityEngine.TestRunner\TestRunner\TestEnumeratorWrapper.cs(14,38): error CS0246: The type or namespace name 'TestMethod' could not be found (are you missing a using directive or an assembly reference?)
Library\PackageCache\com.unity.test-framework@80f691d4262b\UnityEngine.TestRunner\NUnitExtensions\Attributes\ConditionalIgnoreAttribute.cs(12,47): error CS0246: The type or namespace name 'NUnitAttribute' could not be found (are you missing a using directive or an assembly reference?)
Library\PackageCache\com.unity.test-framework@80f691d4262b\UnityEngine.TestRunner\NUnitExtensions\Attributes\ConditionalIgnoreAttribute.cs(12,63): error CS0246: The type or namespace name 'IApplyToTest' could not be found (are you missing a using directive or an assembly reference?)
Library\PackageCache\com.unity.test-framework@80f691d4262b\UnityEngine.TestRunner\NUnitExtensions\Commands\EnumerableSetUpTearDownCommand.cs(31,77): error CS0246: The type or namespace name 'Test' could not be found (are you missing a using directive or an assembly reference?)
Library\PackageCache\com.unity.test-framework@80f691d4262b\UnityEngine.TestRunner\NUnitExtensions\Commands\BeforeAfterTestCommandBase.cs(96,62): error CS0246: The type or namespace name 'Test' could not be found (are you missing a using directive or an assembly reference?)
Library\PackageCache\com.unity.test-framework@80f691d4262b\UnityEngine.TestRunner\TestRunner\RuntimeTestRunnerFilter.cs(68,45): error CS0246: The type or namespace name 'ITestFilter' could not be found (are you missing a using directive or an assembly reference?)
Library\PackageCache\com.unity.test-framework@80f691d4262b\UnityEngine.TestRunner\TestRunner\RuntimeTestRunnerFilter.cs(68,97): error CS0246: The type or namespace name 'TestFilter' could not be found (are you missing a using directive or an assembly reference?)
Library\PackageCache\com.unity.test-framework@80f691d4262b\UnityEngine.TestRunner\TestRunner\TestListenerWrapper.cs(6,42): error CS0246: The type or namespace name 'ITestListener' could not be found (are you missing a using directive or an assembly reference?)
Library\PackageCache\com.unity.test-framework@80f691d4262b\UnityEngine.TestRunner\NUnitExtensions\Runner\UnityTestExecutionContext.cs(138,16): error CS0246: The type or namespace name 'ValueFormatter' could not be found (are you missing a using directive or an assembly reference?)
Library\PackageCache\com.unity.test-framework@80f691d4262b\UnityEngine.TestRunner\NUnitExtensions\Commands\EnumerableMaxTimeCommand.cs(21,44): error CS0246: The type or namespace name 'ITestExecutionContext' could not be found (are you missing a using directive or an assembly reference?)
Library\PackageCache\com.unity.test-framework@80f691d4262b\UnityEngine.TestRunner\NUnitExtensions\Commands\EnumerableMaxTimeCommand.cs(21,25): error CS0246: The type or namespace name 'TestResult' could not be found (are you missing a using directive or an assembly reference?)
Library\PackageCache\com.unity.test-framework@80f691d4262b\UnityEngine.TestRunner\NUnitExtensions\Attributes\ConditionalIgnoreAttribute.cs(32,33): error CS0246: The type or namespace name 'Test' could not be found (are you missing a using directive or an assembly reference?)
Library\PackageCache\com.unity.test-framework@80f691d4262b\UnityEngine.TestRunner\NUnitExtensions\Commands\BeforeAfterTestCommandBase.cs(98,77): error CS0246: The type or namespace name 'Test' could not be found (are you missing a using directive or an assembly reference?)
Library\PackageCache\com.unity.test-framework@80f691d4262b\UnityEngine.TestRunner\NUnitExtensions\Commands\EnumerableOneTimeSetUpTearDownCommand.cs(61,78): error CS0246: The type or namespace name 'Test' could not be found (are you missing a using directive or an assembly reference?)
Library\PackageCache\com.unity.test-framework@80f691d4262b\UnityEngine.TestRunner\NUnitExtensions\Commands\EnumerableSetUpTearDownCommand.cs(37,78): error CS0246: The type or namespace name 'Test' could not be found (are you missing a using directive or an assembly reference?)
Library\PackageCache\com.unity.test-framework@80f691d4262b\UnityEngine.TestRunner\TestRunner\TestListenerWrapper.cs(17,33): error CS0246: The type or namespace name 'ITest' could not be found (are you missing a using directive or an assembly reference?)
Library\PackageCache\com.unity.test-framework@80f691d4262b\UnityEngine.TestRunner\TestRunner\Callbacks\TestResultRendererCallback.cs(9,32): error CS0246: The type or namespace name 'ITest' could not be found (are you missing a using directive or an assembly reference?)
Library\PackageCache\com.unity.test-framework@80f691d4262b\UnityEngine.TestRunner\NUnitExtensions\Commands\EnumerableMaxTimeCommand.cs(26,46): error CS0246: The type or namespace name 'ITestExecutionContext' could not be found (are you missing a using directive or an assembly reference?)
Library\PackageCache\com.unity.test-framework@80f691d4262b\UnityEngine.TestRunner\TestRunner\TestListenerWrapper.cs(22,34): error CS0246: The type or namespace name 'ITestResult' could not be found (are you missing a using directive or an assembly reference?)
Library\PackageCache\com.unity.test-framework@80f691d4262b\UnityEngine.TestRunner\TestRunner\Callbacks\TestResultRendererCallback.cs(13,33): error CS0246: The type or namespace name 'ITestResult' could not be found (are you missing a using directive or an assembly reference?)
Library\PackageCache\com.unity.test-framework@80f691d4262b\UnityEngine.TestRunner\TestRunner\TestListenerWrapper.cs(27,32): error CS0246: The type or namespace name 'TestOutput' could not be found (are you missing a using directive or an assembly reference?)
Library\PackageCache\com.unity.test-framework@80f691d4262b\UnityEngine.TestRunner\TestRunner\Callbacks\TestResultRendererCallback.cs(29,33): error CS0246: The type or namespace name 'ITest' could not be found (are you missing a using directive or an assembly reference?)
Library\PackageCache\com.unity.test-framework@80f691d4262b\UnityEngine.TestRunner\NUnitExtensions\Commands\EnumerableMaxTimeCommand.cs(14,41): error CS0246: The type or namespace name 'MaxTimeCommand' could not be found (are you missing a using directive or an assembly reference?)
Library\PackageCache\com.unity.test-framework@80f691d4262b\UnityEngine.TestRunner\TestRunner\SynchronousFilter.cs(13,20): error CS0246: The type or namespace name 'TNode' could not be found (are you missing a using directive or an assembly reference?)
Library\PackageCache\com.unity.test-framework@80f691d4262b\UnityEngine.TestRunner\NUnitExtensions\Commands\IgnoreTestCommand.cs(11,40): error CS0246: The type or namespace name 'DelegatingTestCommand' could not be found (are you missing a using directive or an assembly reference?)
Library\PackageCache\com.unity.test-framework@80f691d4262b\UnityEngine.TestRunner\NUnitExtensions\Commands\BeforeAfterTestCommandBase.cs(115,46): error CS0246: The type or namespace name 'ITestExecutionContext' could not be found (are you missing a using directive or an assembly reference?)
Library\PackageCache\com.unity.test-framework@80f691d4262b\UnityEngine.TestRunner\NUnitExtensions\Commands\EnumerableOneTimeSetUpTearDownCommand.cs(82,72): error CS0246: The type or namespace name 'Test' could not be found (are you missing a using directive or an assembly reference?)
Library\PackageCache\com.unity.test-framework@80f691d4262b\UnityEngine.TestRunner\TestRunner\Callbacks\TestResultRendererCallback.cs(33,34): error CS0246: The type or namespace name 'ITestResult' could not be found (are you missing a using directive or an assembly reference?)
Library\PackageCache\com.unity.test-framework@80f691d4262b\UnityEngine.TestRunner\NUnitExtensions\Runner\UnityTestExecutionContext.cs(167,34): error CS0246: The type or namespace name 'ValueFormatterFactory' could not be found (are you missing a using directive or an assembly reference?)
Library\PackageCache\com.unity.test-framework@80f691d4262b\UnityEngine.TestRunner\NUnitExtensions\Commands\EnumerableSetUpTearDownCommand.cs(43,72): error CS0246: The type or namespace name 'Test' could not be found (are you missing a using directive or an assembly reference?)
Library\PackageCache\com.unity.test-framework@80f691d4262b\UnityEngine.TestRunner\TestRunner\TestTaskWrapper.cs(21,36): error CS0246: The type or namespace name 'ITestExecutionContext' could not be found (are you missing a using directive or an assembly reference?)
Library\PackageCache\com.unity.test-framework@80f691d4262b\UnityEngine.TestRunner\TestRunner\SynchronousFilter.cs(18,40): error CS0246: The type or namespace name 'TNode' could not be found (are you missing a using directive or an assembly reference?)
Library\PackageCache\com.unity.test-framework@80f691d4262b\UnityEngine.TestRunner\TestRunner\SynchronousFilter.cs(18,25): error CS0246: The type or namespace name 'TNode' could not be found (are you missing a using directive or an assembly reference?)
Library\PackageCache\com.unity.test-framework@80f691d4262b\UnityEngine.TestRunner\NUnitExtensions\Commands\EnumerableOneTimeSetUpTearDownCommand.cs(88,71): error CS0246: The type or namespace name 'Test' could not be found (are you missing a using directive or an assembly reference?)
Library\PackageCache\com.unity.test-framework@80f691d4262b\UnityEngine.TestRunner\NUnitExtensions\Commands\OuterUnityTestActionCommand.cs(24,83): error CS0246: The type or namespace name 'Test' could not be found (are you missing a using directive or an assembly reference?)
Library\PackageCache\com.unity.test-framework@80f691d4262b\UnityEngine.TestRunner\NUnitExtensions\Commands\IgnoreTestCommand.cs(19,44): error CS0246: The type or namespace name 'ITestExecutionContext' could not be found (are you missing a using directive or an assembly reference?)
Library\PackageCache\com.unity.test-framework@80f691d4262b\UnityEngine.TestRunner\NUnitExtensions\Commands\IgnoreTestCommand.cs(19,25): error CS0246: The type or namespace name 'TestResult' could not be found (are you missing a using directive or an assembly reference?)
Library\PackageCache\com.unity.test-framework@80f691d4262b\UnityEngine.TestRunner\NUnitExtensions\Commands\BeforeAfterTestCommandBase.cs(120,46): error CS0246: The type or namespace name 'ITestExecutionContext' could not be found (are you missing a using directive or an assembly reference?)
Library\PackageCache\com.unity.test-framework@80f691d4262b\UnityEngine.TestRunner\NUnitExtensions\Commands\EnumerableSetUpTearDownCommand.cs(48,71): error CS0246: The type or namespace name 'Test' could not be found (are you missing a using directive or an assembly reference?)
Library\PackageCache\com.unity.test-framework@80f691d4262b\UnityEngine.TestRunner\TestRunner\SynchronousFilter.cs(23,36): error CS0246: The type or namespace name 'ITest' could not be found (are you missing a using directive or an assembly reference?)
Library\PackageCache\com.unity.test-framework@80f691d4262b\UnityEngine.TestRunner\NUnitExtensions\Commands\IgnoreTestCommand.cs(24,46): error CS0246: The type or namespace name 'ITestExecutionContext' could not be found (are you missing a using directive or an assembly reference?)
Library\PackageCache\com.unity.test-framework@80f691d4262b\UnityEngine.TestRunner\NUnitExtensions\Commands\OuterUnityTestActionCommand.cs(29,82): error CS0246: The type or namespace name 'Test' could not be found (are you missing a using directive or an assembly reference?)
Library\PackageCache\com.unity.test-framework@80f691d4262b\UnityEngine.TestRunner\TestRunner\TestTaskWrapper.cs(35,43): error CS0246: The type or namespace name 'ITestExecutionContext' could not be found (are you missing a using directive or an assembly reference?)
Library\PackageCache\com.unity.test-framework@80f691d4262b\UnityEngine.TestRunner\NUnitExtensions\Commands\EnumerableOneTimeSetUpTearDownCommand.cs(99,58): error CS0246: The type or namespace name 'ITestExecutionContext' could not be found (are you missing a using directive or an assembly reference?)
Library\PackageCache\com.unity.test-framework@80f691d4262b\UnityEngine.TestRunner\NUnitExtensions\Commands\IgnoreTestCommand.cs(13,17): error CS0246: The type or namespace name 'ITest' could not be found (are you missing a using directive or an assembly reference?)
Library\PackageCache\com.unity.test-framework@80f691d4262b\UnityEngine.TestRunner\TestRunner\TestTaskWrapper.cs(14,26): error CS0246: The type or namespace name 'TestMethod' could not be found (are you missing a using directive or an assembly reference?)
Library\PackageCache\com.unity.test-framework@80f691d4262b\UnityEngine.TestRunner\NUnitExtensions\Commands\EnumerableOneTimeSetUpTearDownCommand.cs(112,61): error CS0246: The type or namespace name 'ITestExecutionContext' could not be found (are you missing a using directive or an assembly reference?)
Library\PackageCache\com.unity.test-framework@80f691d4262b\UnityEngine.TestRunner\TestRunner\TestTaskWrapper.cs(16,32): error CS0246: The type or namespace name 'TestMethod' could not be found (are you missing a using directive or an assembly reference?)
Library\PackageCache\com.unity.test-framework@80f691d4262b\UnityEngine.TestRunner\NUnitExtensions\Commands\BeforeAfterTestCommandBase.cs(303,44): error CS0246: The type or namespace name 'ITestExecutionContext' could not be found (are you missing a using directive or an assembly reference?)
Library\PackageCache\com.unity.test-framework@80f691d4262b\UnityEngine.TestRunner\NUnitExtensions\Commands\BeforeAfterTestCommandBase.cs(303,25): error CS0246: The type or namespace name 'TestResult' could not be found (are you missing a using directive or an assembly reference?)
Library\PackageCache\com.unity.test-framework@80f691d4262b\UnityEngine.TestRunner\TestRunner\SynchronousFilter.cs(54,35): error CS0246: The type or namespace name 'ITest' could not be found (are you missing a using directive or an assembly reference?)
Library\PackageCache\com.unity.test-framework@80f691d4262b\UnityEngine.TestRunner\NUnitExtensions\Commands\IgnoreTestCommand.cs(14,34): error CS0246: The type or namespace name 'TestCommand' could not be found (are you missing a using directive or an assembly reference?)
Library\PackageCache\com.unity.test-framework@80f691d4262b\UnityEngine.TestRunner\NUnitExtensions\Commands\IgnoreTestCommand.cs(14,60): error CS0246: The type or namespace name 'ITest' could not be found (are you missing a using directive or an assembly reference?)
Library\PackageCache\com.unity.test-framework@80f691d4262b\UnityEngine.TestRunner\NUnitExtensions\Commands\ImmediateEnumerableCommand.cs(8,49): error CS0246: The type or namespace name 'DelegatingTestCommand' could not be found (are you missing a using directive or an assembly reference?)
Library\PackageCache\com.unity.test-framework@80f691d4262b\UnityEngine.TestRunner\NUnitExtensions\Commands\BeforeAfterTestCommandBase.cs(29,46): error CS0246: The type or namespace name 'TestCommand' could not be found (are you missing a using directive or an assembly reference?)
Library\PackageCache\com.unity.test-framework@80f691d4262b\UnityEngine.TestRunner\NUnitExtensions\Commands\EnumerableSetUpTearDownCommand.cs(18,47): error CS0246: The type or namespace name 'TestCommand' could not be found (are you missing a using directive or an assembly reference?)
Library\PackageCache\com.unity.test-framework@80f691d4262b\UnityEngine.TestRunner\NUnitExtensions\Commands\ImmediateEnumerableCommand.cs(10,43): error CS0246: The type or namespace name 'TestCommand' could not be found (are you missing a using directive or an assembly reference?)
Library\PackageCache\com.unity.test-framework@80f691d4262b\UnityEngine.TestRunner\NUnitExtensions\Commands\EnumerableTestMethodCommand.cs(12,50): error CS0246: The type or namespace name 'TestCommand' could not be found (are you missing a using directive or an assembly reference?)
Library\PackageCache\com.unity.test-framework@80f691d4262b\UnityEngine.TestRunner\NUnitExtensions\Commands\ImmediateEnumerableCommand.cs(13,44): error CS0246: The type or namespace name 'ITestExecutionContext' could not be found (are you missing a using directive or an assembly reference?)
Library\PackageCache\com.unity.test-framework@80f691d4262b\UnityEngine.TestRunner\NUnitExtensions\Commands\ImmediateEnumerableCommand.cs(13,25): error CS0246: The type or namespace name 'TestResult' could not be found (are you missing a using directive or an assembly reference?)
Library\PackageCache\com.unity.test-framework@80f691d4262b\UnityEngine.TestRunner\NUnitExtensions\Commands\OuterUnityTestActionCommand.cs(14,44): error CS0246: The type or namespace name 'TestCommand' could not be found (are you missing a using directive or an assembly reference?)
Library\PackageCache\com.unity.test-framework@80f691d4262b\UnityEngine.TestRunner\NUnitExtensions\Commands\EnumerableOneTimeSetUpTearDownCommand.cs(32,26): error CS0246: The type or namespace name 'TestSuite' could not be found (are you missing a using directive or an assembly reference?)
Library\PackageCache\com.unity.test-framework@80f691d4262b\UnityEngine.TestRunner\NUnitExtensions\Commands\EnumerableTestMethodCommand.cs(22,46): error CS0246: The type or namespace name 'ITestExecutionContext' could not be found (are you missing a using directive or an assembly reference?)
Library\PackageCache\com.unity.test-framework@80f691d4262b\UnityEngine.TestRunner\NUnitExtensions\Commands\RetryCommand.cs(12,36): error CS0246: The type or namespace name 'DelegatingTestCommand' could not be found (are you missing a using directive or an assembly reference?)
Library\PackageCache\com.unity.test-framework@80f691d4262b\UnityEngine.TestRunner\NUnitExtensions\Commands\ParametrizedIgnoreCommand.cs(10,48): error CS0246: The type or namespace name 'DelegatingTestCommand' could not be found (are you missing a using directive or an assembly reference?)
Library\PackageCache\com.unity.test-framework@80f691d4262b\UnityEngine.TestRunner\NUnitExtensions\Commands\TaskTestMethodCommand.cs(12,44): error CS0246: The type or namespace name 'TestCommand' could not be found (are you missing a using directive or an assembly reference?)
Library\PackageCache\com.unity.test-framework@80f691d4262b\UnityEngine.TestRunner\NUnitExtensions\Commands\TimeoutCommand.cs(12,37): error CS0246: The type or namespace name 'DelegatingTestCommand' could not be found (are you missing a using directive or an assembly reference?)
Library\PackageCache\com.unity.test-framework@80f691d4262b\UnityEngine.TestRunner\NUnitExtensions\Commands\EnumerableOneTimeSetUpTearDownCommand.cs(34,26): error CS0246: The type or namespace name 'ITypeInfo' could not be found (are you missing a using directive or an assembly reference?)
Library\PackageCache\com.unity.test-framework@80f691d4262b\UnityEngine.TestRunner\NUnitExtensions\Commands\ParametrizedIgnoreCommand.cs(24,44): error CS0246: The type or namespace name 'ITestExecutionContext' could not be found (are you missing a using directive or an assembly reference?)
Library\PackageCache\com.unity.test-framework@80f691d4262b\UnityEngine.TestRunner\NUnitExtensions\Commands\ParametrizedIgnoreCommand.cs(24,25): error CS0246: The type or namespace name 'TestResult' could not be found (are you missing a using directive or an assembly reference?)
Library\PackageCache\com.unity.test-framework@80f691d4262b\UnityEngine.TestRunner\NUnitExtensions\Commands\TaskTestMethodCommand.cs(22,46): error CS0246: The type or namespace name 'ITestExecutionContext' could not be found (are you missing a using directive or an assembly reference?)
Library\PackageCache\com.unity.test-framework@80f691d4262b\UnityEngine.TestRunner\NUnitExtensions\Commands\EnumerableTestMethodCommand.cs(145,44): error CS0246: The type or namespace name 'ITestExecutionContext' could not be found (are you missing a using directive or an assembly reference?)
Library\PackageCache\com.unity.test-framework@80f691d4262b\UnityEngine.TestRunner\NUnitExtensions\Commands\EnumerableTestMethodCommand.cs(145,25): error CS0246: The type or namespace name 'TestResult' could not be found (are you missing a using directive or an assembly reference?)
Library\PackageCache\com.unity.test-framework@80f691d4262b\UnityEngine.TestRunner\NUnitExtensions\Commands\EnumerableOneTimeSetUpTearDownCommand.cs(37,54): error CS0246: The type or namespace name 'Test' could not be found (are you missing a using directive or an assembly reference?)
Library\PackageCache\com.unity.test-framework@80f691d4262b\UnityEngine.TestRunner\NUnitExtensions\Commands\ParametrizedIgnoreCommand.cs(39,46): error CS0246: The type or namespace name 'ITestExecutionContext' could not be found (are you missing a using directive or an assembly reference?)
Library\PackageCache\com.unity.test-framework@80f691d4262b\UnityEngine.TestRunner\NUnitExtensions\Commands\TimeoutCommand.cs(20,44): error CS0246: The type or namespace name 'ITestExecutionContext' could not be found (are you missing a using directive or an assembly reference?)
Library\PackageCache\com.unity.test-framework@80f691d4262b\UnityEngine.TestRunner\NUnitExtensions\Commands\TimeoutCommand.cs(20,25): error CS0246: The type or namespace name 'TestResult' could not be found (are you missing a using directive or an assembly reference?)
Library\PackageCache\com.unity.test-framework@80f691d4262b\UnityEngine.TestRunner\NUnitExtensions\Commands\TaskTestMethodCommand.cs(76,97): error CS0246: The type or namespace name 'ITestExecutionContext' could not be found (are you missing a using directive or an assembly reference?)
Library\PackageCache\com.unity.test-framework@80f691d4262b\UnityEngine.TestRunner\NUnitExtensions\Commands\ParametrizedIgnoreCommand.cs(12,26): error CS0246: The type or namespace name 'TestCommand' could not be found (are you missing a using directive or an assembly reference?)
Library\PackageCache\com.unity.test-framework@80f691d4262b\UnityEngine.TestRunner\NUnitExtensions\Commands\EnumerableTestMethodCommand.cs(14,26): error CS0246: The type or namespace name 'TestMethod' could not be found (are you missing a using directive or an assembly reference?)
Library\PackageCache\com.unity.test-framework@80f691d4262b\UnityEngine.TestRunner\NUnitExtensions\Commands\RetryCommand.cs(19,44): error CS0246: The type or namespace name 'ITestExecutionContext' could not be found (are you missing a using directive or an assembly reference?)
Library\PackageCache\com.unity.test-framework@80f691d4262b\UnityEngine.TestRunner\NUnitExtensions\Commands\RetryCommand.cs(19,25): error CS0246: The type or namespace name 'TestResult' could not be found (are you missing a using directive or an assembly reference?)
Library\PackageCache\com.unity.test-framework@80f691d4262b\UnityEngine.TestRunner\NUnitExtensions\Commands\EnumerableTestMethodCommand.cs(16,44): error CS0246: The type or namespace name 'TestMethod' could not be found (are you missing a using directive or an assembly reference?)
Library\PackageCache\com.unity.test-framework@80f691d4262b\UnityEngine.TestRunner\NUnitExtensions\Commands\ParametrizedIgnoreCommand.cs(17,42): error CS0246: The type or namespace name 'TestCommand' could not be found (are you missing a using directive or an assembly reference?)
Library\PackageCache\com.unity.test-framework@80f691d4262b\UnityEngine.TestRunner\NUnitExtensions\Commands\RetryCommand.cs(24,46): error CS0246: The type or namespace name 'ITestExecutionContext' could not be found (are you missing a using directive or an assembly reference?)
Library\PackageCache\com.unity.test-framework@80f691d4262b\UnityEngine.TestRunner\NUnitExtensions\Commands\TaskTestMethodCommand.cs(105,44): error CS0246: The type or namespace name 'ITestExecutionContext' could not be found (are you missing a using directive or an assembly reference?)
Library\PackageCache\com.unity.test-framework@80f691d4262b\UnityEngine.TestRunner\NUnitExtensions\Commands\TaskTestMethodCommand.cs(105,25): error CS0246: The type or namespace name 'TestResult' could not be found (are you missing a using directive or an assembly reference?)
Library\PackageCache\com.unity.test-framework@80f691d4262b\UnityEngine.TestRunner\NUnitExtensions\Commands\TimeoutCommand.cs(25,46): error CS0246: The type or namespace name 'ITestExecutionContext' could not be found (are you missing a using directive or an assembly reference?)
Library\PackageCache\com.unity.test-framework@80f691d4262b\UnityEngine.TestRunner\NUnitExtensions\Commands\EnumerableTestMethodCommand.cs(121,30): error CS0246: The type or namespace name 'ITestExecutionContext' could not be found (are you missing a using directive or an assembly reference?)
Library\PackageCache\com.unity.test-framework@80f691d4262b\UnityEngine.TestRunner\NUnitExtensions\Commands\RepeatCommand.cs(11,36): error CS0246: The type or namespace name 'DelegatingTestCommand' could not be found (are you missing a using directive or an assembly reference?)
Library\PackageCache\com.unity.test-framework@80f691d4262b\UnityEngine.TestRunner\NUnitExtensions\Commands\TimeoutCommand.cs(51,41): error CS0246: The type or namespace name 'ITestExecutionContext' could not be found (are you missing a using directive or an assembly reference?)
Library\PackageCache\com.unity.test-framework@80f691d4262b\UnityEngine.TestRunner\NUnitExtensions\Commands\RetryCommand.cs(14,29): error CS0246: The type or namespace name 'TestCommand' could not be found (are you missing a using directive or an assembly reference?)
Library\PackageCache\com.unity.test-framework@80f691d4262b\UnityEngine.TestRunner\NUnitExtensions\Commands\TaskTestMethodCommand.cs(14,26): error CS0246: The type or namespace name 'TestMethod' could not be found (are you missing a using directive or an assembly reference?)
Library\PackageCache\com.unity.test-framework@80f691d4262b\UnityEngine.TestRunner\NUnitExtensions\Commands\EnumerableTestMethodCommand.cs(123,38): error CS0246: The type or namespace name 'ITestExecutionContext' could not be found (are you missing a using directive or an assembly reference?)
Library\PackageCache\com.unity.test-framework@80f691d4262b\UnityEngine.TestRunner\NUnitExtensions\Commands\EnumerableOneTimeSetUpTearDownCommand.cs(19,34): error CS0246: The type or namespace name 'TestCommand' could not be found (are you missing a using directive or an assembly reference?)
Library\PackageCache\com.unity.test-framework@80f691d4262b\UnityEngine.TestRunner\NUnitExtensions\Commands\RepeatCommand.cs(18,44): error CS0246: The type or namespace name 'ITestExecutionContext' could not be found (are you missing a using directive or an assembly reference?)
Library\PackageCache\com.unity.test-framework@80f691d4262b\UnityEngine.TestRunner\NUnitExtensions\Commands\RepeatCommand.cs(18,25): error CS0246: The type or namespace name 'TestResult' could not be found (are you missing a using directive or an assembly reference?)
Library\PackageCache\com.unity.test-framework@80f691d4262b\UnityEngine.TestRunner\NUnitExtensions\Commands\TaskTestMethodCommand.cs(16,38): error CS0246: The type or namespace name 'TestMethod' could not be found (are you missing a using directive or an assembly reference?)
Library\PackageCache\com.unity.test-framework@80f691d4262b\UnityEngine.TestRunner\NUnitExtensions\Commands\RepeatCommand.cs(23,46): error CS0246: The type or namespace name 'ITestExecutionContext' could not be found (are you missing a using directive or an assembly reference?)
Library\PackageCache\com.unity.test-framework@80f691d4262b\UnityEngine.TestRunner\NUnitExtensions\Commands\SetUpTearDownCommand.cs(39,72): error CS0246: The type or namespace name 'Test' could not be found (are you missing a using directive or an assembly reference?)
Library\PackageCache\com.unity.test-framework@80f691d4262b\UnityEngine.TestRunner\NUnitExtensions\Commands\TestActionCommand.cs(12,67): error CS0246: The type or namespace name 'ITestAction' could not be found (are you missing a using directive or an assembly reference?)
Library\PackageCache\com.unity.test-framework@80f691d4262b\UnityEngine.TestRunner\NUnitExtensions\Commands\RepeatCommand.cs(13,30): error CS0246: The type or namespace name 'TestCommand' could not be found (are you missing a using directive or an assembly reference?)
Library\PackageCache\com.unity.test-framework@80f691d4262b\UnityEngine.TestRunner\NUnitExtensions\Commands\TimeoutCommand.cs(16,31): error CS0246: The type or namespace name 'TestCommand' could not be found (are you missing a using directive or an assembly reference?)
Library\PackageCache\com.unity.test-framework@80f691d4262b\UnityEngine.TestRunner\NUnitExtensions\Commands\TestActionCommand.cs(26,59): error CS0246: The type or namespace name 'ITestAction' could not be found (are you missing a using directive or an assembly reference?)
Library\PackageCache\com.unity.test-framework@80f691d4262b\UnityEngine.TestRunner\NUnitExtensions\Commands\UnityTestMethodCommand.cs(10,45): error CS0246: The type or namespace name 'TestMethodCommand' could not be found (are you missing a using directive or an assembly reference?)
Library\PackageCache\com.unity.test-framework@80f691d4262b\UnityEngine.TestRunner\Utils\IOuterUnityTestAction.cs(122,32): error CS0246: The type or namespace name 'ITest' could not be found (are you missing a using directive or an assembly reference?)
Library\PackageCache\com.unity.test-framework@80f691d4262b\UnityEngine.TestRunner\NUnitExtensions\Commands\SetUpTearDownCommand.cs(64,71): error CS0246: The type or namespace name 'Test' could not be found (are you missing a using directive or an assembly reference?)
Library\PackageCache\com.unity.test-framework@80f691d4262b\UnityEngine.TestRunner\Utils\IOuterUnityTestAction.cs(127,31): error CS0246: The type or namespace name 'ITest' could not be found (are you missing a using directive or an assembly reference?)
Library\PackageCache\com.unity.test-framework@80f691d4262b\UnityEngine.TestRunner\NUnitExtensions\Commands\TestActionCommand.cs(31,53): error CS0246: The type or namespace name 'ITestAction' could not be found (are you missing a using directive or an assembly reference?)
Library\PackageCache\com.unity.test-framework@80f691d4262b\UnityEngine.TestRunner\NUnitExtensions\Commands\TestActionCommand.cs(31,73): error CS0246: The type or namespace name 'Test' could not be found (are you missing a using directive or an assembly reference?)
Library\PackageCache\com.unity.test-framework@80f691d4262b\UnityEngine.TestRunner\NUnitExtensions\Commands\UnityTestMethodCommand.cs(12,39): error CS0246: The type or namespace name 'TestMethod' could not be found (are you missing a using directive or an assembly reference?)
Library\PackageCache\com.unity.test-framework@80f691d4262b\UnityEngine.TestRunner\NUnitExtensions\Commands\EnumerableOneTimeSetUpTearDownCommand.cs(21,30): error CS0246: The type or namespace name 'Test' could not be found (are you missing a using directive or an assembly reference?)
Library\PackageCache\com.unity.test-framework@80f691d4262b\UnityEngine.TestRunner\NUnitExtensions\Commands\UnityTestMethodCommand.cs(15,44): error CS0246: The type or namespace name 'ITestExecutionContext' could not be found (are you missing a using directive or an assembly reference?)
Library\PackageCache\com.unity.test-framework@80f691d4262b\UnityEngine.TestRunner\NUnitExtensions\Commands\UnityTestMethodCommand.cs(15,25): error CS0246: The type or namespace name 'TestResult' could not be found (are you missing a using directive or an assembly reference?)
Library\PackageCache\com.unity.test-framework@80f691d4262b\UnityEngine.TestRunner\NUnitExtensions\Commands\SetUpTearDownCommand.cs(21,37): error CS0246: The type or namespace name 'TestCommand' could not be found (are you missing a using directive or an assembly reference?)
Library\PackageCache\com.unity.test-framework@80f691d4262b\UnityEngine.TestRunner\NUnitExtensions\Commands\EnumerableOneTimeSetUpTearDownCommand.cs(26,48): error CS0246: The type or namespace name 'ITestExecutionContext' could not be found (are you missing a using directive or an assembly reference?)
Library\PackageCache\com.unity.test-framework@80f691d4262b\UnityEngine.TestRunner\NUnitExtensions\Commands\EnumerableOneTimeSetUpTearDownCommand.cs(26,29): error CS0246: The type or namespace name 'TestResult' could not be found (are you missing a using directive or an assembly reference?)
Library\PackageCache\com.unity.test-framework@80f691d4262b\UnityEngine.TestRunner\NUnitExtensions\Commands\TestActionCommand.cs(42,52): error CS0246: The type or namespace name 'ITestAction' could not be found (are you missing a using directive or an assembly reference?)
Library\PackageCache\com.unity.test-framework@80f691d4262b\UnityEngine.TestRunner\NUnitExtensions\Commands\TestActionCommand.cs(42,72): error CS0246: The type or namespace name 'Test' could not be found (are you missing a using directive or an assembly reference?)
Library\PackageCache\com.unity.test-framework@80f691d4262b\UnityEngine.TestRunner\Utils\TestData.cs(19,89): error CS0246: The type or namespace name 'ITest' could not be found (are you missing a using directive or an assembly reference?)
Library\PackageCache\com.unity.test-framework@80f691d4262b\UnityEngine.TestRunner\NUnitExtensions\Commands\EnumerableRepeatedTestCommand.cs(12,52): error CS0246: The type or namespace name 'DelegatingTestCommand' could not be found (are you missing a using directive or an assembly reference?)
Library\PackageCache\com.unity.test-framework@80f691d4262b\UnityEngine.TestRunner\NUnitExtensions\Commands\TestActionCommand.cs(14,61): error CS0246: The type or namespace name 'ITestAction' could not be found (are you missing a using directive or an assembly reference?)
Library\PackageCache\com.unity.test-framework@80f691d4262b\UnityEngine.TestRunner\NUnitExtensions\Commands\TestActionCommand.cs(16,34): error CS0246: The type or namespace name 'TestCommand' could not be found (are you missing a using directive or an assembly reference?)
Library\PackageCache\com.unity.test-framework@80f691d4262b\UnityEngine.TestRunner\NUnitExtensions\Commands\EnumerableRepeatedTestCommand.cs(23,44): error CS0246: The type or namespace name 'ITestExecutionContext' could not be found (are you missing a using directive or an assembly reference?)
Library\PackageCache\com.unity.test-framework@80f691d4262b\UnityEngine.TestRunner\NUnitExtensions\Commands\EnumerableRepeatedTestCommand.cs(23,25): error CS0246: The type or namespace name 'TestResult' could not be found (are you missing a using directive or an assembly reference?)
Library\PackageCache\com.unity.test-framework@80f691d4262b\UnityEngine.TestRunner\NUnitExtensions\Commands\EnumerableRepeatedTestCommand.cs(28,46): error CS0246: The type or namespace name 'ITestExecutionContext' could not be found (are you missing a using directive or an assembly reference?)
Library\PackageCache\com.unity.test-framework@80f691d4262b\UnityEngine.TestRunner\NUnitExtensions\Commands\EnumerableRepeatedTestCommand.cs(16,46): error CS0246: The type or namespace name 'RepeatAttribute' could not be found (are you missing a using directive or an assembly reference?)
Library\PackageCache\com.unity.test-framework@80f691d4262b\UnityEngine.TestRunner\NUnitExtensions\Commands\EnumerableRetryTestCommand.cs(12,49): error CS0246: The type or namespace name 'DelegatingTestCommand' could not be found (are you missing a using directive or an assembly reference?)
Library\PackageCache\com.unity.test-framework@80f691d4262b\UnityEngine.TestRunner\NUnitExtensions\Commands\EnumerableRetryTestCommand.cs(23,44): error CS0246: The type or namespace name 'ITestExecutionContext' could not be found (are you missing a using directive or an assembly reference?)
Library\PackageCache\com.unity.test-framework@80f691d4262b\UnityEngine.TestRunner\NUnitExtensions\Commands\EnumerableRetryTestCommand.cs(23,25): error CS0246: The type or namespace name 'TestResult' could not be found (are you missing a using directive or an assembly reference?)
Library\PackageCache\com.unity.test-framework@80f691d4262b\UnityEngine.TestRunner\NUnitExtensions\Commands\EnumerableRetryTestCommand.cs(28,46): error CS0246: The type or namespace name 'ITestExecutionContext' could not be found (are you missing a using directive or an assembly reference?)
Library\PackageCache\com.unity.test-framework@80f691d4262b\UnityEngine.TestRunner\NUnitExtensions\Commands\EnumerableRetryTestCommand.cs(16,43): error CS0246: The type or namespace name 'RetryAttribute' could not be found (are you missing a using directive or an assembly reference?)
Library\PackageCache\com.unity.test-framework@80f691d4262b\UnityEngine.TestRunner\NUnitExtensions\Commands\StrictCheckCommand.cs(14,41): error CS0246: The type or namespace name 'DelegatingTestCommand' could not be found (are you missing a using directive or an assembly reference?)
Library\PackageCache\com.unity.test-framework@80f691d4262b\UnityEngine.TestRunner\NUnitExtensions\Commands\StrictCheckCommand.cs(20,44): error CS0246: The type or namespace name 'ITestExecutionContext' could not be found (are you missing a using directive or an assembly reference?)
Library\PackageCache\com.unity.test-framework@80f691d4262b\UnityEngine.TestRunner\NUnitExtensions\Commands\StrictCheckCommand.cs(20,25): error CS0246: The type or namespace name 'TestResult' could not be found (are you missing a using directive or an assembly reference?)
Library\PackageCache\com.unity.test-framework@80f691d4262b\UnityEngine.TestRunner\NUnitExtensions\Commands\StrictCheckCommand.cs(25,46): error CS0246: The type or namespace name 'ITestExecutionContext' could not be found (are you missing a using directive or an assembly reference?)
Library\PackageCache\com.unity.test-framework@80f691d4262b\UnityEngine.TestRunner\NUnitExtensions\Commands\StrictCheckCommand.cs(16,35): error CS0246: The type or namespace name 'TestCommand' could not be found (are you missing a using directive or an assembly reference?)
AssetDatabase: script compilation time: 1.471338s
Total cache size 201630230
Total cache size after purge 201630230, took 00:00:00.4826461
Failed to find entry-points:
System.Exception: Could not resolve assembly 'unityplastic, Version=11.0.16.10262, Culture=neutral, PublicKeyToken=a107c9c6e34c8876' referenced by the assembly 'Unity.PlasticSCM.Editor, Version=0.0.0.0, Culture=neutral, PublicKeyToken=null'. Does the assembly name differ from the DLL name (Burst does not support this)?
 ---> Mono.Cecil.AssemblyResolutionException: Failed to resolve assembly: 'unityplastic, Version=11.0.16.10262, Culture=neutral, PublicKeyToken=a107c9c6e34c8876'
 ---> System.Exception: Failed to resolve assembly 'unityplastic, Version=11.0.16.10262, Culture=neutral, PublicKeyToken=a107c9c6e34c8876' in directories: C:\Program Files\Unity\Hub\Editor\6000.6.4f1\Editor\Data\MonoBleedingEdge\lib\mono\unityjit-win32
C:\Program Files\Unity\Hub\Editor\6000.6.4f1\Editor\Data\MonoBleedingEdge\lib\mono\unityjit-win32\Facades
C:\Program Files\Unity\Hub\Editor\6000.6.4f1\Editor\Data\Managed
C:\Program Files\Unity\Hub\Editor\6000.6.4f1\Editor\Data\PlaybackEngines\WindowsStandaloneSupport
C:\Users\rotte\OneDrive\MS_After100Years\akira_un\Library\PackageCache\com.unity.visualscripting@4edfcc09512f\Editor\VisualScripting.Core\Dependencies\DotNetZip
C:\Users\rotte\OneDrive\MS_After100Years\akira_un\Library\PackageCache\com.unity.nuget.mono-cecil@ecb9724e46ff
C:\Users\rotte\OneDrive\MS_After100Years\akira_un\Library\PackageCache\com.unity.visualscripting@4edfcc09512f\Editor\VisualScripting.Core\EditorAssetResources
C:\Users\rotte\OneDrive\MS_After100Years\akira_un\Library\PackageCache\com.unity.visualscripting@4edfcc09512f\Editor\VisualScripting.Core\Dependencies\YamlDotNet
C:\Users\rotte\OneDrive\MS_After100Years\akira_un\Library\PackageCache\com.unity.collab-proxy@4628d2ba6ea4\Lib\Editor\TextMateSharp
C:\Users\rotte\OneDrive\MS_After100Years\akira_un\Library\PackageCache\com.unity.collab-proxy@4628d2ba6ea4\Lib\Editor\TextMateSharp\Onigwrap
C:\Users\rotte\OneDrive\MS_After100Years\akira_un\Library\PackageCache\com.unity.collections@10fff0607388\Unity.Collections.LowLevel.ILSupport
C:\Users\rotte\OneDrive\MS_After100Years\akira_un\Library\PackageCache\com.unity.visualscripting@4edfcc09512f\Runtime\VisualScripting.Flow\Dependencies\NCalc
C:\Program Files\Unity\Hub\Editor\6000.6.4f1\Editor\Data\BCLExtensions\runtime\netstandard2.1
C:\Program Files\Unity\Hub\Editor\6000.6.4f1\Editor\Data\Managed\UnityEngine
C:\Program Files\Unity\Hub\Editor\6000.6.4f1\Editor\Data\Managed\Bootstrap
C:\Users\rotte\OneDrive\MS_After100Years\akira_un\Library\ScriptAssemblies
 ---> Mono.Cecil.AssemblyResolutionException: Failed to resolve assembly: 'unityplastic, Version=11.0.16.10262, Culture=neutral, PublicKeyToken=a107c9c6e34c8876'
   at Mono.Cecil.BaseAssemblyResolver.Resolve(AssemblyNameReference name, ReaderParameters parameters)
   at Burst.Compiler.IL.AssemblyResolver.Resolve(AssemblyNameReference name)
   --- End of inner exception stack trace ---
   at Burst.Compiler.IL.AssemblyResolver.Resolve(AssemblyNameReference name)
   at Burst.Compiler.IL.AssemblyLoader.Resolve(AssemblyNameReference name)
   at Mono.Cecil.MetadataResolver.Resolve(TypeReference type)
   at Mono.Cecil.ModuleDefinition.Resolve(TypeReference type)
   at Mono.Cecil.TypeReference.Resolve()
   at Burst.Compiler.IL.Server.EntryPointMethodFinder.CollectGenericTypeInstances(TypeReference type, List`1 types, HashSet`1 visited)
   at Burst.Compiler.IL.Server.EntryPointMethodFinder.CollectGenericTypeInstances(AssemblyDefinition assembly, List`1 types, HashSet`1 visited)
   at Burst.Compiler.IL.Server.EntryPointMethodFinder.FindEntryPoints(String[] rootAssemblyNames, HashCacheAssemblyStore assemblyStore, AssemblyLoader assemblyLoader, NativeCompilerOptions options, ProfileDelegate profileCallback, Boolean includeRootAssemblyReferences, Boolean splitTargets, Boolean includeInspectorMetadata)
   --- End of inner exception stack trace ---
   at Burst.Compiler.IL.Server.EntryPointMethodFinder.FindEntryPoints(String[] rootAssemblyNames, HashCacheAssemblyStore assemblyStore, AssemblyLoader assemblyLoader, NativeCompilerOptions options, ProfileDelegate profileCallback, Boolean includeRootAssemblyReferences, Boolean splitTargets, Boolean includeInspectorMetadata)
   at Burst.Compiler.IL.Server.CompilerServer.<>c__DisplayClass19_1.<FindMethods>b__0(CacheManager cacheManager)
   at Burst.Compiler.IL.Server.CompilerServer.<>c__DisplayClass29_0`1.<<RunTask>b__0>d.MoveNext()
--- End of stack trace from previous location ---
   at Burst.Compiler.IL.Server.CompilerServer.RunTask[TResult](TargetKey target, String taskName, String[] assemblyFolders, CancellationToken cancellationToken, Func`2 function)
   at Burst.Compiler.IL.Server.CompilerServer.FindMethods(CompilerServerOptions options, AotCompilerOptions aotOptions, AssemblyDefinesDict assemblyDefines, TargetKey target, CacheManager cacheManager, CompilerStatistics stats, CancellationToken cancellationToken)
   at Burst.Compiler.IL.Server.CompilerServer.<>c__DisplayClass29_0`1.<<RunTask>b__0>d.MoveNext()
--- End of stack trace from previous location ---
   at Burst.Compiler.IL.Server.CompilerServer.RunTask[TResult](TargetKey target, String taskName, String[] assemblyFolders, CancellationToken cancellationToken, Func`2 function)
   at Burst.Compiler.IL.Server.CompilerServer.Compile(CompilerServerOptions options, CompilationMessageStreamer streamer, CancellationToken cancellationToken)

While compiling job:
Safe Mode: Only loading a subset of assemblies
Begin MonoManager ReloadAssembly
Assembly 'Library/ScriptAssemblies/Unity.VisualStudio.Editor.dll' will not be loaded due to errors:
Unable to resolve reference 'nunit.framework'. Is the assembly missing or incompatible with the current platform?
Reference validation can be disabled in the Plugin Inspector.
Refreshing native plugins compatible for Editor in 2.38 ms, found 2 plugins.
Native extension for WindowsStandalone target not found
ScheduleIndexationOnStartup MainProcess:False IndexOnStartup:True
Scripting: successfully reloaded assembly
- Finished resetting the current domain, in  0.504 seconds
Domain Reload Profiling: 1289ms
	BeginReloadAssembly (334ms)
		DisableScriptedObjects (35ms)
		CreateAndSetChildDomain (58ms)
	RebuildCommonClasses (12ms)
	RebuildNativeTypeToScriptingClass (19ms)
	initialDomainReloadingComplete (94ms)
	LoadAllAssembliesAndSetupDomain (324ms)
		LoadAssemblies (284ms)
		TypeCache.Refresh (4ms)
		AnalyzeDomain (1ms)
	FinalizeReload (506ms)
		SetupLoadedEditorAssemblies (0ms)
			BeforeProcessingInitializeOnLoad (112ms)
			ProcessInitializeOnLoadAttributes (72ms)
			ProcessInitializeOnLoadMethodAttributes (44ms)
			AfterProcessingInitializeOnLoad (16ms)
		AwakeInstancesAfterBackupRestoration (36ms)

Asset Pipeline Refresh (id=2fec68ab777c6b54eb8e9764dd3fe619): Total: 11.961 seconds - Initiated by InitialRefreshV2(ForceSynchronousImport)
	(Values over 0.05ms)
	Summary:
		Imports: total=0 (actual=0, local cache=0, cache server=0)
		Asset DB Process Time: managed=0 ms, native=9466 ms
		Asset DB Callback time: managed=0 ms, native=35 ms
		Scripting: domain reloads=1, domain reload time=891 ms, compile time=1475 ms, other=91 ms
		Project Asset Count: scripts=1232, non-scripts=2237
		Asset File Changes: new=0, changed=0, moved=0, deleted=0
		Scan Filter Count: 0
	InvokePackagesCallback: 39.465ms
	ApplyChangesToAssetFolders: 1.012ms
	Scan: 171.226ms
	Collect global state as custom dependencies: 22.498ms
	CategorizeScriptCompilationAssets: 46.799ms
	ProcessAssetsWithTransientArtifactChanges: 40.606ms
	CategorizeAssets: 54.721ms
	CompileScripts: 1475.227ms
	ImportOutOfDateAssets: 513.233ms (512.644ms without children)
		UnloadImportedAssets: 0.123ms
		EnsureUptoDateAssetsAreRegisteredWithGuidPM: 0.451ms
	UnloadStreamsBegin: 2.009ms
	PersistCurrentRevisions: 0.999ms
	GenerateScriptTypeHashes: 2.135ms
	GenerateScriptTypeSerializationHashes: 4.040ms
	Untracked: 9555.936ms

Application.AssetDatabase Initial Refresh End
Launched and connected shader compiler UnityShaderCompiler.exe after 0.03 seconds
Shader 'Hidden/Universal Render Pipeline/FallbackError': fallback shader 'Hidden/Core/FallbackError' not found
Shader 'Hidden/Universal/HDRDebugView': fallback shader 'Hidden/Core/FallbackError' not found
Scanning for USB devices : 53.935ms
Initializing Unity extensions:
[MODES] ModeService[none].Initialize
[MODES] ModeService[none].LoadModes
[MODES] Loading mode Default (0) for mode-current-id-akira_un
[MODES] ModeService[default].ChangeMode(safe_mode)
[MODES] ModeService[safe_mode].RaiseModeChanged(default, safe_mode)
[MODES] ModeService[safe_mode].OnModeChangeUpdate
<RI> Initializing input.
Using Windows.Gaming.Input
[Project] Loading completed in 17.959 seconds
	Project init time: 				17.096 seconds
		Template init time: 		0.000 seconds
		Package Manager init time: 		0.353 seconds
		Asset Database init time: 		0.568 seconds
		Global illumination init time: 	0.005 seconds
		Assemblies load time: 			1.702 seconds
		Unity extensions init time: 	0.032 seconds
		Asset Database refresh time: 	11.961 seconds
	Scene opening time: 			0.507 seconds
##utp:{"type":"ProjectInfo","version":2,"phase":"Immediate","time":1791519899669,"processId":28456,"projectLoad":17.9593965,"projectInit":17.0958719,"templateInit":0.0,"packageManagerInit":0.3526753,"assetDatabaseInit":0.5679941,"globalIlluminationInit":0.0047752,"assembliesLoad":1.7018234,"unityExtensionsInit":0.0316376,"assetDatabaseRefresh":11.9609345,"sceneOpening":0.5074565}
##utp:{"type":"EditorInfo","version":2,"phase":"Immediate","time":1791519899669,"processId":28456,"editorVersion":"6000.6.4f1 (12bfff696524)","branch":"6000.6/staging","buildType":"Release","platform":"Windows"}
Asset Pipeline Refresh (id=5ddbc707c9c08c34ca5ed8f18b2af6ce): Total: 0.061 seconds - Initiated by RefreshV2(AllowForceSynchronousImport)
Request Asset Garbage Collect because used heap size increased from 2.2 MB to 409.5 MB, exceeding the threshold of 256.0 MB.
Created GICache directory at C:/Users/rotte/AppData/LocalLow/Unity/Caches/GiCache. Took: 0.037s, timestamps: [18.654 - 18.691]
Unloading 1 Unused Serialized files (Serialized files now loaded: 0)
Unloading 6057 unused Assets / (28.4 MB). Loaded Objects now: 7534.
Memory consumption went from 406.3 MB to 377.9 MB.
Total: 16.933300 ms (FindLiveObjects: 0.749000 ms CreateObjectMapping: 0.639900 ms MarkObjects: 8.956800 ms  DeleteObjects: 6.279900 ms)

[Licensing::Client] Successfully resolved entitlement details
[Licensing::Client] Successfully resolved entitlement details
[Licensing::Client] Successfully updated the access token
[Licensing::Module] Successfully updated access token: "ZF_yWHHT"... (expires: 2026-10-09T05:37:18Z)
UPID Received '461bd399-790a-4f30-b5e3-6313fd191ca2'.
[Licensing::Client] Successfully resolved entitlement details
Asset Pipeline Refresh (id=3c7d9534cdf0e16409f62a35a1c9e9f9): Total: 0.007 seconds - Initiated by RefreshV2(AllowForceSynchronousImport)
TrimDiskCacheJob: Current cache size 0mb
Asset Pipeline Refresh (id=2fd2affe465187941aa094d03a98b4c0): Total: 0.007 seconds - Initiated by RefreshV2(AllowForceSynchronousImport)
MonoPathRemapper: Attempts to remap: 12365; Successful remaps: 0
Serialized file version minimum: 23, current 23
Starting new worker id: 0 with log in C:/Users/rotte/OneDrive/MS_After100Years/akira_un/Logs/AssetImportWorkerHW0.log
Input System module state changed to: ShutdownInProgress.
Input Polling Thread exited.
Input System module state changed to: Shutdown.
[Physics::Module] Cleanup current backend.
[Physics::Module] Id: 0xf2b8ea05
[Licensing::IpcConnector] LicenseClient-rotte-notifications channel disconnected successfully.
[Licensing::IpcConnector] LicenseClient-rotte channel disconnected successfully.
Unity Data Store service was successfully shut down
UDS shutting down local client system
Shut down UDS service system complete
AcceleratorClientConnectionCallback - disconnected - :0
Cleanup mono
CodeReloadManager destroyed
abort_threads: Failed aborting id: 000000000000B750, mono_thread_manage will ignore it

abort_threads: Failed aborting id: 000000000000AEB4, mono_thread_manage will ignore it

abort_threads: Failed aborting id: 000000000000B750, mono_thread_manage will ignore it

abort_threads: Failed aborting id: 000000000000AEB4, mono_thread_manage will ignore it

debugger-agent: Unable to listen on 4320
VBCSCompilerPreWarmer: requested VBCSCompiler shutdown
Checking for leaked weakptr:
  Found no leaked weakptrs.
[Package Manager] Server process was shutdown
##utp:{"type":"MemoryLeaks","version":2,"phase":"Immediate","time":1791519948548,"processId":28456,"allocatedMemory":15544643,"memoryLabels":[{"Default":172696},{"Permanent":15516},{"NewDelete":68173},{"Thread":4197984},{"Manager":34013},{"VertexData":8},{"Geometry":816},{"Texture":24},{"Shader":1002464},{"Material":132},{"GfxDevice":55968},{"Animation":952},{"Audio":1272},{"FreeType":8},{"FontEngine":736},{"Physics":1970},{"Physics2D":16},{"Serialization":16832},{"Input":45280},{"JobScheduler":256},{"TextLib":8470},{"Mono":48},{"ScriptingNativeRuntime":1161920},{"BaseObject":48720},{"Resource":1444},{"Renderer":2504},{"Transform":4685},{"File":4416},{"WebCam":616},{"Culling":32},{"Terrain":11442},{"Wind":24},{"STL":40},{"String":790553},{"StaticString":3808},{"Utility":2674950},{"Curl":48},{"PoolAlloc":2168},{"AI":80},{"TypeTree":14869},{"ScriptManager":12656},{"CodeReload":448},{"RuntimeInitializeOnLoadManager":64},{"Sprites":102},{"SpriteAtlas":120},{"GI":7816},{"Director":8296},{"CloudService":7296},{"WebRequest":10233},{"VR":49650},{"SceneManager":608},{"Video":208},{"LazyScriptCache":32},{"Camera":729},{"Secure":265},{"SerializationCache":9256},{"APIUpdating":10320},{"Subsystems":336},{"VirtualTexturing":57888},{"StaticSafetyDebugInfo":278528},{"Analytics":768},{"Hierarchy":1188},{"UIElements":40},{"CoreStats":14456},{"Identifiers":7152},{"Gui":559},{"EditorUtility":106874},{"VersionControl":8},{"Undo":931},{"AssetDatabase":4545518},{"AssetImporter":40},{"EditorGi":328},{"UnityConnect":36882},{"Upm":1988},{"UpmDiagnostics":8},{"AssetCompliance":96},{"DrivenProperties":72},{"LocalIPC":260},{"ProfilerEditor":9746},{"CoreBusinessMetrics":3600},{"Windowing":456},{"Licensing":12805},{"AssetReference":32},{"IPCStream":32}]}
